node_id,betweenness_centrality,in_degree,out_degree,clustering_coefficient,delayed_trips,avg_delay_factor,node_name,sla_breach_score,emb_0,emb_1,emb_2,emb_3,emb_4,emb_5,emb_6,emb_7,emb_8,emb_9,emb_10,emb_11,emb_12,emb_13,emb_14,emb_15
IND388121AAA,0.0004053738488258,1,1,0.5,54.0,1.3923076923076922,Anand_VUNagar_DC (Gujarat),0.0218901878365953,-0.0016339014750700385,-0.002201564827648637,0.0014748078637695095,-0.0021592702293548,-0.0010393942060213975,0.001169326187897557,0.0005908324820179157,0.0021835098117719874,0.0010899756375811634,0.00020037299858046564,0.00041507505737634244,-0.0010942842252770779,-0.0015609619098327972,0.0010478331427923784,-0.002791382801247345,-0.0036781876280176833
IND388620AAB,0.0004031846111184,1,1,0.5,69.0,1.75,Khambhat_MotvdDPP_D (Gujarat),0.0278197381671701,-0.0016339014750700457,-0.0022015648276486307,0.0014748078637695065,-0.0021592702293548025,-0.0010393942060213978,0.0011693261878975563,0.0005908324820179094,0.0021835098117719957,0.0010899756375811614,0.0002003729985804695,0.000415075057376349,-0.0010942842252770727,-0.0015623681043481943,0.0010492544034157918,-0.0027954184878993377,-0.0036842087663909503
IND421302AAG,0.0696252368382474,29,29,0.0591299019607843,9085.0,2.158751220100741,Bhiwandi_Mankoli_HB (Maharashtra),632.5452766754784,-0.0016339014750702276,-0.002201564827647977,0.0014748078637692814,-0.0021592702293547292,-0.0010393942060210693,0.0011693261878977707,0.0005908324820179883,0.0021835098117719844,0.0010899756375817658,0.00020037299857969532,0.0004150750573756007,-0.0010942842252772485,-0.0012232272126370275,0.001171415368589704,-0.0008974483702600442,-0.003673848669789204
IND400011AAA,0.0008078287140417,2,2,0.0,131.0,3.191233766233766,LowerParel_CP (Maharashtra),0.1058255615394719,-0.001633901475070205,-0.0022015648276479133,0.0014748078637692732,-0.002159270229354758,-0.0010393942060210573,0.001169326187897768,0.0005908324820179529,0.002183509811771962,0.001089975637581764,0.0002003729985797106,0.0004150750573754703,-0.0010942842252771924,-0.0011878624308545205,0.001469965047862775,-0.0009321587929869941,-0.00406568962361489
IND562132AAA,0.1249428383249182,36,35,0.0548112058465286,9837.0,1.6068346614266025,Bangalore_Nelmngla_H (Karnataka),1229.0627006022212,-0.0016339014750703473,-0.0022015648276479997,0.0014748078637691958,-0.00215927022935476,-0.0010393942060209472,0.0011693261878978171,0.0005908324820182157,0.002183509811772033,0.0010899756375812386,0.00020037299857927448,0.00041507505737573214,-0.0010942842252768992,0.0018876965062379755,0.00492707383277638,0.0010486688429953075,-0.0021162094791208107
IND560099AAB,0.0034754774101943,11,18,0.1473551637279597,1649.0,1.5446806402327071,Bengaluru_Bomsndra_HB (Karnataka),5.731062249410468,-0.0016339014750703356,-0.0022015648276481293,0.0014748078637692517,-0.0021592702293546442,-0.001039394206020946,0.0011693261878978078,0.000590832482018204,0.0021835098117720295,0.0010899756375811946,0.00020037299857912267,0.00041507505737565717,-0.0010942842252770544,0.0017900435180868458,0.00687708806296602,0.001937570407391736,-0.001559258390778923
IND141003AAB,0.0,0,3,0.5,50.0,1.6947274947274948,Ludhiana_GillChwk_DC (Punjab),0.0,-0.001633901475070403,-0.002201564827648361,0.0014748078637690067,-0.0021592702293551313,-0.001039394206020924,0.0011693261878977723,0.0005908324820180945,0.002183509811772077,0.0010899756375823812,0.00020037299858055452,0.00041507505737639594,-0.0010942842252762738,-0.0019403331655839036,0.0005273344658413254,-0.004018335394402506,-0.003974733793240345
IND142026AAA,0.0,1,2,0.5,21.0,1.634126984126984,Jagraon_DC (Punjab),0.0,-0.0016339014750703994,-0.002201564827648352,0.0014748078637690034,-0.0021592702293551317,-0.0010393942060209238,0.001169326187897777,0.0005908324820180922,0.002183509811772076,0.001089975637582373,0.00020037299858056116,0.00041507505737638434,-0.0010942842252762812,-0.0019407260628591383,0.0005274953194353032,-0.004019642013804281,-0.00397619747679276
IND141109AAA,0.0,2,1,0.5,0.0,0.0,Raikot_DC (Punjab),0.0,-0.0016339014750704104,-0.002201564827648375,0.0014748078637690026,-0.0021592702293551295,-0.001039394206020922,0.001169326187897773,0.0005908324820180928,0.002183509811772083,0.001089975637582386,0.0002003729985805613,0.0004150750573763896,-0.0010942842252762762,-0.0019425700057690012,0.0005282499053241444,-0.004025771014095523,-0.003983061959330866
IND362001AAA,4.050089758746005e-05,3,4,0.0238095238095238,202.0,1.6845975783475782,Junagadh_DPC (Gujarat),0.0081811813126669,-0.005311017640626093,-0.013135942306193742,0.015167636239420456,0.011361124035081169,-0.00999420636016355,-0.0032338861268211712,0.015297544700170569,0.018281187030060563,-0.009668263821182773,0.013187906197033073,-0.008471403499950231,0.013471385511354567,2.7767502646519767e-16,7.850610042595903e-16,-1.9657550280543644e-15,1.9975248062855464e-15
IND362265AAA,1.6419282805727048e-05,3,1,0.1666666666666666,78.0,2.25,Veraval_DC (Gujarat),0.0012807040588467,-0.005311017640626089,-0.013135942306193691,0.015167636239420428,0.01136112403508116,-0.009994206360163552,-0.0032338861268211643,0.015297544700170517,0.018281187030060465,-0.009668263821182795,0.01318790619703304,-0.00847140349995021,0.0134713855113545,3.1929997296304926e-16,7.746467846402831e-16,-1.9640234761468046e-15,1.9864770061363782e-15
IND362720AAA,1.6419282805727048e-05,1,1,0.0,69.0,2.0,Kodinar_NCplxDPP_D (Gujarat),0.0011329305135951,-0.005311017640626102,-0.013135942306193745,0.015167636239420433,0.011361124035081162,-0.009994206360163547,-0.003233886126821171,0.015297544700170501,0.01828118703006046,-0.009668263821182787,0.013187906197033023,-0.008471403499950233,0.013471385511354503,3.083945479798191e-16,7.743576923419281e-16,-1.97239275289267e-15,1.9791244687728496e-15
IND362560AAA,1.6419282805727048e-05,1,1,0.0,65.0,1.588235294117647,Una_Mamlatdr_DC (Gujarat),0.0010672533823722,-0.005311017640626099,-0.013135942306193752,0.015167636239420433,0.01136112403508116,-0.009994206360163545,-0.0032338861268211673,0.015297544700170545,0.018281187030060504,-0.009668263821182813,0.013187906197033014,-0.00847140349995017,0.01347138551135453,2.941590033362404e-16,7.493346460415838e-16,-1.9890679513624442e-15,1.983573288513377e-15
IND362150AAA,1.6419282805727048e-05,1,1,0.0,57.0,1.5333333333333334,Talala_SsnRdDPP_D (Gujarat),0.0009358991199264,-0.005311017640626097,-0.013135942306193723,0.01516763623942043,0.011361124035081157,-0.009994206360163536,-0.0032338861268211743,0.01529754470017053,0.018281187030060528,-0.00966826382118277,0.013187906197033075,-0.008471403499950222,0.01347138551135452,2.817796620434325e-16,7.655951888792469e-16,-1.9646758229527065e-15,1.985294609700336e-15
IND131028AAB,0.0478369026019626,20,20,0.0343709468223086,922.0,2.019287856453702,Sonipat_Kundli_H (Haryana),44.10562419900957,-0.0016339014750702612,-0.0022015648276477256,0.001474807863769504,-0.0021592702293542435,-0.0010393942060210849,0.001169326187897775,0.0005908324820180416,0.002183509811772006,0.0010899756375819137,0.00020037299858047922,0.00041507505737842183,-0.0010942842252758917,-0.00246474210621933,-0.0008292310902538149,-0.004365931260401714,-0.0029525794156899745
IND247667AAB,0.0,1,1,1.0,4.0,2.4642857142857144,Roorkee_IOTCEncl_L (Uttarakhand),0.0,-0.0016339014750703018,-0.002201564827647563,0.0014748078637696086,-0.0021592702293540774,-0.0010393942060211248,0.001169326187897774,0.0005908324820179795,0.002183509811772041,0.0010899756375820277,0.00020037299858059748,0.00041507505737881464,-0.0010942842252756803,-0.0025806430474954157,-0.0008902050568358316,-0.004710732811129275,-0.0032209976472824427
IND249407AAA,0.004033305602989,5,3,0.08,170.0,1.9077120012603883,Haridwar (Uttarakhand),0.6856619525081367,-0.0016339014750703458,-0.0022015648276474693,0.0014748078637696678,-0.0021592702293539803,-0.0010393942060211393,0.0011693261878977824,0.000590832482017946,0.002183509811772064,0.0010899756375820954,0.00020037299858067048,0.0004150750573790433,-0.0010942842252755606,-0.002644974906503407,-0.0009241858748674311,-0.004903043305911784,-0.0033709604706551534
IND600056AAB,0.0421461958306008,18,18,0.039708265802269,1678.0,1.7769073592795712,MAA_Poonamallee_HB (Tamil Nadu),70.7213166037482,-0.0016339014750701743,-0.0022015648276488393,0.0014748078637696112,-0.0021592702293539738,-0.0010393942060210042,0.001169326187897762,0.0005908324820181469,0.0021835098117719176,0.001089975637580817,0.00020037299857917495,0.0004150750573759878,-0.001094284225277385,0.00036794544065962164,0.00466026873462178,0.00045359500909391914,-0.003775929322380544
IND000000ACA,0.0080600434928557,13,9,0.08,464.0,1.7680083740648755,Ludhiana_MilrGanj_HB (Punjab),3.7398601806850857,-0.0016339014750704063,-0.0022015648276483566,0.001474807863769019,-0.002159270229355105,-0.0010393942060209326,0.0011693261878977753,0.000590832482018087,0.002183509811772079,0.0010899756375823627,0.00020037299858053061,0.00041507505737639296,-0.001094284225276304,-0.0019201011445956118,0.000519068714312085,-0.003951219938129244,-0.0038996165311272857
IND144001AAB,0.0036304858648218,5,5,0.2073170731707317,174.0,2.3091798082869515,Jalandhar_DPC (Punjab),0.6317045404790053,-0.001633901475070391,-0.0022015648276483106,0.001474807863769053,-0.002159270229355049,-0.0010393942060209292,0.0011693261878977822,0.0005908324820180844,0.0021835098117720716,0.0010899756375822947,0.00020037299858047494,0.0004150750573764043,-0.0010942842252763545,-0.0018839849821315053,0.0005041914272954555,-0.0038302197520700032,-0.003763700467347302
IND122004AAA,0.0,0,2,0.0,175.0,1.4871392496392497,Gurgaon_Begumpur_CP (Haryana),0.0,-0.0016339014750701853,-0.0022015648276480977,0.0014748078637693515,-0.0021592702293545857,-0.0010393942060210517,0.0011693261878977636,0.0005908324820180251,0.002183509811771961,0.0010899756375816498,0.00020037299857927687,0.00041507505737578077,-0.001094284225277558,-0.0019690779244108257,-0.0006368289511365858,-0.003104924788838842,-0.0013719344076449508
IND302014AAA,0.0404896399490214,10,8,0.06,791.0,1.6806514950477798,Jaipur_Hub (Rajasthan),32.027305199675965,-0.0016339014750703202,-0.0022015648276480105,0.0014748078637692316,-0.0021592702293546993,-0.0010393942060209695,0.0011693261878978104,0.0005908324820182193,0.0021835098117720135,0.001089975637579669,0.00020037299857982848,0.00041507505737649905,-0.0010942842252758993,-0.0012937247869847651,0.0015159032521214894,-0.003351122641471522,-0.003745720512678096
IND305001AAC,0.0100413036180801,5,4,0.0857142857142857,186.0,1.929552881758764,Ajmer_FoySGRRD_I (Rajasthan),1.8676824729629145,-0.0016339014750703577,-0.002201564827648168,0.0014748078637691832,-0.002159270229354761,-0.0010393942060209355,0.0011693261878977816,0.0005908324820182568,0.002183509811772037,0.00108997563757849,0.00020037299858011404,0.00041507505737645113,-0.0010942842252748108,-0.0015199722535060322,0.0018935814808917096,-0.004278987730901678,-0.005060309855821081
IND306401AAB,0.0118799896376081,3,4,0.1578947368421052,622.0,1.7363381716322892,Pali_Nayagaon_I (Rajasthan),7.389353554592291,-0.0016339014750703128,-0.0022015648276481822,0.0014748078637692372,-0.002159270229354748,-0.0010393942060210114,0.0011693261878977712,0.0005908324820182301,0.002183509811772026,0.0010899756375791323,0.00020037299858010403,0.0004150750573765561,-0.0010942842252754004,-0.0014527598883169594,0.0017074615843405369,-0.0038449102050009303,-0.004540945808992541
IND342005AAD,0.0052417648174905,2,4,0.1,69.0,1.85687149859944,Jodhpur_Basni_I (Rajasthan),0.3616817724068479,-0.0016339014750703339,-0.002201564827648081,0.001474807863769223,-0.002159270229354727,-0.0010393942060209712,0.0011693261878978078,0.0005908324820182391,0.0021835098117720265,0.0010899756375791032,0.00020037299858001667,0.0004150750573766271,-0.0010942842252753921,-0.0014282193542579152,0.0017186978305069325,-0.003851275714776234,-0.004465963466171446
IND342601AAA,0.0,1,2,0.3333333333333333,18.0,1.8815476190476188,Piparcity_BsstdDPP_D (Rajasthan),0.0,-0.0016339014750703384,-0.0022015648276480573,0.0014748078637692257,-0.0021592702293547154,-0.0010393942060209704,0.0011693261878978137,0.0005908324820182359,0.002183509811772027,0.001089975637579214,0.00020037299857998456,0.0004150750573766222,-0.00109428422527547,-0.0014021663282799705,0.0016828942450689069,-0.00376111452552449,-0.004328970178098181
IND342902A1B,0.0014033013704628,2,1,0.1666666666666666,90.0,2.0,Unknown_Source,0.1262971233416524,-0.001633901475070331,-0.002201564827648049,0.0014748078637692264,-0.0021592702293547115,-0.0010393942060209684,0.0011693261878978109,0.0005908324820182315,0.0021835098117720174,0.0010899756375793112,0.00020037299857995027,0.0004150750573765859,-0.0010942842252755652,-0.0013786711529119842,0.0016467738302924978,-0.003672354865175129,-0.004202418938017691
IND000000ACK,0.0,0,1,0.0,94.0,2.3166666666666664,Hyderabad_Chikdply_C (Telangana),0.0,-0.015867236464820515,-0.013240636908228125,0.01625326755360254,-0.004056401632179573,-0.027869621033327963,0.0036340893228708157,-0.024377368418033018,0.01828193679819878,0.005852617274755308,0.02754763537878114,-0.004040437786787322,-0.004950219560705932,1.3846961538342337e-15,1.4930342708015617e-15,8.080620595406926e-16,1.796200008231497e-15
IND462022AAA,0.0296377118080324,13,9,0.0550660792951541,1450.0,1.994942948546268,Bhopal_Trnsport_H (Madhya Pradesh),42.97468212164712,-0.0016339014750702625,-0.0022015648276480504,0.0014748078637692732,-0.002159270229354686,-0.001039394206021023,0.0011693261878977872,0.000590832482018018,0.0021835098117719857,0.0010899756375818126,0.00020037299857978411,0.00041507505737551677,-0.0010942842252788271,-0.001100985507366792,0.001462068552676873,-0.0027139710567408767,-0.0005888583099234182
IND209304AAA,0.0403593894432334,16,13,0.0288220551378446,1513.0,1.879137675302368,Kanpur_Central_H_6 (Uttar Pradesh),61.06375622761218,-0.0016339014750701864,-0.0022015648276480556,0.0014748078637693213,-0.0021592702293546026,-0.0010393942060210417,0.0011693261878977798,0.0005908324820180144,0.0021835098117719497,0.0010899756375815596,0.0002003729985795428,0.0004150750573753331,-0.0010942842252802843,-0.0029155576773070365,-0.003294705721958773,-0.00714669375685225,0.00932248288336373
IND206122AAA,0.0004053738488258,1,1,0.0,58.0,1.4330357142857144,Auraiya_AryaNagr_D (Uttar Pradesh),0.0235116832318986,-0.0016339014750701795,-0.0022015648276480703,0.0014748078637693324,-0.0021592702293545983,-0.001039394206021045,0.001169326187897776,0.0005908324820180303,0.0021835098117719506,0.001089975637581585,0.00020037299857946243,0.0004150750573754675,-0.0010942842252794297,-0.0026211776642347333,-0.002452310288640166,-0.005884594874663327,0.005917995863467602
IND206001AAA,0.0004031846111184,1,1,0.0,257.0,1.36,Etawah_MhraChng_D (Uttar Pradesh),0.103618445057431,-0.0016339014750701823,-0.002201564827648083,0.0014748078637693426,-0.002159270229354586,-0.001039394206021052,0.00116932618789777,0.0005908324820180348,0.002183509811771955,0.0010899756375816166,0.00020037299857937832,0.00041507505737561613,-0.001094284225278527,-0.0023030176991077657,-0.0015730642708335432,-0.00453537349668952,0.0023987049516583556
IND000000ACB,0.2202276862799696,45,49,0.0265099124020285,22419.0,1.6664238175459112,Gurgaon_Bilaspur_HB (Haryana),4937.28449871064,-0.001633901475070192,-0.0022015648276480916,0.0014748078637693482,-0.0021592702293545926,-0.0010393942060210578,0.001169326187897767,0.0005908324820180322,0.0021835098117719623,0.0010899756375816361,0.00020037299857928763,0.000415075057375784,-0.0010942842252775592,-0.0019485082548822497,-0.0006268235725158078,-0.003052939100343189,-0.0013459381491919345
IND382430AAB,0.0316951913933229,17,13,0.0291375291375291,1733.0,1.7994797592477831,Ahmedabad_East_H_1 (Gujarat),54.92776668462864,-0.001633901475070032,-0.0022015648276487118,0.0014748078637695078,-0.0021592702293548234,-0.0010393942060214158,0.0011693261878975435,0.0005908324820179182,0.0021835098117719953,0.0010899756375809865,0.0002003729985806157,0.00041507505737641915,-0.0010942842252769816,-0.0015469579603296902,0.0011655291039149856,-0.0027583186547739816,-0.003968031533828602
IND395023AAA,0.0136669317292585,8,8,0.1521739130434782,2187.0,2.015128420772496,Surat_HUB (Gujarat),29.889579691888397,-0.0016339014750702144,-0.002201564827648111,0.0014748078637693068,-0.0021592702293547605,-0.0010393942060211154,0.0011693261878977321,0.0005908324820180314,0.002183509811771991,0.0010899756375814334,0.00020037299857978495,0.00041507505737586593,-0.0010942842252770649,-0.0007373246361201181,0.0018551407926875028,-0.0012262511275156914,-0.003116083541642391
IND431603AAA,0.0048425938088357,4,4,0.074074074074074,92.0,2.6017740429505136,Nanded_Aswningr_I (Maharashtra),0.4455186304128902,-0.0016339014750703072,-0.0022015648276476627,0.0014748078637691429,-0.002159270229354952,-0.0010393942060209864,0.0011693261878978306,0.0005908324820179581,0.002183509811771995,0.001089975637581294,0.00020037299857952724,0.0004150750573756121,-0.0010942842252766466,-0.00028020217418605996,0.003447782585597949,-0.0005433217341912595,-0.004441149706619462
IND431708AAA,0.0032181794299225,1,1,0.0,32.0,1.9375,Loha_SivjiCWK_D (Maharashtra),0.10298174175752,-0.0016339014750703113,-0.0022015648276476566,0.0014748078637691414,-0.0021592702293549517,-0.0010393942060209895,0.0011693261878978254,0.0005908324820179815,0.0021835098117719874,0.0010899756375812911,0.00020037299857950897,0.000415075057375573,-0.0010942842252766607,-0.00027964019541555814,0.003436578259986671,-0.0005414132918508687,-0.004422959915777068
IND431514AAA,0.003215990192215,1,1,0.0,32.0,2.117647058823529,Gangakher_Busstand_D (Maharashtra),0.1029116861508822,-0.0016339014750703096,-0.002201564827647699,0.0014748078637691479,-0.0021592702293549253,-0.001039394206020983,0.001169326187897813,0.0005908324820179856,0.002183509811771993,0.0010899756375813,0.00020037299857953133,0.00041507505737562833,-0.0010942842252766862,-0.0002767713030338734,0.003382747984529774,-0.0005323487950861817,-0.004338617157100699
IND431515AAA,0.0032138009545076,1,1,0.0,14.0,2.933333333333333,Parli_JirgeNgr_D (Maharashtra),0.0449932133631069,-0.0016339014750703013,-0.0022015648276477403,0.0014748078637691567,-0.002159270229354904,-0.0010393942060209947,0.001169326187897812,0.0005908324820180072,0.0021835098117719905,0.001089975637581299,0.00020037299857950967,0.00041507505737557287,-0.0010942842252767418,-0.000271987863481023,0.0032938423867418165,-0.0005174059117207234,-0.004200133382091663
IND431517AAB,0.0032116117168002,1,1,0.0,152.0,2.2857142857142856,Ambajogai_BnsllNgr_D (Maharashtra),0.488164980953632,-0.001633901475070295,-0.0022015648276477854,0.0014748078637691726,-0.0021592702293548836,-0.0010393942060209905,0.0011693261878978074,0.0005908324820180246,0.0021835098117719883,0.001089975637581318,0.00020037299857953215,0.00041507505737561933,-0.0010942842252767977,-0.00026662708798171037,0.0031949385108335057,-0.0005008068089980116,-0.00404678236150533
IND400064AAB,0.0,0,2,0.0,36.0,2.953379953379953,Mumbai_MaladWest_CP (Maharashtra),0.0,-0.0016339014750702118,-0.0022015648276479233,0.0014748078637692706,-0.0021592702293547553,-0.0010393942060210632,0.0011693261878977699,0.0005908324820179543,0.0021835098117719623,0.0010899756375817539,0.00020037299857971218,0.00041507505737548223,-0.0010942842252771924,-0.0011857368913746021,0.001456379220865403,-0.0009273861094325832,-0.004036261821933627
IND560048AAB,0.0008070989681392,4,2,0.6153846153846154,103.0,1.861904761904762,Bengaluru_Hoodi_IP (Karnataka),0.0831311937183472,-0.001633901475070347,-0.0022015648276480617,0.0014748078637692194,-0.0021592702293547067,-0.0010393942060209391,0.0011693261878978106,0.0005908324820182116,0.0021835098117720425,0.0010899756375811868,0.00020037299857917645,0.00041507505737568677,-0.0010942842252768773,0.001892317267047267,0.006080194745464935,0.0015286346352645552,-0.001950838807015033
IND127201AAA,0.0012106484522089,1,1,0.0,8.0,1.7901785714285714,Loharu_BstndDPP_D (Haryana),0.0096851876176715,-0.0016339014750701788,-0.002201564827648096,0.0014748078637693578,-0.0021592702293545775,-0.001039394206021037,0.001169326187897765,0.000590832482018028,0.0021835098117719584,0.0010899756375816764,0.00020037299857926866,0.0004150750573757682,-0.0010942842252775601,-0.001982297043540357,-0.0006432839825197934,-0.0031384893519204463,-0.0013887464308802583
IND124141AAA,0.0012084592145015,1,1,0.0,39.0,1.7241379310344829,ChrkhiDdri_PuranDPP_D (Haryana),0.0471299093655589,-0.0016339014750701836,-0.0022015648276480994,0.0014748078637693543,-0.002159270229354582,-0.001039394206021043,0.0011693261878977642,0.0005908324820180266,0.0021835098117719554,0.0010899756375816576,0.00020037299857927757,0.0004150750573757755,-0.0010942842252775582,-0.001973758953194923,-0.000639120938312491,-0.0031168488914985076,-0.001377913826232814
IND401501AAA,0.0,1,1,0.0,51.0,2.072649572649573,Boisar_OstwlEmp_D (Maharashtra),0.0,-0.012558295457260416,-0.013856341219716756,0.019603767901278303,-0.02809967180304054,-0.0015018769524312522,0.009130845715220727,0.02175503121918767,0.033875833798724435,0.01792488139691551,-0.016497155458883538,0.007828636895599317,-0.011992612065437247,-1.4974517167342093e-15,-2.532558210595671e-15,1.2299514260474877e-15,-5.083280260816516e-15
IND401602AAA,0.0,1,1,0.0,31.0,5.620909090909091,Dahanu_KetyDPP_D (Maharashtra),0.0,-0.012558295457260405,-0.013856341219716743,0.019603767901278307,-0.02809967180304056,-0.001501876952431256,0.009130845715220737,0.021755031219187676,0.03387583379872443,0.017924881396915518,-0.01649715545888352,0.00782863689559935,-0.011992612065437249,-1.494185851816854e-15,-2.533855627711755e-15,1.2403307629761587e-15,-5.070306089655677e-15
IND245101AAA,0.0,2,2,1.0,40.0,2.424248120300752,Hapur_Swargash_D (Uttar Pradesh),0.0,-0.0016339014750701992,-0.0022015648276480343,0.001474807863769352,-0.0021592702293545736,-0.0010393942060210552,0.0011693261878977753,0.0005908324820180499,0.0021835098117719697,0.0010899756375820845,0.0002003729985794521,0.0004150750573759781,-0.0010942842252775373,-0.002347140832304849,-0.0013660883146374048,-0.0035354664791686307,-0.0007915336505210365
IND174307AAA,0.0,1,1,0.5,0.0,0.0,Bangana_Bhaleti_D (Himachal Pradesh),0.0,-0.001633901475070371,-0.002201564827648248,0.0014748078637691166,-0.0021592702293549604,-0.001039394206020946,0.001169326187897801,0.0005908324820180854,0.0021835098117720577,0.001089975637582184,0.0002003729985803463,0.0004150750573764146,-0.001094284225276453,-0.0018067971783295258,0.00047270978328998157,-0.003574683624376378,-0.0034779036267783303
IND177033AAA,0.0008078287140417,1,1,0.0,142.0,1.8742690058479528,Nadaun_Ward6_D (Himachal Pradesh),0.1147116773939314,-0.0016339014750703855,-0.0022015648276482703,0.0014748078637691103,-0.002159270229354972,-0.0010393942060209352,0.0011693261878978236,0.0005908324820181675,0.002183509811772073,0.0010899756375822196,0.00020037299858038986,0.00041507505737640917,-0.0010942842252764237,-0.0018347601940591944,0.0004839015686557857,-0.0036651785479337676,-0.003578269062712497
IND344022AAB,0.0016193061575959,1,2,0.3333333333333333,41.0,1.35625,Balotra_BsnoiHPL_D (Rajasthan),0.0663915524614329,-0.0016339014750703501,-0.002201564827648081,0.0014748078637692198,-0.0021592702293547314,-0.0010393942060209582,0.001169326187897822,0.0005908324820182488,0.0021835098117720356,0.0010899756375789423,0.00020037299858004533,0.00041507505737668245,-0.00109428422527521,-0.0014654680412489057,0.0017872199946809971,-0.004015432214797579,-0.0046828949720583895
IND345021AAA,0.0,2,1,0.5,30.0,1.48125,Pokhran_SttinDPP_D (Rajasthan),0.0,-0.001633901475070361,-0.0022015648276480725,0.0014748078637692166,-0.0021592702293547297,-0.0010393942060209485,0.001169326187897833,0.0005908324820182669,0.0021835098117720404,0.0010899756375788228,0.0002003729985800689,0.00041507505737672305,-0.0010942842252751072,-0.001485232796243642,0.001823691894660162,-0.00410286003097446,-0.004798580591137462
IND342301AAA,0.0016105492067662,4,1,0.25,54.0,1.99375,Phalodi_PalikDPP_D (Rajasthan),0.086969657165375,-0.0016339014750703566,-0.002201564827648074,0.0014748078637692172,-0.0021592702293547284,-0.001039394206020956,0.0011693261878978278,0.0005908324820182537,0.0021835098117720356,0.001089975637578885,0.00020037299858005072,0.00041507505737670207,-0.0010942842252751712,-0.0014714009344926448,0.0017981730482079183,-0.004041690480387875,-0.0047176470249370725
IND384205AAA,0.0084500926777296,6,6,0.0546875,77.0,1.59060696928344,Mehsana_Panchot_IP (Gujarat),0.6506571361851803,-0.0016339014750699527,-0.0022015648276491155,0.0014748078637696266,-0.002159270229354925,-0.0010393942060216417,0.0011693261878973989,0.0005908324820177426,0.002183509811772026,0.0010899756375808661,0.00020037299858117902,0.00041507505737678805,-0.001094284225277005,-0.0016636323331397002,0.0013035440382436225,-0.0031094136297028082,-0.004550458877124598
IND384170AAA,0.0012150269276238,1,1,0.0,17.0,1.2272727272727273,Unjha_DC (Gujarat),0.0206554577696046,-0.0016339014750699358,-0.002201564827649205,0.001474807863769658,-0.0021592702293549452,-0.0010393942060217042,0.0011693261878973494,0.0005908324820176682,0.0021835098117720508,0.0010899756375808303,0.00020037299858135228,0.00041507505737689256,-0.001094284225277018,-0.0016939158632685368,0.0013396486899991714,-0.0032014021485553133,-0.004703564877800901
IND384265AAB,0.0012128376899163,1,2,0.1666666666666666,0.0,0.0,Patan_Central_D_2 (Gujarat),0.0,-0.0016339014750699169,-0.002201564827649263,0.0014748078637696804,-0.0021592702293549634,-0.001039394206021734,0.0011693261878973258,0.0005908324820176269,0.002183509811772034,0.001089975637580813,0.00020037299858143205,0.00041507505737696537,-0.0010942842252770282,-0.0017101538044135805,0.0013590562384165775,-0.003250873479397993,-0.004785991326290542
IND385320AAA,0.0,1,1,0.5,0.0,0.0,Bhabhar_TirupDPP_D (Gujarat),0.0,-0.0016339014750699225,-0.0022015648276492886,0.0014748078637696772,-0.002159270229354962,-0.0010393942060217423,0.0011693261878973262,0.0005908324820176183,0.002183509811772036,0.001089975637580816,0.00020037299858144143,0.00041507505737698185,-0.0010942842252770351,-0.001713979961333254,0.0013636367688678052,-0.0032625533627045015,-0.004805465114081023
IND380054AAA,0.0,1,1,0.0,48.0,1.8944444444444444,AMD_Memnagar (Gujarat),0.0,-0.0016339014750700364,-0.0022015648276487256,0.0014748078637695148,-0.002159270229354828,-0.0010393942060214234,0.0011693261878975372,0.0005908324820178951,0.002183509811771985,0.0010899756375809804,0.00020037299858063302,0.00041507505737643107,-0.0010942842252769686,-0.001553284255900354,0.0011727080581002284,-0.002776428975575291,-0.003997534229860051
IND683511AAA,0.0227688019031773,13,7,0.0213903743315508,352.0,1.399774454717856,Aluva_Peedika_H (Kerala),8.014618269918415,-0.0016339014750702274,-0.0022015648276481206,0.001474807863769267,-0.0021592702293547015,-0.0010393942060210098,0.0011693261878977465,0.0005908324820182846,0.0021835098117721128,0.0010899756375820678,0.00020037299857778154,0.00041507505737445696,-0.0010942842252794098,0.0032394087006546377,0.02740935481505282,0.01297143078628239,0.011090580944295903
IND000000ABA,0.0004053738488258,1,1,0.5,0.0,0.0,Cochin_Chtrpuza_D (Kerala),0.0,-0.0016339014750702246,-0.0022015648276481033,0.0014748078637692617,-0.0021592702293547024,-0.0010393942060209992,0.001169326187897747,0.0005908324820182887,0.0021835098117721154,0.001089975637582061,0.00020037299857775026,0.0004150750573743885,-0.0010942842252794087,0.0032627329831464557,0.027707038206089222,0.013121646117989647,0.011236112536155496
IND411033AAA,0.0432540118304799,23,20,0.0534308211473565,4044.0,1.7331006417909818,Pune_Tathawde_H (Maharashtra),174.91922384246072,-0.001633901475070289,-0.0022015648276478535,0.0014748078637691934,-0.0021592702293548372,-0.0010393942060210031,0.001169326187897804,0.0005908324820180378,0.0021835098117719983,0.0010899756375813315,0.0002003729985795171,0.00041507505737563077,-0.0010942842252768818,-0.00025726788034750566,0.003023353476862843,-0.00047204565276562046,-0.003781787490416471
IND413002AAA,0.0037188757110472,5,5,0.1707317073170731,507.0,1.8375,Solapur_Central_I_2 (Maharashtra),1.8854699855009336,-0.0016339014750702508,-0.0022015648276479585,0.0014748078637692504,-0.002159270229354754,-0.0010393942060210278,0.0011693261878977963,0.000590832482017993,0.002183509811771988,0.0010899756375813083,0.0002003729985796559,0.000415075057375674,-0.0010942842252771286,-0.0006023194251101623,0.0026222989510909234,-0.00033744765105039854,-0.004047010839267985
IND533003AAA,0.0004053738488258,2,2,0.7,63.0,2.167954545454545,Kakinada_DC (Andhra Pradesh),0.0255385524760278,-0.0016339014750701797,-0.0022015648276479125,0.0014748078637692066,-0.002159270229354931,-0.0010393942060211213,0.0011693261878977597,0.0005908324820181201,0.002183509811771981,0.0010899756375804153,0.00020037299857957101,0.00041507505737629213,-0.0010942842252782135,-0.00044174859593361485,0.003953419464138711,0.0006254231555315966,-0.00544511757289702
IND533401AAA,1.824364756191894e-07,1,2,0.8333333333333334,72.0,2.0491156311009253,Tuni_Eaglvari_D (Andhra Pradesh),1.3135426244581637e-05,-0.0016339014750701784,-0.0022015648276479133,0.0014748078637692088,-0.0021592702293549326,-0.0010393942060211235,0.0011693261878977586,0.000590832482018116,0.0021835098117719766,0.0010899756375804149,0.00020037299857957456,0.00041507505737629945,-0.0010942842252782126,-0.00044198361501592503,0.003956585138824886,0.0006259569226249294,-0.005450378512862097
IND854326AAB,0.0189940452734357,8,8,0.1059322033898305,1053.0,2.446265319146511,Purnia_Central_H_2 (Bihar),20.00072967292789,-0.0016339014750702367,-0.002201564827648054,0.0014748078637692875,-0.002159270229354612,-0.0010393942060210218,0.0011693261878977857,0.0005908324820178513,0.0021835098117719866,0.0010899756375813631,0.000200372998573546,0.000415075057373178,-0.0010942842252782696,-0.0036600062762802135,-0.0022253547994337338,-0.013218988207105044,-0.01117766340843724
IND852131AAA,0.0002025044879373,2,2,0.5,18.0,2.9358934971838195,Supaul_SadrHsptl_D (Bihar),0.0036450807828714,-0.001633901475070227,-0.002201564827648053,0.0014748078637692914,-0.0021592702293545857,-0.0010393942060210274,0.0011693261878977837,0.000590832482017816,0.002183509811771978,0.0010899756375813412,0.00020037299857340217,0.00041507505737310897,-0.0010942842252783015,-0.003715447121205647,-0.002276395652669887,-0.013542517868571791,-0.011488150718888339
IND852201AAA,0.0004031846111184,3,3,0.3333333333333333,24.0,3.416224533106961,Saharsa_Gangjala_D (Bihar),0.0096764306668418,-0.0016339014750702259,-0.0022015648276480495,0.0014748078637692918,-0.0021592702293545918,-0.0010393942060210237,0.001169326187897788,0.0005908324820178342,0.002183509811771981,0.0010899756375813445,0.00020037299857336436,0.00041507505737310897,-0.0010942842252783054,-0.0037129915705582757,-0.0022741321993593844,-0.013528167188841662,-0.011474371450203401
IND852113AAA,0.0002025044879373,2,2,0.5,24.0,3.270588235294118,Madhepura_Krishnpr_D (Bihar),0.0048601077104952,-0.0016339014750702374,-0.002201564827648049,0.0014748078637692905,-0.002159270229354615,-0.0010393942060210356,0.001169326187897787,0.0005908324820178319,0.0021835098117719835,0.0010899756375813495,0.0002003729985733879,0.0004150750573731038,-0.0010942842252782952,-0.0037116667841034963,-0.0022729088165259776,-0.013520407953164792,-0.011466915458549918
IND852139AAB,0.0004024548652159,2,1,0.3333333333333333,84.0,2.280048076923077,Triveninganj_Central_D_1 (Bihar),0.0338062086781382,-0.0016339014750702296,-0.0022015648276480482,0.0014748078637692892,-0.0021592702293546213,-0.001039394206021039,0.001169326187897783,0.0005908324820178322,0.0021835098117719857,0.001089975637581344,0.0002003729985733832,0.00041507505737309325,-0.0010942842252782974,-0.0037081193703777313,-0.0022696379392784785,-0.01349966881793687,-0.011446999609664025
IND530012AAA,0.0177987822973373,10,11,0.0295566502463054,711.0,1.9364322931969995,Visakhapatnam_Gajuwaka_IP (Andhra Pradesh),12.654934213406849,-0.0016339014750701762,-0.002201564827647798,0.0014748078637691414,-0.0021592702293551807,-0.0010393942060211744,0.001169326187897722,0.0005908324820182229,0.0021835098117720087,0.0010899756375801542,0.00020037299857935222,0.00041507505737676674,-0.0010942842252787738,-0.0003635394431587213,0.004036766603020865,0.0009246333868200287,-0.005433518685502013
IND531001AAA,0.0004053738488258,2,2,0.5,26.0,5.255681818181818,Anakapalle_Kothuru_D (Andhra Pradesh),0.0105397200694718,-0.0016339014750701825,-0.0022015648276477655,0.0014748078637691364,-0.002159270229355197,-0.001039394206021178,0.001169326187897716,0.0005908324820182305,0.002183509811772011,0.0010899756375801458,0.00020037299857935133,0.0004150750573767876,-0.0010942842252788093,-0.0003654484743337895,0.004068715640750408,0.0009324351977307551,-0.005485450819803384
IND531116AAA,0.0,1,2,1.0,33.0,2.0,Narsiptnm_Wardno8_D (Andhra Pradesh),0.0,-0.001633901475070175,-0.0022015648276477776,0.0014748078637691403,-0.002159270229355199,-0.0010393942060211788,0.001169326187897719,0.0005908324820182363,0.0021835098117720018,0.00108997563758013,0.00020037299857934393,0.0004150750573767917,-0.0010942842252788098,-0.0003658974303726608,0.004076242381623078,0.0009342738231552563,-0.005497698444301575
IND834002AAB,0.0079087428424089,5,7,0.1171875,1074.0,2.3068540909753104,Ranchi_Hub (Jharkhand),8.493989812747223,-0.0016339014750700535,-0.0022015648276480977,0.0014748078637693161,-0.002159270229354657,-0.001039394206021053,0.0011693261878977768,0.0005908324820180348,0.0021835098117718634,0.0010899756375818434,0.0002003729985796025,0.00041507505737546613,-0.0010942842252768539,-0.0025226392284651514,-0.004922768995465159,0.004365949206074565,0.0006005407828370464
IND829122AAA,0.0008103828247004,1,1,0.0,42.0,1.6253869969040249,Ramgarh_HotelPrk_D (Jharkhand),0.0340360786374184,-0.001633901475070065,-0.0022015648276480994,0.0014748078637693276,-0.0021592702293546347,-0.0010393942060210517,0.0011693261878977688,0.0005908324820180315,0.002183509811771877,0.001089975637581814,0.0002003729985795346,0.0004150750573755285,-0.0010942842252770087,-0.002422175195616678,-0.004026882160191772,0.002747191389434993,0.00016499066525352794
IND825301AAA,0.000808193586993,1,1,0.0,42.0,2.653246753246753,Hazaribag_BodomBzr_DC (Jharkhand),0.0339441306537063,-0.0016339014750701075,-0.002201564827648097,0.0014748078637693417,-0.0021592702293546135,-0.0010393942060210497,0.0011693261878977688,0.0005908324820180331,0.002183509811771904,0.00108997563758176,0.00020037299857944283,0.00041507505737562144,-0.00109428422527722,-0.0022596879878089404,-0.0027288197235055315,0.00046520134531901714,-0.0004404224394312166
IND825409AAA,0.0008060043492855,1,1,0.0,614.0,1.58359133126935,JhumriTlya_RadhaCpx_D (Jharkhand),0.4948866704613455,-0.0016339014750701352,-0.002201564827648097,0.0014748078637693474,-0.002159270229354601,-0.001039394206021049,0.0011693261878977673,0.0005908324820180292,0.002183509811771925,0.0010899756375817224,0.00020037299857937884,0.000415075057375689,-0.0010942842252773541,-0.0021477371431564275,-0.0019252979637133566,-0.0009052959557631923,-0.0007975336324088737
IND305901AAA,0.0012106484522089,1,2,0.1666666666666666,23.0,1.7234423374613002,Beawar_DC (Rajasthan),0.0278449144008056,-0.0016339014750703905,-0.002201564827648192,0.0014748078637691715,-0.0021592702293547783,-0.0010393942060209114,0.0011693261878978171,0.000590832482018288,0.0021835098117720373,0.0010899756375780834,0.00020037299858016358,0.00041507505737640077,-0.0010942842252744372,-0.0015807915417870011,0.002010775156594543,-0.004562786811158727,-0.005444752040993493
IND342602AAC,0.0008103828247004,2,2,0.1666666666666666,14.0,1.9923491822579045,Bilara_Central_DPP_2 (Rajasthan),0.0113453595458061,-0.0016339014750704002,-0.002201564827648192,0.0014748078637691663,-0.0021592702293547848,-0.0010393942060209053,0.0011693261878978252,0.0005908324820182863,0.002183509811772044,0.0010899756375780192,0.0002003729985801937,0.0004150750573764139,-0.0010942842252743893,-0.0015903270481819683,0.0020291971292313482,-0.004607420665410809,-0.005505280271238117
IND305624AAA,0.0028208327860239,3,1,0.0,24.0,1.3127705627705626,Bijainagar_Central_DPP_1 (Rajasthan),0.0676999868645737,-0.0016339014750704085,-0.0022015648276482113,0.0014748078637691587,-0.002159270229354791,-0.0010393942060208925,0.0011693261878978406,0.0005908324820182845,0.0021835098117720516,0.001089975637577857,0.0002003729985802006,0.0004150750573763851,-0.0010942842252742355,-0.001616199415055937,0.002079241806506518,-0.004728700973894101,-0.005669833709970817
IND305404AAA,0.0028186435483164,1,2,0.1666666666666666,42.0,1.5159090909090909,Kekri_LxmntDPP_D (Rajasthan),0.118383029029292,-0.0016339014750703857,-0.0022015648276481753,0.0014748078637691756,-0.0021592702293547687,-0.0010393942060209177,0.0011693261878978007,0.0005908324820182763,0.0021835098117720443,0.0010899756375781992,0.0002003729985801674,0.0004150750573764136,-0.001094284225274569,-0.0015619484949451947,0.001974272409433679,-0.0044742984911756885,-0.005324615157178666
IND305601AAC,0.0,1,1,0.5,20.0,1.9411764705882355,Nasirabad_Central_DPP_2 (Rajasthan),0.0,-0.0016339014750703673,-0.002201564827648177,0.0014748078637691778,-0.0021592702293547665,-0.001039394206020927,0.0011693261878977898,0.0005908324820182649,0.0021835098117720365,0.0010899756375783213,0.00020037299858014865,0.00041507505737643395,-0.0010942842252746631,-0.0015426977383208933,0.0019370465233019627,-0.004384088843452149,-0.005202233226022445
IND500039AAC,0.0048382153334209,5,4,0.0147058823529411,78.0,2.5231435231435237,Hyderabad_Uppal_I (Telangana),0.3773807960068304,-0.001633901475070225,-0.002201564827648107,0.0014748078637693083,-0.002159270229354615,-0.0010393942060210218,0.001169326187897798,0.0005908324820179566,0.00218350981177197,0.001089975637580856,0.0002003729985797813,0.00041507505737581714,-0.0010942842252773877,-0.0004571845529063649,0.0034968110143251746,0.0003779289617977153,-0.004763437847582741
IND508116AAA,0.0008103828247004,1,2,0.3333333333333333,3.0,1.2222222222222223,Bhuvanagiri_HBColny_D (Telangana),0.0024311484741013,-0.0016339014750702241,-0.0022015648276481137,0.0014748078637693129,-0.0021592702293546074,-0.001039394206021021,0.0011693261878978043,0.0005908324820179364,0.002183509811771968,0.0010899756375808349,0.00020037299857978569,0.00041507505737582294,-0.001094284225277394,-0.00046267437437360806,0.0035603478509039655,0.0003852556030976409,-0.004868216404132882
IND508277AAB,0.0,1,1,0.5,12.0,1.3798076923076923,Mothkur_Mainroad_D (Telangana),0.0,-0.0016339014750702235,-0.00220156482764811,0.0014748078637693157,-0.0021592702293546056,-0.0010393942060210218,0.001169326187897806,0.0005908324820179297,0.002183509811771968,0.0010899756375808225,0.00020037299857979048,0.0004150750573757974,-0.0010942842252774031,-0.0004648193926698744,0.0035852166198245094,0.0003881242811174805,-0.004909271409254896
IND508223AAA,0.0008060043492855,2,1,0.3333333333333333,68.0,1.6527777777777777,Thirumalagiri_Xroad_D (Telangana),0.0548082957514193,-0.0016339014750702233,-0.0022015648276481085,0.0014748078637693127,-0.0021592702293546035,-0.0010393942060210224,0.0011693261878978041,0.0005908324820179403,0.002183509811771973,0.0010899756375808338,0.000200372998579784,0.0004150750573758133,-0.0010942842252773955,-0.0004631237061768926,0.0035655590318546546,0.0003858567661096505,-0.004876821142727733
IND815353AAA,0.0006375850762097,2,3,0.3888888888888889,36.0,1.6841658885776531,Madhupur_Sitarmrd_D (Jharkhand),0.0229530627435522,-0.0016339014750700216,-0.0022015648276480755,0.0014748078637693298,-0.002159270229354574,-0.0010393942060210354,0.0011693261878977744,0.000590832482018077,0.002183509811771838,0.0010899756375820214,0.00020037299857978276,0.000415075057375443,-0.001094284225277769,-0.0027561723141755656,-0.004480851780337218,0.000850675573890452,0.0032524833140862262
IND507002AAA,0.0046200069742858,5,7,0.1587301587301587,100.0,2.080824368556567,Khammam_NSTRoad_I (Telangana),0.4620006974285853,-0.001633901475070166,-0.0022015648276481636,0.0014748078637693445,-0.0021592702293545107,-0.0010393942060210222,0.0011693261878977933,0.0005908324820178873,0.002183509811771922,0.00108997563758101,0.00020037299857960793,0.00041507505737574466,-0.0010942842252773183,-0.0006228465476191928,0.003194829675895713,-0.00027199226682396465,-0.004550345425723159
IND508206AAA,2.2000970214552225e-05,3,3,0.6666666666666666,38.0,1.8291666666666664,Kodad_VidyaNgr_D (Telangana),0.0008360368681529,-0.001633901475070169,-0.0022015648276481614,0.0014748078637693437,-0.0021592702293545055,-0.0010393942060210228,0.0011693261878977933,0.0005908324820178877,0.002183509811771927,0.0010899756375810107,0.00020037299857960202,0.00041507505737575556,-0.0010942842252773244,-0.0006263251823993674,0.0031863188972931565,-0.00028596386877113324,-0.004542371221994623
IND400072AAB,0.0050969895880739,11,11,0.116591928251121,709.0,2.7510917295402084,Mumbai Hub (Maharashtra),3.6137656179444,-0.0016339014750702025,-0.0022015648276479246,0.0014748078637692684,-0.0021592702293547553,-0.0010393942060210645,0.001169326187897771,0.0005908324820179568,0.002183509811771967,0.0010899756375817359,0.00020037299857970882,0.0004150750573755116,-0.0010942842252771906,-0.001164863475626424,0.0014817109671431067,-0.0009150819922086755,-0.004014500328704795
IND302014AAB,0.0001032590452004,9,12,0.0098039215686274,342.0,2.125099345099345,Jaipur_Central_I_7 (Rajasthan),0.0353145934585577,0.006190213372499572,-0.004692625825373557,0.013342019140760409,-0.0077941799410995,-0.00969203139171743,-0.004497363920442501,0.007607952112082325,-0.008988039169708795,0.01351800460777928,-0.002096211131806201,0.00967621293340647,-0.014774234203030123,-1.1276410460248158e-15,-1.932885065821993e-15,1.6801633935549155e-15,-4.096995937534324e-15
IND781018AAB,0.0445416800045881,17,15,0.0112936344969199,1554.0,1.9286508506676912,Guwahati_Hub (Assam),69.21777072713003,-0.0016339014750696352,-0.0022015648276482213,0.0014748078637693062,-0.002159270229354701,-0.0010393942060210333,0.0011693261878977666,0.0005908324820179613,0.0021835098117715846,0.0010899756375814876,0.0002003729985791735,0.0004150750573744027,-0.0010942842252755324,-0.004140215347558943,-0.015714970612929195,0.019156561640426804,0.004814987252582101
IND363641AAA,0.0,0,2,0.5,25.0,1.4547008547008549,Morbi_DC (Gujarat),0.0,-0.0026207172913472097,-0.005732977362199375,0.0015749039704881654,-0.007026940767721875,0.0017761894079367509,0.0050015723444199935,0.0071639533822935525,0.0035238604002655015,0.0068425355025958125,-0.0035243748347033514,0.0030475756808003985,-0.005262538846736576,-6.743910488205397e-16,-9.722686964703235e-16,5.624106581046955e-16,-1.752321092069422e-15
IND363621AAB,0.0,1,1,0.5,8.0,1.7181818181818185,Wankaner_JivanDPP_D (Gujarat),0.0,-0.0026207172913472066,-0.005732977362199382,0.001574903970488165,-0.007026940767721875,0.0017761894079367517,0.005001572344419992,0.007163953382293555,0.0035238604002655054,0.006842535502595807,-0.003524374834703361,0.0030475756808003903,-0.0052625388467365895,-6.737641513496759e-16,-9.71422094064283e-16,5.626627208105398e-16,-1.7557848139277004e-15
IND560078AAC,0.0,3,2,1.0,73.0,1.9912698412698413,BLR_JPNagar_Pc (Karnataka),0.0,-0.0016339014750703605,-0.002201564827648071,0.00147480786376923,-0.0021592702293547197,-0.0010393942060209418,0.001169326187897831,0.0005908324820182091,0.002183509811772047,0.0010899756375811977,0.00020037299857916292,0.00041507505737566633,-0.0010942842252769228,0.0018679163074440694,0.0061837170832080264,0.0015899309470727432,-0.0018709368459364141
IND560300AAA,0.0056324829361083,4,12,0.2606837606837607,979.0,1.7552078726227334,Bengaluru_KGAirprt_HB (Karnataka),5.514200794450039,-0.0016339014750703792,-0.002201564827648053,0.0014748078637692274,-0.002159270229354702,-0.001039394206020932,0.001169326187897859,0.0005908324820182036,0.002183509811772052,0.0010899756375811623,0.00020037299857917186,0.0004150750573756783,-0.0010942842252768437,0.0019092196022548623,0.006237142088953871,0.0015819306892275664,-0.001972561217128512
IND712311AAA,0.0906594425845083,24,22,0.032258064516129,2612.0,2.4687779292106367,Kolkata_Dankuni_HB (West Bengal),236.80246403073588,-0.0016339014750703044,-0.0022015648276480708,0.0014748078637692634,-0.002159270229354713,-0.0010393942060210116,0.0011693261878978024,0.0005908324820181142,0.0021835098117720286,0.0010899756375822476,0.00020037299857998174,0.00041507505737618263,-0.0010942842252759225,-0.002159280873006382,-0.003978686777312701,0.005782583861043622,-0.0008633084371116178
IND751002AAB,0.0215871003605037,13,6,0.0833333333333333,1469.0,2.613373012150102,Bhubaneshwar_Hub (Orissa),31.71145042958005,-0.0016339014750702907,-0.0022015648276479337,0.0014748078637692292,-0.002159270229354829,-0.0010393942060210359,0.0011693261878977868,0.000590832482018145,0.00218350981177203,0.0010899756375811732,0.00020037299857965528,0.0004150750573761895,-0.0010942842252772446,-0.0006809059709587802,0.001424691558862942,0.001554690788394248,-0.003118155516351185
IND301001AAB,0.003227483690179,5,3,0.173076923076923,72.0,1.826782531194296,Alwar_Central_I_1 (Rajasthan),0.2323788256928937,-0.001633901475070286,-0.0022015648276480135,0.0014748078637692704,-0.002159270229354643,-0.0010393942060209856,0.001169326187897812,0.000590832482018179,0.0021835098117719944,0.0010899756375800677,0.00020037299857969442,0.0004150750573763622,-0.0010942842252762192,-0.0015927278135113858,0.0009188305756267802,-0.00359124270711515,-0.0033397662916281245
IND321001AAB,0.0006071485908606,1,2,0.3333333333333333,12.0,1.3043478260869563,Bharatpur_NraynDPP_D (Rajasthan),0.0072857830903279,-0.0016339014750702881,-0.0022015648276480027,0.001474807863769271,-0.0021592702293546373,-0.0010393942060209823,0.0011693261878978195,0.0005908324820182062,0.002183509811772,0.0010899756375800066,0.0002003729985797048,0.000415075057376381,-0.001094284225276165,-0.00161672054311455,0.0009397978728209468,-0.0036786984094167603,-0.003432091516636041
IND321001AAA,0.000403367047594,2,2,0.3333333333333333,21.0,1.399585921325052,Bharatpur_DC (Rajasthan),0.0084707079994745,-0.0016339014750702868,-0.0022015648276480075,0.0014748078637692712,-0.0021592702293546408,-0.0010393942060209816,0.0011693261878978176,0.0005908324820181916,0.0021835098117719966,0.0010899756375800146,0.00020037299857971578,0.00041507505737639394,-0.0010942842252761624,-0.0016168086254042646,0.0009398705566139601,-0.0036789980490502675,-0.0034323998534014203
IND321408AAB,0.0,0,2,1.0,12.0,2.390831964969896,Weir_BsstdDPP_D (Rajasthan),0.0,-0.001633901475070286,-0.002201564827648005,0.0014748078637692695,-0.0021592702293546373,-0.0010393942060209819,0.0011693261878978197,0.0005908324820181803,0.0021835098117719966,0.0010899756375800076,0.0002003729985797011,0.0004150750573763822,-0.0010942842252761758,-0.0016118385490934701,0.0009355087128928478,-0.003660789401129494,-0.0034131430493274007
IND321606AAA,0.0002028693608885,2,2,0.4,24.0,2.04576323506714,Kherli_GodamDPP_D (Rajasthan),0.0048688646613249,-0.0016339014750702946,-0.0022015648276480083,0.0014748078637692723,-0.002159270229354638,-0.0010393942060209832,0.0011693261878978215,0.0005908324820181771,0.002183509811771997,0.0010899756375800222,0.0002003729985797009,0.0004150750573763848,-0.0010942842252761765,-0.0016125181315758328,0.0009361053514911596,-0.003663280269350507,-0.003415777713758854
IND712310AAE,0.0032586803275099,5,4,0.1323529411764706,153.0,3.249639249639249,Kolkata_North_I_4 (West Bengal),0.4985780901090241,-0.0016339014750709649,-0.002201564827648103,0.0014748078637691925,-0.002159270229354747,-0.0010393942060209537,0.0011693261878978297,0.0005908324820179146,0.002183509811772458,0.0010899756375827207,0.00020037299858079746,0.0004150750573770903,-0.0010942842252758447,-0.002531209433644884,-0.005122026809844956,0.007592289792970346,-0.0011841568242835132
IND711303AAA,0.001630252346133,1,1,0.5,8.0,1.239247311827957,Bagnan_Harop_D (West Bengal),0.0130420187690646,-0.0016339014750710434,-0.0022015648276481016,0.0014748078637691901,-0.0021592702293547527,-0.0010393942060209465,0.0011693261878978347,0.0005908324820178822,0.00218350981177251,0.0010899756375827821,0.00020037299858087967,0.0004150750573771688,-0.0010942842252758518,-0.002570401472290585,-0.005244163032743256,0.007786137774369195,-0.0012187276376563229
IND721134AAB,0.0012252433702584,1,2,0.1666666666666666,36.0,1.582473544973545,Kolaghat_Central_DPP_2 (West Bengal),0.0441087613293051,-0.001633901475071154,-0.0022015648276481167,0.0014748078637691773,-0.002159270229354758,-0.0010393942060209396,0.0011693261878978388,0.00059083248201785,0.0021835098117725838,0.0010899756375828452,0.0002003729985810053,0.0004150750573772726,-0.0010942842252758733,-0.0026173128555173103,-0.005391918860073516,0.008021140292917738,-0.0012608269535554937
IND110037AAM,0.0413306498325905,21,24,0.0435005117707267,2001.0,1.885143095499353,Delhi_Airport_H (Delhi),82.70263031501364,-0.001633901475070162,-0.0022015648276480417,0.0014748078637693758,-0.002159270229354547,-0.0010393942060210632,0.0011693261878977692,0.000590832482018036,0.0021835098117719462,0.0010899756375818083,0.0002003729985795913,0.00041507505737604743,-0.0010942842252774536,-0.002278943933611935,-0.0015975970822086011,-0.002756352634542181,-0.0003485250985564895
IND781005AAA,0.0,1,1,0.0,20.0,2.253565062388592,Guwahati_North (Assam),0.0,-0.0016339014750696207,-0.0022015648276482256,0.0014748078637693085,-0.002159270229354703,-0.0010393942060210304,0.0011693261878977686,0.000590832482017962,0.00218350981177157,0.001089975637581487,0.0002003729985791815,0.0004150750573743964,-0.0010942842252755112,-0.004157146787641002,-0.015811765325025096,0.019282338071716754,0.004850787145828176
IND000000AFT,0.0048455127924456,5,8,0.0684931506849315,166.0,2.3138331304323208,Mumbai_Sanpada_I (Maharashtra),0.8043551235459813,-0.001633901475070158,-0.0022015648276479225,0.0014748078637692509,-0.002159270229354741,-0.0010393942060210502,0.0011693261878977569,0.0005908324820179563,0.00218350981177194,0.0010899756375816626,0.00020037299857970751,0.0004150750573754983,-0.001094284225277204,-0.0012413099572575893,0.001392200945886412,-0.000961932413171381,-0.004104144460199595
IND110035AAC,0.0,1,1,0.0,6.0,1.869047619047619,Delhi_North_R_8 (Delhi),0.0,-0.0016339014750701556,-0.0022015648276480343,0.0014748078637693773,-0.0021592702293545506,-0.0010393942060210604,0.0011693261878977714,0.000590832482018033,0.002183509811771942,0.0010899756375818044,0.00020037299857960617,0.00041507505737603556,-0.001094284225277458,-0.0022882636910214384,-0.0016074373137576383,-0.002774450047024486,-0.00035111641617944513
IND515134AAA,0.0024223915232715,3,2,0.0555555555555555,106.0,1.5953159041394336,Puttaprthi_Gokulam_D (Andhra Pradesh),0.2567735014667893,-0.0016339014750703946,-0.0022015648276481246,0.0014748078637692248,-0.002159270229354572,-0.001039394206020873,0.0011693261878978696,0.0005908324820181581,0.002183509811772033,0.0010899756375809143,0.00020037299857894803,0.00041507505737598297,-0.001094284225276478,0.0011865422821365343,0.006394051295964839,0.0014249929710426425,-0.0037698237817942954
IND515201AAA,0.0008103828247004,1,2,0.0,72.0,2.0,Hindupur_Parigi_D (Andhra Pradesh),0.0583475633784316,-0.001633901475070398,-0.002201564827648146,0.0014748078637692244,-0.00215927022935456,-0.0010393942060208687,0.0011693261878978648,0.0005908324820181684,0.00218350981177203,0.0010899756375809093,0.00020037299857888658,0.0004150750573760317,-0.0010942842252764154,0.0012041336347310774,0.006537690741248365,0.0014591570018607032,-0.003872433065614258
IND421302AAN,0.0,0,1,0.0,48.0,2.4,GreaterThane_Anjur_C (Maharashtra),0.0,-0.001633901475070203,-0.002201564827647923,0.0014748078637692684,-0.0021592702293547596,-0.001039394206021061,0.0011693261878977684,0.0005908324820179579,0.002183509811771967,0.0010899756375817426,0.0002003729985797178,0.00041507505737548614,-0.0010942842252771934,-0.0011696271930869038,0.0014908374103294682,-0.0009210901553372223,-0.0040443485246947
IND501359AAE,0.0926316608493959,30,27,0.0373417721518987,3340.0,1.7882088018171898,Hyderabad_Shamshbd_H (Telangana),309.3897472369826,-0.0016339014750702474,-0.002201564827648105,0.0014748078637692895,-0.0021592702293546547,-0.0010393942060210268,0.001169326187897786,0.000590832482017999,0.0021835098117719857,0.0010899756375809763,0.0002003729985797597,0.0004150750573758442,-0.001094284225277374,-0.0004295608578460943,0.003178060752664045,0.0003411943677986887,-0.004238753444691755
IND500050AAA,0.0008070989681392,2,2,0.2,80.0,1.948611111111111,Patancheru_Ameenpur_I (Telangana),0.0645679174511435,-0.001633901475070239,-0.0022015648276481085,0.0014748078637692832,-0.002159270229354649,-0.0010393942060210335,0.001169326187897779,0.0005908324820180061,0.0021835098117719736,0.0010899756375809607,0.0002003729985797694,0.00041507505737585796,-0.0010942842252773884,-0.00043622206787655827,0.0032528942599253,0.0003497722224920727,-0.004359847088353262
IND110044AAB,0.0026061658663786,2,6,0.2678571428571428,766.0,1.7298755064380062,Del_Okhla_PC (Delhi),1.996323053646054,-0.0016339014750702194,-0.0022015648276480096,0.0014748078637693487,-0.0021592702293545657,-0.0010393942060210465,0.0011693261878977792,0.0005908324820180494,0.002183509811771981,0.0010899756375821004,0.00020037299857949544,0.0004150750573761367,-0.0010942842252774547,-0.002353644117206415,-0.0013516130138816454,-0.00369731219125997,-0.000673771222888887
IND560002AAA,0.0,3,2,1.0,94.0,1.9724442224442225,Bengaluru_KHRoad_I (Karnataka),0.0,-0.00163390147507035,-0.00220156482764805,0.0014748078637692166,-0.0021592702293547128,-0.0010393942060209407,0.0011693261878978213,0.0005908324820182049,0.002183509811772041,0.0010899756375812157,0.00020037299857920778,0.00041507505737569387,-0.0010942842252769213,0.001869252485343449,0.005768059885025248,0.0014146748969542935,-0.0019382088703492944
IND842001AAA,0.0246987973787527,12,15,0.035919540229885,709.0,2.207867305305222,Muzaffrpur_Bbganj_I (Bihar),17.51144734153568,-0.0016339014750703347,-0.002201564827648041,0.001474807863769161,-0.002159270229354831,-0.0010393942060209751,0.0011693261878977991,0.0005908324820179932,0.0021835098117720404,0.0010899756375812731,0.0002003729985725817,0.0004150750573724584,-0.0010942842252786573,-0.003885292118717682,-0.002457613723668211,-0.014727190595338861,-0.012705611881014267
IND846004AAA,0.0008103828247004,1,2,0.3333333333333333,43.0,2.6751080787591945,Darbhanga (Bihar),0.0348464614621188,-0.0016339014750703493,-0.002201564827648043,0.0014748078637691487,-0.0021592702293548476,-0.0010393942060209706,0.0011693261878978033,0.0005908324820180001,0.0021835098117720443,0.0010899756375812586,0.00020037299857235877,0.000415075057372353,-0.001094284225278716,-0.003952718686218421,-0.002522287218984217,-0.015140861881487807,-0.013110912859607981
IND847103AAA,0.0,1,1,0.5,37.0,1.9375,Benipur_Javahar_D (Bihar),0.0,-0.0016339014750703458,-0.002201564827648044,0.0014748078637691457,-0.0021592702293548468,-0.0010393942060209723,0.0011693261878978007,0.0005908324820179997,0.002183509811772043,0.0010899756375812527,0.0002003729985722855,0.0004150750573723206,-0.0010942842252787046,-0.003965061954965315,-0.002534143719738403,-0.01521672125569543,-0.01318528254563477
IND847404AAB,0.0008060043492855,2,1,0.3333333333333333,46.0,4.74796195652174,Jhanjharpur_Nagar_D (Bihar),0.0370762000671366,-0.0016339014750703477,-0.002201564827648044,0.0014748078637691515,-0.0021592702293548446,-0.001039394206020973,0.0011693261878978046,0.0005908324820180146,0.0021835098117720464,0.001089975637581259,0.00020037299857237131,0.000415075057372358,-0.0010942842252787066,-0.003942880952987673,-0.0025128348927720592,-0.015080381512280326,-0.013051613454015391
IND424006AAA,0.0032769239750718,6,9,0.0931372549019607,229.0,1.7647486772486771,Dhule_MIDCAvdn_I (Maharashtra),0.7504155902914605,-0.001633901475070319,-0.002201564827648132,0.0014748078637692374,-0.0021592702293546425,-0.0010393942060209446,0.001169326187897809,0.0005908324820180481,0.0021835098117719983,0.0010899756375828782,0.00020037299857820557,0.00041507505737402973,-0.0010942842252789733,-0.0018161879623729657,0.0023093641956792505,-0.0018912873499001613,-0.00908509373664084
IND424304AAC,0.0,3,2,0.875,20.0,8.649143008154637,Sakri_DhuleRoad_D (Maharashtra),0.0,-0.0016339014750703215,-0.0022015648276481254,0.0014748078637692355,-0.002159270229354646,-0.00103939420602094,0.0011693261878978054,0.0005908324820180498,0.002183509811771996,0.001089975637582885,0.00020037299857819982,0.00041507505737401807,-0.0010942842252789947,-0.0018256393796487024,0.0023274784353870676,-0.0019071032028164985,-0.009171154646521972
IND425412AAA,0.0001398679646413,4,4,0.5,29.0,5.058970408616478,Nandurbar_DhuleRd_D (Maharashtra),0.0040561709745999,-0.0016339014750703124,-0.00220156482764813,0.0014748078637692355,-0.002159270229354644,-0.00103939420602094,0.0011693261878978091,0.0005908324820180548,0.002183509811771996,0.001089975637582902,0.0002003729985781822,0.0004150750573740164,-0.0010942842252790335,-0.0018280009873739593,0.0023320182744500286,-0.0019110693590186482,-0.009192763537598236
IND425409AAA,0.000137131417507,3,4,0.5789473684210527,24.0,4.7026115401115405,Shahada_Nandrbar_D (Maharashtra),0.0032911540201701,-0.001633901475070317,-0.0022015648276481363,0.0014748078637692333,-0.0021592702293546442,-0.0010393942060209407,0.0011693261878978096,0.0005908324820180498,0.002183509811771991,0.0010899756375828892,0.00020037299857816814,0.0004150750573740072,-0.0010942842252790208,-0.0018290578594550688,0.0023340485266712613,-0.0019128428112045069,-0.009202423025088686
IND425405AAA,0.000137131417507,2,2,0.4,21.0,15.008806689342403,Shirpur_KrantiNgr_D (Maharashtra),0.0028797597676489,-0.0016339014750703206,-0.002201564827648131,0.0014748078637692337,-0.0021592702293546464,-0.00103939420602094,0.0011693261878978078,0.0005908324820180491,0.002183509811771994,0.001089975637582909,0.00020037299857820153,0.0004150750573740231,-0.0010942842252790112,-0.0018261863386678614,0.0023285315685637998,-0.001908023544371565,-0.009176172330227779
IND712124AAA,0.0,2,2,1.0,54.0,4.322649572649572,Hooghly_DC (West Bengal),0.0,-0.0016339014750709811,-0.002201564827648105,0.0014748078637691875,-0.002159270229354744,-0.001039394206020952,0.0011693261878978306,0.0005908324820179143,0.00218350981177247,0.0010899756375827437,0.00020037299858081682,0.0004150750573771242,-0.0010942842252758297,-0.0025463209808660996,-0.005168131076845933,0.007665152342519401,-0.0011970314758825583
IND712103AAA,0.0,2,2,1.0,76.0,2.7293447293447293,Hoogly_Bandel_D (West Bengal),0.0,-0.001633901475070994,-0.0022015648276481076,0.0014748078637691854,-0.0021592702293547475,-0.001039394206020952,0.001169326187897833,0.0005908324820179113,0.0021835098117724706,0.0010899756375827522,0.00020037299858082302,0.00041507505737712973,-0.0010942842252758401,-0.002548420016417877,-0.005174545423320016,0.007675292692499254,-0.0011988244647435397
IND201007AAA,0.0037709810634413,8,5,0.0890410958904109,65.0,2.508754578754579,GZB_Mohan_Nagar_DPC (Uttar Pradesh),0.245113769123686,-0.0016339014750702068,-0.0022015648276480404,0.0014748078637693487,-0.0021592702293545775,-0.0010393942060210517,0.0011693261878977753,0.0005908324820180474,0.00218350981177197,0.001089975637582081,0.00020037299857944522,0.00041507505737597766,-0.0010942842252775256,-0.002328487100787395,-0.001349770080675581,-0.003490466901353979,-0.0007801348548370352
IND245304AAA,0.0,2,2,1.0,80.0,2.2127872127872124,Pilkhuwa_HapurRD_D (Uttar Pradesh),0.0,-0.0016339014750702025,-0.0022015648276480348,0.0014748078637693515,-0.0021592702293545723,-0.001039394206021055,0.0011693261878977764,0.0005908324820180508,0.0021835098117719705,0.0010899756375820863,0.0002003729985794506,0.00041507505737598666,-0.0010942842252775356,-0.0023469808868835824,-0.0013659482018495953,-0.0035350799962042528,-0.0007914356943831612
IND380006AAA,0.0,0,1,0.0,36.0,1.9027777777777777,Ahmedabad_Paldi_D (Gujarat),0.0,-0.0016339014750700366,-0.0022015648276487226,0.0014748078637695132,-0.0021592702293548333,-0.0010393942060214238,0.0011693261878975313,0.0005908324820179138,0.0021835098117719987,0.0010899756375809815,0.00020037299858064099,0.0004150750573764321,-0.001094284225276965,-0.0015532842559003422,0.0011727080581002344,-0.0027764289755752795,-0.003997534229860061
IND560058AAB,9.729945366356768e-07,3,3,0.9230769230769232,167.0,1.4394515937279095,Bengaluru_Peenya_IP (Karnataka),0.0001624900876181,-0.0016339014750703582,-0.002201564827648046,0.0014748078637692192,-0.0021592702293547145,-0.0010393942060209394,0.0011693261878978265,0.0005908324820182072,0.0021835098117720326,0.0010899756375812044,0.00020037299857920434,0.0004150750573756915,-0.0010942842252769135,0.0018763807110040076,0.005817008150150086,0.0014299639652585103,-0.0019494663525797913
IND585222AAA,3.648729512383788e-07,2,2,0.0,84.0,1.4503968253968254,Sedam_DBRCmplx_D (Karnataka),3.064932790402382e-05,-0.0016339014750701973,-0.002201564827648131,0.0014748078637693118,-0.0021592702293545757,-0.0010393942060210166,0.0011693261878977916,0.0005908324820178666,0.002183509811771939,0.001089975637580808,0.00020037299857974297,0.00041507505737576825,-0.001094284225277407,-0.00047423035764454773,0.003699554851229839,0.00040143843634653654,-0.005103753157906515
IND585307AAB,0.0004039143570208,2,2,0.0,123.0,2.0694444444444446,Chincholi_Mainroad_D (Karnataka),0.0496814659135689,-0.0016339014750702005,-0.002201564827648126,0.0014748078637693148,-0.002159270229354579,-0.001039394206021015,0.0011693261878977961,0.0005908324820178647,0.0021835098117719462,0.0010899756375808123,0.0002003729985797563,0.00041507505737577844,-0.0010942842252774107,-0.0004720333056396201,0.0036737900136985563,0.000398459399775151,-0.005060898379639338
IND624001AAA,2.116263117182597e-05,2,3,0.1,49.0,1.3612313612313611,Dindigul_Central_D_1 (Tamil Nadu),0.0010369689274194,0.003924301322963832,-0.007718983503482851,0.010655081328392362,-0.009289066971924782,0.0007248610992129974,-0.0036166709094503594,0.013072301366983225,-0.005317493490964924,0.011137012538906452,-0.008495777146193336,0.009445492930393965,-0.015446229277288417,-2.1402037515464782e-15,-2.850053050823714e-15,3.3698065084720475e-15,-2.336742817856971e-15
IND624619AAA,1.824364756191894e-05,2,1,0.3333333333333333,17.0,1.25,Oddnchtram_Palani_D (Tamil Nadu),0.0003101420085526,0.003924301322963842,-0.007718983503482858,0.010655081328392388,-0.009289066971924805,0.0007248610992129984,-0.0036166709094503746,0.013072301366983232,-0.0053174934909649306,0.011137012538906416,-0.00849577714619331,0.009445492930394164,-0.015446229277288327,-2.140954753311559e-15,-2.841382098959232e-15,3.424455548900649e-15,-2.198415907936219e-15
IND624601AAA,2.043288526934921e-05,1,2,0.1666666666666666,6.0,4.714285714285714,Palani_RjndraRd_D (Tamil Nadu),0.000122597311616,0.003924301322963836,-0.007718983503482858,0.010655081328392374,-0.009289066971924798,0.0007248610992129995,-0.003616670909450369,0.013072301366983249,-0.005317493490964926,0.01113701253890644,-0.008495777146193333,0.009445492930394104,-0.01544622927728831,-2.135365089782942e-15,-2.8465104871529534e-15,3.41688119480866e-15,-2.2494245238693447e-15
IND624101AAA,4.013602463622167e-06,1,1,0.0,0.0,0.0,Kodaikanal_Athithnr_DC (Tamil Nadu),0.0,0.003924301322963851,-0.007718983503482849,0.010655081328392376,-0.009289066971924788,0.0007248610992129987,-0.003616670909450365,0.01307230136698325,-0.005317493490964934,0.011137012538906388,-0.00849577714619339,0.009445492930394421,-0.015446229277288252,-2.058503930163526e-15,-2.841975390426968e-15,3.4625556245648667e-15,-2.104331157576693e-15
IND624202AAA,6.20284017105244e-06,1,1,0.0,20.0,1.3992094861660078,Batlagundu_RTOofice_D (Tamil Nadu),0.000124056803421,0.0039243013229638335,-0.0077189835034828635,0.010655081328392381,-0.0092890669719248,0.0007248610992129999,-0.003616670909450362,0.013072301366983246,-0.005317493490964926,0.011137012538906348,-0.008495777146193408,0.009445492930394607,-0.015446229277288205,-2.077383009653379e-15,-2.877622174745531e-15,3.449343061177832e-15,-1.996862971322797e-15
IND605601AAA,0.0048367558416159,3,3,0.0,108.0,1.6000000000000003,Villupuram_Thirumtr_IP (Tamil Nadu),0.5223696308945226,-0.0016339014750700444,-0.00220156482764941,0.0014748078637698717,-0.0021592702293533545,-0.0010393942060209732,0.0011693261878977302,0.000590832482018069,0.0021835098117718114,0.0010899756375806124,0.000200372998578952,0.0004150750573759266,-0.0010942842252774263,0.00039537381180203935,0.005209641371488554,0.0005111595172142373,-0.004330350718750736
IND607106AAA,0.0016193061575959,1,1,0.0,30.0,2.1666666666666665,Panruti_GandhiRd_D (Tamil Nadu),0.0485791847278777,-0.001633901475069998,-0.002201564827649585,0.0014748078637699508,-0.002159270229353139,-0.0010393942060209452,0.0011693261878977187,0.0005908324820180331,0.002183509811771782,0.0010899756375805508,0.00020037299857886222,0.00041507505737589477,-0.0010942842252774346,0.00040452339535691957,0.00539375186170525,0.0005304685957090091,-0.004516685158807212
IND607801AAA,0.0016171169198884,1,1,0.0,46.0,2.133928571428571,Neyveli_NJVNgr_D (Tamil Nadu),0.0743873783148707,-0.0016339014750699822,-0.0022015648276497556,0.0014748078637699996,-0.00215927022935304,-0.0010393942060209183,0.0011693261878977174,0.0005908324820180236,0.0021835098117717645,0.0010899756375805153,0.00020037299857879687,0.0004150750573758696,-0.0010942842252774465,0.0004093679644536846,0.005491485351244934,0.0005407238002854946,-0.004615755113595479
IND606003AAA,0.001614927682181,1,1,0.0,28.0,1.6666666666666667,Virudhchlm_SelamRd_D (Tamil Nadu),0.0452179751010698,-0.0016339014750699906,-0.0022015648276497743,0.0014748078637700183,-0.002159270229352979,-0.0010393942060209168,0.0011693261878977209,0.0005908324820180296,0.002183509811771768,0.0010899756375804968,0.00020037299857878662,0.0004150750573758625,-0.0010942842252774515,0.000410926688773593,0.005522968161790805,0.0005440280698227941,-0.004647691741688453
IND606105AAA,0.0016127384444736,1,1,0.0,74.0,1.5,Pennadam_EastmnRD_D (Tamil Nadu),0.1193426448910489,-0.001633901475069979,-0.0022015648276497266,0.0014748078637699979,-0.002159270229353026,-0.0010393942060209313,0.0011693261878977252,0.0005908324820180251,0.0021835098117717624,0.001089975637580516,0.00020037299857881446,0.0004150750573758694,-0.0010942842252774458,0.00040910590827878985,0.005486178769357311,0.0005401665681086695,-0.004610363492624121
IND606201AAC,0.0016105492067662,1,1,0.0,146.0,1.6458333333333337,Chinnasalem_VkotRoad_D (Tamil Nadu),0.2351401841878658,-0.0016339014750700216,-0.0022015648276495774,0.0014748078637699478,-0.0021592702293531723,-0.0010393942060209537,0.0011693261878977358,0.0005908324820180376,0.0021835098117717975,0.0010899756375805474,0.00020037299857886593,0.00041507505737590746,-0.0010942842252774359,0.00040356522751515113,0.005374400673431386,0.0005284376305290181,-0.004497056021874502
IND695582AAA,0.0,0,2,0.5,0.0,0.0,Kazhakkoottam_Rdiosttn_D (Kerala),0.0,-0.0016339014750702291,-0.0022015648276480634,0.0014748078637692728,-0.0021592702293547266,-0.0010393942060209927,0.0011693261878978798,0.000590832482018237,0.0021835098117719367,0.001089975637580452,0.00020037299857804226,0.0004150750573777769,-0.001094284225288931,0.005613936282582097,0.07293308289657702,0.03845261314930033,0.0433012367492384
IND695101AAB,0.0004196038939241,2,2,0.1,15.0,2.1651315789473684,Attingal_Central_D_2 (Kerala),0.006294058408862,-0.0016339014750702194,-0.00220156482764806,0.0014748078637692795,-0.002159270229354727,-0.0010393942060209962,0.0011693261878978742,0.0005908324820182216,0.0021835098117719454,0.0010899756375805096,0.00020037299857803153,0.0004150750573777316,-0.0010942842252887404,0.005560460156984189,0.07188847831052458,0.03786572768204824,0.04255336717968135
IND691574AAA,9.851569683436229e-06,2,1,0.1666666666666666,42.0,1.5,Kalluvathukal_Pariplly_D (Kerala),0.0004137659267043,-0.0016339014750702259,-0.0022015648276480617,0.0014748078637692782,-0.00215927022935473,-0.0010393942060209949,0.0011693261878978813,0.0005908324820182184,0.0021835098117719397,0.0010899756375804532,0.00020037299857806124,0.0004150750573777964,-0.0010942842252890201,0.0056232380790063145,0.07311512648978803,0.03855492758758344,0.043431719101255574
IND751015AAA,0.0,0,4,0.4166666666666667,32.0,1.989285714285714,Bhubaneshwar_Nayapalli (Orissa),0.0,-0.001633901475070284,-0.00220156482764788,0.001474807863769224,-0.0021592702293548424,-0.0010393942060210374,0.0011693261878977913,0.0005908324820181463,0.0021835098117720334,0.0010899756375811432,0.00020037299857966745,0.0004150750573762058,-0.0010942842252772557,-0.0006907803037603065,0.0014559693533862798,0.0015911109222944734,-0.0032010527604212705
IND530043AAA,0.0004053738488258,1,2,0.0,37.0,4.9914772727272725,Visakhapatnam_VislkNgr_DC (Andhra Pradesh),0.014998832406556,-0.0016339014750701793,-0.00220156482764778,0.0014748078637691364,-0.0021592702293551933,-0.0010393942060211775,0.0011693261878977146,0.0005908324820182297,0.0021835098117720174,0.0010899756375801276,0.00020037299857933756,0.0004150750573767987,-0.0010942842252788072,-0.00036576684830783355,0.004074087672607527,0.0009337491338339065,-0.005494227059918529
IND531163AAA,1.824364756191894e-07,1,1,0.0,39.0,2.25,Bheemunipatnam_SaiTempl_D (Andhra Pradesh),7.115022549148387e-06,-0.0016339014750701732,-0.0022015648276477707,0.0014748078637691316,-0.0021592702293552215,-0.0010393942060211846,0.0011693261878977128,0.0005908324820182396,0.00218350981177201,0.001089975637580099,0.00020037299857934135,0.0004150750573768067,-0.0010942842252788599,-0.00036830460298599324,0.004116740923645187,0.0009441736223621348,-0.00556374178166919
IND535001AAA,0.0004031846111184,2,1,0.0,60.0,2.055555555555556,Vizianagaram_NcsRd_DC (Andhra Pradesh),0.0241910766671045,-0.0016339014750701775,-0.0022015648276477676,0.0014748078637691348,-0.0021592702293552163,-0.0010393942060211788,0.0011693261878977152,0.0005908324820182312,0.0021835098117720044,0.001089975637580101,0.00020037299857934105,0.0004150750573768069,-0.0010942842252788393,-0.0003675173201283883,0.004103526639801557,0.000940944901778465,-0.005542223642545826
IND380021AAA,0.0,0,1,0.0,63.0,3.860149110149111,AMD_Rakhial (Gujarat),0.0,-0.001633901475070028,-0.0022015648276487152,0.0014748078637695054,-0.002159270229354831,-0.0010393942060214249,0.0011693261878975385,0.0005908324820179261,0.002183509811771992,0.0010899756375809745,0.00020037299858063052,0.0004150750573764313,-0.001094284225276966,-0.0015532842559003496,0.001172708058100233,-0.00277642897557528,-0.003997534229860044
IND174103AAA,0.0006044120437263,4,1,0.3888888888888889,18.0,2.1921739130434785,Baddi_ByePass_D (Himachal Pradesh),0.0108794167870747,-0.0016339014750703924,-0.0022015648276482573,0.0014748078637691023,-0.0021592702293549934,-0.0010393942060209333,0.001169326187897835,0.0005908324820180792,0.0021835098117720772,0.0010899756375822244,0.00020037299858040615,0.0004150750573764114,-0.0010942842252764013,-0.0018475714394136974,0.000488998461715907,-0.0037063422824534483,-0.0036238062157367625
IND121001AAA,0.0,1,1,0.0,49.0,1.8295454545454544,Faridabad (Haryana),0.0,-0.0016339014750701352,-0.0022015648276480513,0.0014748078637694187,-0.002159270229354489,-0.0010393942060210842,0.0011693261878977666,0.0005908324820180126,0.0021835098117719233,0.0010899756375818295,0.00020037299857952938,0.00041507505737599474,-0.001094284225277535,-0.0023073425196875573,-0.0013792472066724488,-0.0031908926474229164,-0.0008023649688353817
IND400705AAA,0.000405738721777,1,1,0.0,35.0,2.7875,Mumbai_Sanpada_CP (Maharashtra),0.0142008552621977,-0.0016339014750701435,-0.002201564827647914,0.0014748078637692506,-0.0021592702293547457,-0.0010393942060210439,0.0011693261878977547,0.0005908324820179506,0.0021835098117719233,0.0010899756375816357,0.0002003729985797021,0.0004150750573755066,-0.0010942842252771958,-0.001259282417220001,0.0013946193945905008,-0.0009781767763695375,-0.004165011210107581
IND573201AAB,0.0132402448594053,4,5,0.088235294117647,167.0,1.9835541551410103,Hassan_Pandrnga_I (Karnataka),2.211120891520685,-0.0016339014750706936,-0.0022015648276468365,0.0014748078637685292,-0.002159270229355718,-0.0010393942060206631,0.0011693261878980828,0.0005908324820184253,0.0021835098117721067,0.0010899756375810728,0.00020037299857856715,0.0004150750573745371,-0.001094284225274998,0.0018010586491653002,0.006082444631654977,0.0010515716438879682,-0.0034666787216819286
IND573116AAA,0.0020232205146168,1,3,0.1666666666666666,28.0,2.6213519808628503,Channaraya_patna_D (Karnataka),0.0566501744092707,-0.0016339014750707927,-0.0022015648276464384,0.0014748078637682384,-0.002159270229356082,-0.0010393942060205525,0.001169326187898099,0.0005908324820184838,0.0021835098117721267,0.0010899756375810769,0.0002003729985783002,0.00041507505737405775,-0.0010942842252742988,0.0018864271531312017,0.0065271338051237126,0.001133913478486568,-0.0037772352231782297
IND571104AAA,0.0012106484522089,1,2,0.1666666666666666,33.0,1.7522492127755287,Koppa_BMRd_D (Karnataka),0.039951398922895,-0.0016339014750707994,-0.0022015648276463747,0.001474807863768187,-0.0021592702293561435,-0.0010393942060205378,0.001169326187898104,0.0005908324820185153,0.0021835098117721215,0.0010899756375810856,0.00020037299857825035,0.0004150750573740312,-0.0010942842252741794,0.0019017239693219403,0.006606990906638842,0.001148706757547409,-0.0038330802109305265
IND577598AAB,0.0,1,1,0.5,50.0,1.9857704694661216,Madikeri_MuthpTmp_D (Karnataka),0.0,-0.0016339014750707973,-0.0022015648276463833,0.0014748078637682033,-0.002159270229356117,-0.0010393942060205421,0.0011693261878981068,0.0005908324820185221,0.002183509811772116,0.001089975637581076,0.00020037299857826723,0.0004150750573740701,-0.0010942842252742162,0.0018979863405859762,0.006587445277361518,0.001145084778640105,-0.003819397361069082
IND573142AAA,0.0020122743260796,3,1,0.1666666666666666,34.0,1.9388468013468012,Ramanathapura_Central_D_2 (Karnataka),0.0684173270867084,-0.001633901475070807,-0.0022015648276464948,0.0014748078637682523,-0.0021592702293560507,-0.0010393942060205697,0.0011693261878981099,0.0005908324820184939,0.0021835098117721323,0.0010899756375810777,0.0002003729985783293,0.0004150750573741433,-0.0010942842252743639,0.001878745113534142,0.006487021697149725,0.0011264825431375697,-0.0037491808910538145
IND572201AAB,0.0010083264007472,2,4,0.3076923076923077,17.0,1.7017540049447946,Tiptur_YTRd_D (Karnataka),0.0171415488127034,-0.001633901475070782,-0.0022015648276466314,0.0014748078637684342,-0.002159270229355879,-0.0010393942060206189,0.0011693261878981762,0.0005908324820184678,0.0021835098117721327,0.0010899756375810407,0.0002003729985784487,0.0004150750573743294,-0.001094284225274694,0.0018432119771143096,0.00629938402366844,0.0010916444282604292,-0.0036170247399606352
IND573103AAA,0.0002019571785104,2,2,0.6,13.0,1.4239651416122008,Arsikere_HsnRdDPP_D (Karnataka),0.0026254433206357,-0.0016339014750707665,-0.0022015648276466696,0.00147480786376846,-0.0021592702293558373,-0.001039394206020636,0.00116932618789815,0.0005908324820184523,0.0021835098117721345,0.0010899756375810606,0.00020037299857848107,0.00041507505737438513,-0.0010942842252747592,0.001832555081116382,0.006244386075711656,0.0010814797209593614,-0.003578843947739481
IND577116AAA,3.648729512383788e-07,3,1,0.4,2.0,1.263157894736842,Unknown_Source,7.297459024767576e-07,-0.0016339014750707942,-0.0022015648276465564,0.001474807863768408,-0.0021592702293559206,-0.001039394206020606,0.0011693261878981949,0.0005908324820184744,0.0021835098117721483,0.0010899756375810238,0.0002003729985784171,0.00041507505737429335,-0.0010942842252745935,0.001855689813115028,0.006363753549811043,0.0011035402477925819,-0.0036617003932102594
IND577132AAD,0.0008056394763343,1,1,0.5,20.0,1.8928571428571428,Mudigere_HesglDPP_D (Karnataka),0.0161127895266868,-0.0016339014750708237,-0.002201564827646534,0.001474807863768404,-0.002159270229355946,-0.0010393942060205983,0.0011693261878982096,0.0005908324820184703,0.002183509811772157,0.001089975637581019,0.00020037299857838422,0.00041507505737427053,-0.0010942842252745345,0.0018620202059751387,0.006396557981223705,0.0011096080495535563,-0.0036845317231706336
IND573134AAB,0.0016120086985711,2,2,0.1,30.0,2.0177314945116804,Sakleshpur_RgvdrDPP_D (Karnataka),0.0483602609571347,-0.0016339014750707923,-0.0022015648276465763,0.001474807863768421,-0.0021592702293558898,-0.0010393942060206171,0.001169326187898189,0.0005908324820184617,0.002183509811772144,0.0010899756375810246,0.00020037299857842824,0.000415075057374327,-0.001094284225274643,0.001848305172599372,0.006325800719964893,0.0010965315457831498,-0.0036354203207199947
IND421302AAR,0.0016291577272793,5,4,0.0,111.0,3.5522642390289447,Mumbai_East_I_21 (Maharashtra),0.1808365077280091,-0.0016339014750701506,-0.0022015648276478253,0.0014748078637692786,-0.0021592702293547986,-0.0010393942060211011,0.0011693261878977803,0.0005908324820178227,0.0021835098117719293,0.0010899756375818232,0.00020037299857982792,0.0004150750573753188,-0.0010942842252772288,-0.0012503533670054144,0.0016516069289416418,-0.001027754152160585,-0.004583230028281792
IND122002AAD,0.0,0,1,0.0,7.0,2.2,Gurgaon_Central_D_15 (Haryana),0.0,-0.001633901475070141,-0.002201564827648043,0.0014748078637693948,-0.0021592702293545215,-0.0010393942060210686,0.0011693261878977725,0.0005908324820179575,0.002183509811771928,0.0010899756375817736,0.00020037299857958636,0.0004150750573759293,-0.0010942842252775475,-0.0022775924960053515,-0.0014106408117510252,-0.0030323652279755746,-0.0006759266661104781
IND122503AAA,0.0004039143570208,1,1,0.0,8.0,1.9444444444444449,Pataudi_DC (Haryana),0.003231314856167,-0.001633901475070141,-0.0022015648276480435,0.00147480786376939,-0.0021592702293545224,-0.0010393942060210712,0.0011693261878977703,0.0005908324820179673,0.0021835098117719263,0.0010899756375817693,0.00020037299857955654,0.0004150750573759742,-0.0010942842252775343,-0.002268316200784799,-0.0014020053072113967,-0.003012585464996432,-0.0006709381762507031
IND637301AAA,0.0,0,1,0.0,10.0,1.8529411764705883,Sankari_Trchngrd_D (Tamil Nadu),0.0,0.009312805143119959,-0.0023666828295894654,0.011384359630327648,-0.00017758505363354583,-0.02794107259812897,-0.005155027499587273,0.03539105660940147,0.00670146444090079,-0.013996377199514144,0.03076627725030498,-0.020775999807356147,0.02707927577622571,6.953805724007042e-16,2.3254275423532463e-15,-3.726291346124616e-15,5.546108050045939e-15
IND742149AAA,0.0,0,2,0.5,49.0,2.847222222222222,Murshidabad_Sirjudol_D (West Bengal),0.0,-0.0016339014750709163,-0.0022015648276480847,0.0014748078637691617,-0.002159270229354772,-0.0010393942060209385,0.0011693261878978395,0.0005908324820183894,0.0021835098117724146,0.0010899756375830475,0.0002003729985814753,0.00041507505737668776,-0.0010942842252752774,-0.002791805175224079,-0.0059438814999049315,0.00889943444855429,-0.001418242171579055
IND742148AAA,0.0,1,1,0.5,48.0,3.333333333333333,Lalgola_KrsprDPP_D (West Bengal),0.0,-0.001633901475070921,-0.0022015648276480877,0.0014748078637691659,-0.002159270229354773,-0.0010393942060209365,0.0011693261878978423,0.0005908324820183881,0.002183509811772414,0.0010899756375830284,0.00020037299858147018,0.00041507505737669123,-0.0010942842252752516,-0.0027913630136363774,-0.005942464662796106,0.008897173480741998,-0.0014178342696302892
IND742225AAA,0.0008092882058467,2,1,0.1666666666666666,32.0,4.459821428571429,Ragunthgnj_GopalDPP_D (West Bengal),0.0258972225870951,-0.0016339014750708868,-0.0022015648276480864,0.0014748078637691732,-0.0021592702293547704,-0.0010393942060209402,0.0011693261878978395,0.0005908324820183693,0.0021835098117723955,0.0010899756375830137,0.0002003729985814166,0.0004150750573766485,-0.001094284225275279,-0.002769237790601777,-0.00587166651489861,0.008784225661437526,-0.0013974691997329382
IND742223AAA,0.0012128376899163,1,1,0.0,65.0,2.0416666666666665,Jangipur_Central_D_1 (West Bengal),0.0788344498445641,-0.001633901475070813,-0.002201564827648081,0.0014748078637691817,-0.0021592702293547644,-0.0010393942060209509,0.0011693261878978325,0.0005908324820183352,0.0021835098117723474,0.0010899756375829363,0.00020037299858124372,0.0004150750573765853,-0.0010942842252753186,-0.0027110746771074486,-0.005685899638564257,0.008487971311186254,-0.0013440949535061058
IND742226AAA,0.0016156574280835,1,2,0.0,56.0,1.972972972972973,Sagardighi_UtBzrDPP_D (West Bengal),0.0904768159726783,-0.0016339014750706181,-0.0022015648276480764,0.0014748078637692053,-0.002159270229354744,-0.0010393942060209697,0.0011693261878978228,0.000590832482018238,0.0021835098117722225,0.001089975637582756,0.00020037299858080202,0.00041507505737642056,-0.0010942842252754307,-0.002565083285111061,-0.005220972664987343,0.007746945504162321,-0.0012107519959692603
IND623407AAA,1.0946188537151363e-06,1,1,0.0,0.0,0.0,Thiruvadanai_RamnadRD_D (Tamil Nadu),0.0,0.0039243013229639,-0.007718983503482939,0.010655081328392482,-0.009289066971924808,0.0007248610992129783,-0.0036166709094504015,0.013072301366982567,-0.005317493490964988,0.01113701253891251,-0.008495777146190238,0.009445492930367899,-0.015446229277296492,2.1809058261107514e-15,1.8538866821993218e-15,-4.611210975790154e-15,-1.1773304619038692e-14
IND623315AAB,5.473094268575682e-06,1,1,0.0,60.0,1.5,Oriyur_Vllyaprm_D (Tamil Nadu),0.0003283856561145,0.003924301322963871,-0.0077189835034829546,0.010655081328392475,-0.009289066971924833,0.0007248610992129738,-0.003616670909450389,0.013072301366982548,-0.005317493490964977,0.011137012538912612,-0.00849577714619024,0.009445492930367654,-0.01544622927729648,2.1997338728589527e-15,1.8992751640324815e-15,-4.6904214397709494e-15,-1.1933365044279128e-14
IND614620AAA,9.851569683436229e-06,1,1,0.0,157.0,1.8333333333333333,Manamelkudi_TmpleSrt_D (Tamil Nadu),0.0015466964402994,0.003924301322963879,-0.007718983503482959,0.010655081328392487,-0.009289066971924909,0.0007248610992129599,-0.0036166709094504,0.01307230136698258,-0.00531749349096497,0.011137012538912508,-0.008495777146190308,0.009445492930367816,-0.015446229277296537,2.180248997210521e-15,1.903144799189016e-15,-4.6291170552415795e-15,-1.1783725311803381e-14
IND580028AAA,0.0136319879251378,9,8,0.0789473684210526,401.0,1.9164160608389484,Hubli_Adargchi_IP (Karnataka),5.46642715798026,-0.00163390147507039,-0.002201564827647741,0.0014748078637690902,-0.0021592702293549387,-0.0010393942060209268,0.0011693261878978646,0.0005908324820181763,0.002183509811772034,0.0010899756375812788,0.00020037299857933048,0.0004150750573754896,-0.0010942842252765943,0.0007171821743806545,0.004174808740338599,0.00026520204792228444,-0.0033984162431917107
IND591123AAC,0.0012150269276238,1,1,0.0,55.0,1.4817330917874394,Ramdurg_GndhiNGR_D (Karnataka),0.066826481019309,-0.0016339014750703987,-0.002201564827647695,0.0014748078637690802,-0.0021592702293549604,-0.0010393942060209196,0.00116932618789788,0.0005908324820181802,0.0021835098117720365,0.0010899756375812545,0.00020037299857931696,0.0004150750573754708,-0.001094284225276535,0.0007281504106221219,0.004271764710606455,0.00027177805324389435,-0.0034941746606038018
IND587103AAB,0.0012128376899163,1,2,0.1666666666666666,59.0,1.8581451881451885,Bagalkot_Sector4_D (Karnataka),0.0715574237050659,-0.0016339014750704067,-0.0022015648276476865,0.0014748078637690691,-0.002159270229354973,-0.0010393942060209131,0.0011693261878979006,0.0005908324820181873,0.0021835098117720425,0.0010899756375812345,0.00020037299857931433,0.00041507505737544575,-0.0010942842252765067,0.0007346227040085977,0.004329119617370361,0.0002756700185956846,-0.0035509075124572726
IND582209AAA,0.0,1,1,0.5,32.0,1.8276223776223777,Rona_GadagRD_D (Karnataka),0.0,-0.0016339014750704095,-0.0022015648276476766,0.001474807863769066,-0.0021592702293549734,-0.0010393942060209103,0.0011693261878978976,0.0005908324820181911,0.0021835098117720443,0.0010899756375812347,0.00020037299857930856,0.0004150750573754448,-0.001094284225276502,0.0007356251103236124,0.00433801825247373,0.00027627406762164203,-0.0035597192069367683
IND582101AAB,0.0012084592145015,2,1,0.1666666666666666,52.0,2.904166666666667,Gadag_Cdosclrd_D (Karnataka),0.0628398791540785,-0.0016339014750704082,-0.0022015648276476982,0.0014748078637690726,-0.002159270229354962,-0.001039394206020917,0.001169326187897888,0.0005908324820181889,0.002183509811772041,0.0010899756375812436,0.00020037299857931577,0.0004150750573754726,-0.0010942842252765247,0.000730645352001821,0.004293893619587728,0.00027327993029535174,-0.0035160755926210963
IND160002AAC,0.0550782085482796,32,29,0.0284216335540838,2153.0,1.722871116418511,Chandigarh_Mehmdpur_H (Punjab),118.58338300444598,-0.0016339014750703608,-0.0022015648276482473,0.0014748078637691188,-0.0021592702293549404,-0.0010393942060209554,0.0011693261878977955,0.0005908324820180838,0.0021835098117720573,0.0010899756375821858,0.00020037299858032405,0.00041507505737640484,-0.001094284225276479,-0.0017930495555292369,0.0004673035759402666,-0.003531121863375501,-0.0034299503480202725
IND335001AAA,0.0028113460892917,1,1,0.0,40.0,1.5238095238095235,Ganga Nagar_DC (Rajasthan),0.1124538435716683,-0.0016339014750701081,-0.0022015648276480842,0.0014748078637694363,-0.002159270229354446,-0.0010393942060210946,0.0011693261878977527,0.0005908324820179554,0.0021835098117719176,0.001089975637581819,0.00020037299857937962,0.0004150750573758997,-0.0010942842252775484,-0.002233724582405309,-0.0009696173578805263,-0.003537694485377031,-0.0013782487449294637
IND201307AAA,0.0,1,1,0.0,26.0,1.3923076923076922,Noida_Chukhndi_D (Uttar Pradesh),0.0,-0.0016339014750703445,-0.0022015648276480755,0.001474807863769196,-0.0021592702293548025,-0.0010393942060209723,0.0011693261878978046,0.0005908324820180879,0.0021835098117720564,0.001089975637583201,0.0002003729985789093,0.00041507505737536893,-0.001094284225277664,-0.002611984518901423,-0.0016235612351439244,-0.004325437096577102,-0.0010643678050574008
IND500080AAB,0.0004035494840696,2,1,0.0,61.0,2.395791245791246,Hyderabad_Chikdply_I (Telangana),0.0246165185282484,-0.0016339014750702892,-0.002201564827648109,0.0014748078637692884,-0.0021592702293546547,-0.0010393942060210226,0.001169326187897786,0.0005908324820180013,0.002183509811772011,0.0010899756375809654,0.00020037299857976953,0.00041507505737581297,-0.0010942842252773676,-0.0004333416551316506,0.0032203142871341617,0.0003460327165334895,-0.004306904974312013
IND845418AAB,1.824364756191894e-07,2,2,0.5,43.0,2.191128129898523,Dhaka_PchpkrRD_D (Bihar),7.844768451625144e-06,-0.0016339014750703517,-0.002201564827648043,0.0014748078637691535,-0.002159270229354841,-0.00103939420602098,0.0011693261878978024,0.0005908324820180006,0.0021835098117720443,0.001089975637581266,0.00020037299857242742,0.0004150750573723743,-0.0010942842252786805,-0.003930627940330087,-0.002500973405764673,-0.01500437453651021,-0.012976855768588693
IND845438AAA,0.0004053738488258,2,1,0.6666666666666666,30.0,1.84375,Bettiah_BypassRd_D (Bihar),0.0121612154647751,-0.0016339014750703495,-0.0022015648276480426,0.0014748078637691535,-0.0021592702293548403,-0.0010393942060209775,0.0011693261878978052,0.0005908324820179984,0.002183509811772043,0.0010899756375812655,0.00020037299857242216,0.0004150750573723908,-0.001094284225278694,-0.003930499559988132,-0.002500850327265632,-0.01500358736774387,-0.012976084696000253
IND845455AAB,0.0004031846111184,1,2,0.6666666666666666,131.0,2.1476299422434293,Narktiganj_Central_DPP_2 (Bihar),0.0528171840565115,-0.0016339014750703477,-0.0022015648276480396,0.001474807863769152,-0.002159270229354842,-0.0010393942060209782,0.001169326187897804,0.0005908324820180015,0.0021835098117720434,0.0010899756375812657,0.00020037299857243517,0.0004150750573723726,-0.0010942842252786927,-0.003932416322745177,-0.0025026863962878433,-0.015015328324334633,-0.012987581540785489
IND641062AAD,9.340747551702498e-05,7,8,0.0392156862745098,327.0,1.8917340148957795,Coimbatore_Karayam_H (Tamil Nadu),0.0305442444940671,0.020794586572540578,-0.005910785269691718,-0.00436599594692861,0.017362493321755202,0.0263872890578182,-0.019847780345015612,-0.03325808741174532,0.02349799058092895,9.395019813817548e-05,-0.0365157070103693,0.022681864017263218,-0.02538948842808575,-9.175932204278559e-16,-2.5989621753328054e-15,3.5574396777147e-15,-5.563260146275487e-15
IND642126AAA,0.0,2,1,1.0,65.0,1.2973484848484849,Udumalpet_Artclgrd_D (Tamil Nadu),0.0,0.02079458657254044,-0.0059107852696917386,-0.00436599594692861,0.017362493321755188,0.02638728905781817,-0.01984778034501561,-0.03325808741174534,0.0234979905809289,9.395019813817617e-05,-0.03651570701036927,0.02268186401726313,-0.025389488428085766,-9.087721384075336e-16,-2.592175570247963e-15,3.551501186638879e-15,-5.5605160590807536e-15
IND642001AAA,5.837967219814061e-06,2,2,0.5,106.0,1.350829725829726,Pollachi_Venkatsa_DC (Tamil Nadu),0.0006188245253002,0.020794586572540474,-0.005910785269691726,-0.004365995946928612,0.0173624933217552,0.02638728905781815,-0.019847780345015612,-0.03325808741174531,0.02349799058092892,9.39501981381763e-05,-0.03651570701036926,0.0226818640172632,-0.02538948842808571,-9.088231627942122e-16,-2.5932698251464328e-15,3.550848064859775e-15,-5.556419657049092e-15
IND184104AAA,0.0010106980749303,2,4,0.6153846153846154,69.0,1.3787741425241424,Kathua_BOB_D (Jammu & Kashmir),0.0697381671701913,-0.0016339014750703762,-0.0022015648276482516,0.0014748078637691045,-0.0021592702293549764,-0.0010393942060209407,0.001169326187897804,0.0005908324820180724,0.002183509811772066,0.001089975637582211,0.0002003729985803713,0.0004150750573763836,-0.0010942842252764295,-0.001824114243699226,0.00047958818364473893,-0.003630217337043486,-0.0035392947588948043
IND181152AAA,0.000202139614986,3,1,0.8,10.0,1.4722222222222223,Jammu_TrnptNgr_L (Jammu & Kashmir),0.0020213961498606,-0.001633901475070373,-0.0022015648276482516,0.0014748078637691038,-0.0021592702293549695,-0.0010393942060209452,0.001169326187897801,0.0005908324820180816,0.002183509811772064,0.0010899756375822062,0.00020037299858036793,0.0004150750573763937,-0.00109428422527643,-0.0018215547120900804,0.00047857233606265646,-0.0036220170318453575,-0.003530232554869072
IND184121AAA,0.0004039143570208,3,4,0.4444444444444444,75.0,1.3867998321123325,Samba_Wardno13_D (Jammu & Kashmir),0.0302935767765664,-0.0016339014750703822,-0.0022015648276482525,0.0014748078637691054,-0.0021592702293549734,-0.0010393942060209452,0.0011693261878978057,0.0005908324820180813,0.002183509811772064,0.001089975637582206,0.00020037299858036918,0.00041507505737640484,-0.001094284225276429,-0.0018251643109263836,0.00048000486115988507,-0.003633580785788736,-0.003543011419040748
IND110043AAA,0.0012117430710626,3,2,0.0,85.0,1.762079831932773,Delhi_Nangli_IP (Delhi),0.1029981610403257,-0.0016339014750701897,-0.002201564827648096,0.0014748078637693578,-0.00215927022935458,-0.0010393942060210083,0.0011693261878977642,0.0005908324820180262,0.002183509811771957,0.0010899756375817317,0.00020037299857922686,0.0004150750573757264,-0.001094284225277496,-0.0019794044497324047,-0.0006418944376733034,-0.0031312876312635813,-0.0013851645342768002
IND821307AAA,0.0,1,1,0.0,15.0,2.0661764705882355,DehriSone_Dilliyan_D (Bihar),0.0,-0.0016339014750701342,-0.002201564827648078,0.001474807863769332,-0.0021592702293545757,-0.0010393942060210391,0.001169326187897777,0.0005908324820180477,0.0021835098117719124,0.0010899756375819165,0.0002003729985796849,0.00041507505737561917,-0.0010942842252780255,-0.0025678992458420965,-0.0032379517300877877,-0.0013026645031454093,0.0029060447550211654
IND824101AAA,0.0008085584599442,2,2,0.0,22.0,1.9014496396849336,AurngbadBR_Mahindra_D (Bihar),0.0177882861187734,-0.0016339014750701305,-0.0022015648276480747,0.001474807863769333,-0.0021592702293545814,-0.001039394206021041,0.001169326187897774,0.0005908324820180504,0.0021835098117719163,0.0010899756375819128,0.00020037299857968098,0.0004150750573756279,-0.0010942842252780161,-0.0025574405744410262,-0.0032181299961414793,-0.001294167375267864,0.0028845974952527126
IND754211AAA,0.0016134681903761,1,1,0.0,2.0,1.303030303030303,Kendrpara_Kapleswr_D (Orissa),0.0032269363807522,-0.0016339014750702849,-0.002201564827647892,0.0014748078637692292,-0.0021592702293548455,-0.0010393942060210393,0.0011693261878977861,0.0005908324820181502,0.0021835098117720286,0.0010899756375811435,0.00020037299857966298,0.0004150750573762231,-0.0010942842252772594,-0.0006911640314847788,0.001457164498038778,0.0015924978807943938,-0.003204186814908266
IND754202AAA,0.0016112789526686,1,1,0.0,2.0,8.833333333333332,Cuttack_SliprDPP_DC (Orissa),0.0032225579053373,-0.0016339014750702918,-0.0022015648276479255,0.0014748078637692279,-0.002159270229354837,-0.0010393942060210391,0.0011693261878977857,0.0005908324820181474,0.002183509811772034,0.0010899756375811623,0.00020037299857965368,0.00041507505737620334,-0.0010942842252772472,-0.0006850146079409905,0.0014376669075176075,0.0015697904520823877,-0.003152480859506473
IND683565AAA,0.0004031846111184,1,1,0.5,26.0,1.8232600732600728,Kunnathund_Pringla_D (Kerala),0.0104827998890786,-0.0016339014750702228,-0.0022015648276481298,0.00147480786376927,-0.0021592702293546898,-0.0010393942060210116,0.0011693261878977397,0.0005908324820182858,0.0021835098117721154,0.0010899756375820878,0.00020037299857774042,0.00041507505737445967,-0.0010942842252793974,0.0032610882923795486,0.027686017808189883,0.013111036000107884,0.011225827188822778
IND000000ACT,0.0,0,3,1.0,585.0,1.561820987654321,Delhi_Gateway_HB (Delhi),0.0,-0.00163390147507028,-0.002201564827648034,0.0014748078637693007,-0.002159270229354633,-0.0010393942060210174,0.0011693261878977846,0.0005908324820180592,0.002183509811772023,0.0010899756375819436,0.00020037299858008994,0.00041507505737684724,-0.0010942842252765947,-0.0020472756148815037,-0.00023062427284749643,-0.003673066136957289,-0.002723815753723461
IND110037AAK,0.0,1,1,0.0,177.0,1.6765160765160765,Delhi_Kapshera_L (Delhi),0.0,-0.001633901475070191,-0.0022015648276480977,0.0014748078637693495,-0.0021592702293545866,-0.0010393942060210565,0.0011693261878977677,0.0005908324820180224,0.0021835098117719584,0.0010899756375816428,0.00020037299857929178,0.0004150750573757897,-0.001094284225277563,-0.001956476693235683,-0.0006306844265212705,-0.003072983813595715,-0.0013559453287604962
IND636016AAA,7.297459024767576e-07,1,2,0.1666666666666666,75.0,1.4,Salem (Tamil Nadu),5.473094268575682e-05,-0.018846460409636327,-0.009029131798526234,-0.01464310765559758,-0.009311671601902145,0.0315487883461973,0.01855901354103514,-0.022757996900484145,0.03450117804906394,-0.031862140193078294,0.003723962570577923,-0.022195582095494427,0.03637089426174226,2.9829956935585734e-15,4.474162149768569e-15,-4.355728445804107e-15,1.0432035424203039e-14
IND637211AAA,0.0,1,1,0.5,96.0,1.3333333333333333,Tirchngode_Mhdhvpur_D (Tamil Nadu),0.0,-0.018846460409636414,-0.00902913179852622,-0.014643107655597608,-0.009311671601902147,0.031548788346197267,0.018559013541035087,-0.022757996900484242,0.03450117804906392,-0.03186214019307824,0.003723962570577926,-0.022195582095494226,0.03637089426174237,2.9489170833239553e-15,4.448871005228185e-15,-4.411097572164927e-15,1.0488423247231353e-14
IND142001AAB,0.001200067136623,2,2,0.6666666666666666,120.0,1.5849780701754388,Moga_DPC (Punjab),0.1440080563947634,-0.0016339014750704072,-0.0022015648276483314,0.0014748078637690258,-0.0021592702293550957,-0.0010393942060209138,0.0011693261878977896,0.0005908324820180908,0.002183509811772074,0.001089975637582325,0.00020037299858051305,0.00041507505737638933,-0.001094284225276328,-0.0019056269200826057,0.0005133454332044748,-0.0039050629389234042,-0.003848723997382965
IND152026AAA,0.004246026533561,6,7,0.1013513513513513,155.0,1.9977429667519184,Muktsar_DPC (Punjab),0.6581341127019572,-0.0016339014750704026,-0.0022015648276483483,0.00147480786376902,-0.002159270229355104,-0.001039394206020918,0.0011693261878977885,0.0005908324820180847,0.0021835098117720724,0.0010899756375823426,0.00020037299858053763,0.0004150750573763998,-0.0010942842252763068,-0.0019187707248732736,0.0005186533130940203,-0.003948060712080606,-0.0038966047881350083
IND122001AAA,0.002073041078545,2,5,0.075,92.0,2.336182336182336,GGN_DPC (Haryana),0.1907197792261429,-0.0016339014750701522,-0.0022015648276480487,0.0014748078637693814,-0.002159270229354537,-0.0010393942060210636,0.00116932618789777,0.0005908324820179982,0.002183509811771938,0.0010899756375817747,0.0002003729985795404,0.00041507505737595944,-0.0010942842252775118,-0.0022381295021033656,-0.0013739415651142543,-0.0029483219232828615,-0.0006547399175164079
IND627005AAA,1.5689536903250288e-05,3,4,0.0476190476190476,114.0,1.6049798711755232,Tirunelveli_VdkkuSrt_I (Tamil Nadu),0.0017886072069705,-0.01333171294674681,-0.004786265098706571,-0.0004956699632961868,-0.005012946861010375,0.0083745565687438,0.010415157626777022,0.0006290574840830379,-0.0047489861944525185,-0.0013253003359399592,-0.004455146973651977,0.0038908720240788137,-0.002139564710532206,-2.58651955396314e-16,-4.949937685283545e-16,5.685282758740367e-16,-1.0493608053552546e-15
IND627117AAA,0.0,1,1,0.5,22.0,1.825925925925926,Vallior_Radhaprm_D (Tamil Nadu),0.0,-0.013331712946746805,-0.004786265098706543,-0.0004956699632961808,-0.005012946861010378,0.008374556568743807,0.010415157626776968,0.0006290574840830283,-0.0047489861944525185,-0.001325300335939962,-0.004455146973651979,0.0038908720240788163,-0.002139564710532209,-2.4075842138859964e-16,-4.747748662088901e-16,6.090118075477131e-16,-1.0587055610327706e-15
IND629179AAA,0.0,0,1,0.0,44.0,2.075923392612859,Marthandam_Nallur_D (Tamil Nadu),0.0,-0.013331712946746833,-0.004786265098706567,-0.000495669963296192,-0.0050129468610103835,0.008374556568743807,0.010415157626776956,0.0006290574840830306,-0.004748986194452516,-0.0013253003359399603,-0.00445514697365199,0.0038908720240788223,-0.0021395647105321943,-2.6827452125026086e-16,-4.930358515311902e-16,5.72499505257829e-16,-1.0486041805688549e-15
IND700053AAA,0.0036330399754805,3,4,0.1,37.0,3.474374754825883,CCU_New Alipore_DPC (West Bengal),0.1344224790927799,-0.0016339014750703011,-0.0022015648276480695,0.0014748078637692576,-0.002159270229354711,-0.0010393942060210042,0.0011693261878978,0.000590832482018172,0.002183509811772031,0.0010899756375823202,0.00020037299858005454,0.0004150750573763318,-0.0010942842252758063,-0.002236578887734086,-0.00419704714991894,0.006122075677061918,-0.0009211406595779593
IND273014AAB,0.0061161828451333,6,6,0.0,222.0,2.039113503840738,Gorakhpur_Matriprm_IP (Uttar Pradesh),1.3577925916195983,-0.0016339014750704351,-0.0022015648276480725,0.0014748078637691427,-0.002159270229354896,-0.0010393942060209626,0.0011693261878978126,0.0005908324820183706,0.0021835098117720933,0.0010899756375803349,0.0002003729985799153,0.00041507505737504156,-0.0010942842252824035,-0.0037303800718803855,-0.00494175857759605,-0.011100894160309217,0.015685159070582863
IND277211AAA,0.0004174146562167,1,1,0.0,5.0,2.4916666666666663,Sahatwar_PnchmDPP_D (Uttar Pradesh),0.0020870732810835,-0.0016339014750704618,-0.0022015648276480677,0.0014748078637691177,-0.0021592702293549253,-0.001039394206020931,0.001169326187897813,0.0005908324820184306,0.0021835098117721093,0.0010899756375802026,0.0002003729985799542,0.00041507505737496035,-0.0010942842252826574,-0.00382673817504735,-0.005135830033832157,-0.011566465768541916,0.016433068420136844
IND277201AAA,0.0008205992673351,1,1,0.0,28.0,2.0503472222222223,Bariya_BgnprDPP_D (Uttar Pradesh),0.0229767794853831,-0.0016339014750704638,-0.0022015648276480708,0.0014748078637691188,-0.0021592702293549266,-0.0010393942060209372,0.0011693261878978145,0.0005908324820184231,0.0021835098117721128,0.0010899756375802006,0.00020037299857993352,0.0004150750573749573,-0.0010942842252826257,-0.0038251707846277956,-0.0051326634871134685,-0.011558864737994829,0.01642084213195657
IND221706AAA,0.0012237838784535,1,1,0.0,56.0,2.574716202270382,Ratanpura_MubarDPP_D (Uttar Pradesh),0.0685318971933972,-0.001633901475070453,-0.002201564827648072,0.001474807863769131,-0.0021592702293549175,-0.0010393942060209496,0.0011693261878978148,0.0005908324820184017,0.0021835098117721063,0.0010899756375802583,0.0002003729985799307,0.00041507505737500654,-0.0010942842252825522,-0.0037850391008752275,-0.005051717799075339,-0.011364622986789252,0.016108615277536698
IND244412AAA,0.0012128376899163,1,2,0.3333333333333333,3.0,1.5,Chandausi_Ganesh_D (Uttar Pradesh),0.0036385130697491,-0.0016339014750704163,-0.0022015648276486645,0.001474807863768927,-0.002159270229355424,-0.0010393942060209398,0.0011693261878978065,0.000590832482018036,0.002183509811772088,0.001089975637579954,0.0002003729985828799,0.00041507505738898196,-0.0010942842252711846,-0.003523870490006841,-0.0015084999470348728,-0.008387979339201953,-0.0064437601137259095
IND147001AAD,0.0016196710305471,2,3,0.0555555555555555,15.0,1.7439427722036418,Patiala_GainMrkt_L (Punjab),0.0242950654582074,-0.0016339014750703762,-0.0022015648276482933,0.0014748078637690691,-0.0021592702293550103,-0.001039394206020934,0.0011693261878977523,0.0005908324820180743,0.002183509811772067,0.0010899756375822613,0.00020037299858040352,0.0004150750573764191,-0.0010942842252763814,-0.001849140912613384,0.000489717894787368,-0.003712307438534912,-0.003630776939812759
IND148023AAA,0.0008129369353591,2,2,0.0833333333333333,5.0,1.6547619047619049,Malerkotla_DC (Punjab),0.0040646846767955,-0.0016339014750703599,-0.0022015648276483405,0.0014748078637690475,-0.00215927022935504,-0.0010393942060209268,0.0011693261878977272,0.000590832482018057,0.0021835098117720516,0.001089975637582302,0.00020037299858046578,0.0004150750573764411,-0.0010942842252763287,-0.0018833981156517563,0.0005034833377718849,-0.0038237014397225896,-0.0037545349791319594
IND148028AAA,0.0,0,2,0.0,36.0,1.6752558479532165,Sunam_DC (Punjab),0.0,-0.0016339014750703664,-0.002201564827648281,0.0014748078637690722,-0.0021592702293550085,-0.0010393942060209238,0.0011693261878977631,0.0005908324820180753,0.0021835098117720586,0.0010899756375822472,0.0002003729985804108,0.000415075057376393,-0.0010942842252763922,-0.0018504313894662278,0.000490209760571036,-0.003716245382662273,-0.0036350512383075202
IND147001AAB,0.0004035494840696,2,2,0.0,26.0,1.6637362637362636,Patiala (Punjab),0.0104922865858108,-0.0016339014750703614,-0.00220156482764828,0.0014748078637690848,-0.002159270229354983,-0.0010393942060209383,0.0011693261878977681,0.0005908324820180688,0.002183509811772059,0.001089975637582232,0.0002003729985803983,0.0004150750573764316,-0.0010942842252763974,-0.0018362884807363233,0.00048455506099584164,-0.003670530839301454,-0.003584369507378127
IND244001AAA,0.0036188099303822,1,1,0.5,64.0,1.852439077840112,Moradabad_DC (Uttar Pradesh),0.2316038355444634,-0.001633901475070175,-0.0022015648276472615,0.0014748078637697858,-0.0021592702293536546,-0.0010393942060211458,0.0011693261878977848,0.0005908324820181332,0.002183509811771948,0.001089975637582069,0.0002003729985808195,0.0004150750573789194,-0.0010942842252754203,-0.0026492794966441425,-0.0009293881259257047,-0.004936022101281234,-0.0034028533338551588
IND263153AAB,0.0072443700103623,6,7,0.0921052631578947,292.0,2.149690565972425,Rudrapur_UdhamNgr_H (Uttarakhand),2.1153560430258187,-0.001633901475070086,-0.002201564827646853,0.0014748078637700013,-0.0021592702293531984,-0.0010393942060211883,0.0011693261878977894,0.0005908324820182072,0.0021835098117718877,0.0010899756375821878,0.00020037299858107757,0.0004150750573793,-0.001094284225275055,-0.0027886853068870747,-0.0010053612832987985,-0.005368807580261152,-0.003745269419407242
IND786001AAB,0.0120284017105243,6,7,0.0649350649350649,194.0,1.8984126984126983,Dibrugarh_Bokule_H (Assam),2.333509931841733,-0.0016339014750716544,-0.002201564827647789,0.001474807863769174,-0.0021592702293547297,-0.0010393942060210313,0.0011693261878978057,0.0005908324820177524,0.0021835098117729277,0.0010899756375794202,0.00020037299857645247,0.00041507505737103576,-0.001094284225274962,-0.006361554039111576,-0.03233303723400346,0.04213031363987789,0.012384146850692937
IND786171AAA,0.00121393230877,1,1,0.5,21.0,2.25,Digboi_JyotiNgr_D (Assam),0.0254925784841718,-0.0016339014750718184,-0.002201564827647761,0.0014748078637691648,-0.0021592702293547384,-0.001039394206021034,0.001169326187897814,0.0005908324820177358,0.0021835098117730396,0.001089975637579315,0.000200372998576243,0.0004150750573708019,-0.0010942842252749784,-0.006480227925486716,-0.03325157064906923,0.04340891262989277,0.012811755410709834
IND786181AAC,0.0020188420392019,3,3,0.0384615384615384,176.0,3.811484145145472,Margherita_CivilHPL_D (Assam),0.3553161988995432,-0.0016339014750719216,-0.0022015648276477416,0.0014748078637691585,-0.002159270229354743,-0.001039394206021045,0.0011693261878978132,0.0005908324820177357,0.0021835098117731068,0.0010899756375792578,0.00020037299857616147,0.00041507505737068296,-0.0010942842252749565,-0.006535862372921342,-0.03368355054661822,0.044010603816555166,0.013013250629585988
IND461111AAA,0.0012194054030386,1,1,0.0,80.0,1.8916666666666664,Itarsi_DivrsnRd_D (Madhya Pradesh),0.0975524322430929,-0.001633901475070265,-0.002201564827648039,0.0014748078637692775,-0.0021592702293546824,-0.0010393942060210222,0.0011693261878977892,0.0005908324820180097,0.0021835098117719844,0.0010899756375818545,0.00020037299857983998,0.00041507505737548435,-0.0010942842252790368,-0.0011545079062413605,0.0015720035804047958,-0.0029326593176629855,-0.0006432111424458669
IND460001AAA,0.0008136666812615,1,1,0.0,84.0,1.584261204481793,Betul_PatelWrd_D (Madhya Pradesh),0.0683480012259731,-0.0016339014750702554,-0.002201564827648033,0.0014748078637692786,-0.0021592702293546846,-0.0010393942060210185,0.001169326187897785,0.0005908324820179968,0.0021835098117719853,0.0010899756375818634,0.00020037299857986066,0.0004150750573754855,-0.0010942842252791264,-0.0011745093467208604,0.001613453079424888,-0.0030152569921435353,-0.0006638170161173974
IND480334AAA,0.000407198213582,1,1,0.0,42.0,1.4553571428571428,Pandhurna_Mataward_D (Madhya Pradesh),0.0171023249704452,-0.0016339014750702573,-0.0022015648276480365,0.0014748078637692825,-0.0021592702293546833,-0.0010393942060210166,0.0011693261878977903,0.0005908324820179727,0.002183509811771986,0.0010899756375818675,0.00020037299857987483,0.00041507505737547947,-0.0010942842252791834,-0.0011880370145697875,0.0016415664011886959,-0.0030713104282445885,-0.0006778174701732555
IND518002AAA,0.0100513376242392,10,8,0.0986394557823129,405.0,2.919694040026912,Kurnool_AbbasNgr_I (Andhra Pradesh),4.070791737816893,-0.0016339014750704115,-0.0022015648276480122,0.0014748078637692188,-0.00215927022935468,-0.0010393942060208836,0.0011693261878978826,0.0005908324820179949,0.0021835098117720378,0.0010899756375807805,0.00020037299857934086,0.0004150750573752226,-0.0010942842252765473,0.0007169500859696529,0.00501905234309576,0.0008510008198707422,-0.004392511424970436
IND509103AAB,0.0002023220514616,2,2,0.7,28.0,2.026143790849673,Wanaparthy_VallaDPP_D (Telangana),0.005665017440927,-0.001633901475070426,-0.002201564827648001,0.00147480786376922,-0.00215927022935468,-0.0010393942060208756,0.0011693261878978933,0.0005908324820179918,0.002183509811772037,0.0010899756375807518,0.00020037299857931284,0.00041507505737516185,-0.0010942842252764894,0.0007267072156417908,0.005122813491527126,0.0008697865739898461,-0.004502720933137813
IND444602AAA,0.0,0,1,0.0,84.0,2.087312197606315,Amravati_DC (Maharashtra),0.0,-0.0016339014750701908,-0.002201564827647732,0.0014748078637692723,-0.0021592702293548242,-0.0010393942060211384,0.0011693261878977545,0.0005908324820177459,0.0021835098117719575,0.0010899756375818853,0.00020037299857988622,0.0004150750573750021,-0.0010942842252774337,-0.0013780998360130236,0.0014119772748438146,-0.0010969208932194636,-0.004629957447641197
IND444005AAB,0.0044335712304975,3,3,0.0357142857142857,444.0,2.1251870032725573,Akola_Gaurkshn_I (Maharashtra),1.968505626340908,-0.0016339014750701808,-0.0022015648276477377,0.0014748078637692732,-0.002159270229354822,-0.0010393942060211328,0.001169326187897751,0.0005908324820177585,0.0021835098117719536,0.0010899756375818853,0.00020037299857988963,0.00041507505737499976,-0.0010942842252774285,-0.0013724870405086751,0.0014033335888925423,-0.0010897658067956374,-0.004595787326921317
IND201007AAB,0.002146566684528,1,3,0.3,32.0,1.3207023970181864,Ghaziabad_MohanNgr_C (Uttar Pradesh),0.0686901339048982,-0.0016339014750702372,-0.002201564827648044,0.001474807863769327,-0.0021592702293546065,-0.0010393942060210413,0.001169326187897783,0.0005908324820180492,0.0021835098117719874,0.00108997563758225,0.00020037299857938028,0.00041507505737591364,-0.001094284225277532,-0.0023798134533201502,-0.0013949015361480284,-0.0036610180332169733,-0.0008070523640339343
IND416012AAA,0.0105201475213297,5,5,0.0777777777777777,482.0,2.034314514980633,Kolhapur_Shivaji_I (Maharashtra),5.07071110528092,-0.0016339014750702868,-0.002201564827647938,0.0014748078637692185,-0.002159270229354845,-0.0010393942060210294,0.0011693261878977994,0.0005908324820181085,0.0021835098117720065,0.0010899756375812983,0.00020037299857959254,0.0004150750573757459,-0.0010942842252768229,9.748214979050326e-05,0.0033448132731419256,-0.00040767348828062123,-0.0034916924025957218
IND591237AAB,0.002023585387568,1,1,0.0,5.0,1.5,Nipani_AkkolRD_D (Karnataka),0.0101179269378402,-0.001633901475070292,-0.002201564827647911,0.0014748078637692149,-0.002159270229354865,-0.001039394206021028,0.001169326187897809,0.0005908324820181225,0.0021835098117720135,0.001089975637581278,0.00020037299857960175,0.0004150750573757529,-0.0010942842252767732,9.946832143919245e-05,0.0034491393783421514,-0.0004212716627600979,-0.0036245024592319775
IND591201AAA,0.0020213961498606,1,2,0.1666666666666666,36.0,1.5272500339167003,Chikodi_IndraNgr_D (Karnataka),0.0727702613949822,-0.0016339014750702987,-0.002201564827647892,0.0014748078637692116,-0.002159270229354891,-0.0010393942060210322,0.0011693261878978273,0.0005908324820181309,0.0021835098117720182,0.0010899756375812482,0.00020037299857960964,0.0004150750573757407,-0.0010942842252767192,0.00010150065690925539,0.0035563092861989223,-0.00043525125480803383,-0.0037612626328012736
IND591304AAA,0.0004053738488258,1,2,0.1666666666666666,43.0,1.5377882599580712,Athani_VikrmMah_D (Karnataka),0.017431075499511,-0.001633901475070302,-0.0022015648276478834,0.001474807863769211,-0.002159270229354899,-0.001039394206021033,0.0011693261878978271,0.0005908324820181449,0.002183509811772021,0.0010899756375812382,0.00020037299857961736,0.0004150750573757414,-0.0010942842252766969,0.00010205505238507223,0.0035856001084539238,-0.00043907348511474715,-0.003798685063088678
IND586101AAB,0.001409869083585,2,1,0.1666666666666666,15.0,2.1481481481481484,Bijapur_Central_D_2 (Karnataka),0.0211480362537764,-0.0016339014750703,-0.0022015648276478878,0.0014748078637692125,-0.0021592702293548914,-0.0010393942060210322,0.0011693261878978282,0.0005908324820181296,0.002183509811772019,0.0010899756375812508,0.0002003729985796159,0.00041507505737573024,-0.0010942842252767058,0.00010173861620202371,0.0035688889900124645,-0.0004368930007080938,-0.0037773405052490805
IND121004AAB,0.0048898602621053,9,7,0.0221238938053097,615.0,1.8510364635364636,FBD_Balabhgarh_DPC (Haryana),3.0072640611947703,-0.0016339014750701474,-0.0022015648276480517,0.0014748078637694163,-0.0021592702293544938,-0.0010393942060210838,0.0011693261878977653,0.0005908324820180171,0.002183509811771931,0.0010899756375818254,0.00020037299857952458,0.00041507505737598937,-0.0010942842252775358,-0.0022979450570487364,-0.0013708038840241164,-0.0031700788286666173,-0.000796443336043596
IND121102AAA,0.0,1,1,0.0,52.0,2.0,Palwal (Haryana),0.0,-0.00163390147507014,-0.002201564827648053,0.00147480786376942,-0.002159270229354489,-0.0010393942060210825,0.001169326187897766,0.0005908324820180266,0.0021835098117719233,0.0010899756375818298,0.00020037299857952998,0.00041507505737599327,-0.001094284225277535,-0.0023073425196875534,-0.0013792472066724488,-0.0031908926474229025,-0.0008023649688353815
IND487001AAB,0.0031862530466891,1,1,0.0,8.0,1.6802314814814814,Narsinghpur_KndliDPP_D (Madhya Pradesh),0.0254900243735131,-0.001633901475070289,-0.002201564827648105,0.0014748078637692467,-0.0021592702293547436,-0.0010393942060210187,0.0011693261878977972,0.0005908324820178694,0.002183509811772007,0.001089975637582541,0.00020037299858025393,0.00041507505737535446,-0.00109428422528068,-0.0013617288783170562,0.0020708271406120857,-0.003959573577341238,-0.0009190256589514189
IND487551AAA,0.0067738663397405,2,1,0.0,21.0,1.6402811480210862,Gadarwara_MPward_D (Madhya Pradesh),0.1422511931345505,-0.0016339014750702875,-0.0022015648276480886,0.0014748078637692513,-0.002159270229354728,-0.001039394206021021,0.001169326187897796,0.0005908324820178909,0.0021835098117720035,0.0010899756375824107,0.00020037299858016353,0.000415075057375388,-0.0010942842252803149,-0.0013134051352855195,0.0019570902341756896,-0.0037264813458927648,-0.0008570292239047326
IND134102AAA,1.824364756191894e-07,2,1,0.1666666666666666,16.0,2.75,Kalka_Pinjore_DC (Haryana),2.9189836099070305e-06,-0.0016339014750704124,-0.0022015648276482547,0.001474807863769095,-0.0021592702293549994,-0.0010393942060209329,0.0011693261878978388,0.0005908324820180817,0.0021835098117720833,0.0010899756375822224,0.0002003729985804116,0.0004150750573763983,-0.0010942842252763948,-0.0018496385761254952,0.0004898165195396642,-0.0037129422634626366,-0.0036310912346958356
IND174101AAB,0.0,0,2,0.0,46.0,2.873214285714285,Nalagarh_Central_DPP_2 (Himachal Pradesh),0.0,-0.0016339014750703933,-0.0022015648276482464,0.001474807863769108,-0.0021592702293549777,-0.0010393942060209405,0.0011693261878978187,0.0005908324820180764,0.0021835098117720724,0.0010899756375821982,0.0002003729985803738,0.0004150750573763974,-0.0010942842252764271,-0.0018262145335353707,0.00048047998923894734,-0.003637509960301022,-0.003547576981560197
IND785001AAA,0.008821168469139,5,3,0.0576923076923076,49.0,2.2731442577030814,Jorhat_RicMilRd_D (Assam),0.4322372549878132,-0.0016339014750699006,-0.0022015648276481285,0.001474807863769313,-0.002159270229354665,-0.0010393942060210068,0.0011693261878977658,0.0005908324820179572,0.0021835098117717654,0.0010899756375802325,0.00020037299857820167,0.0004150750573733093,-0.0010942842252752796,-0.005416580356693996,-0.024900235514456703,0.031750235243653176,0.008888176772941096
IND785112AAC,0.0004053738488258,1,2,0.5,8.0,8.622624269005849,Teok_Wardno3_D (Assam),0.0032429907906067,-0.0016339014750698902,-0.002201564827648131,0.0014748078637693124,-0.0021592702293546603,-0.001039394206021011,0.001169326187897765,0.0005908324820179547,0.0021835098117717563,0.0010899756375802024,0.00020037299857821587,0.00041507505737329876,-0.0010942842252752644,-0.005441722479586729,-0.025074360890222195,0.03198692078903738,0.008963216381774905
IND785634AAA,0.0,1,1,1.0,3.0,31.2,Mariani_Mainroad_D (Assam),0.0,-0.001633901475069898,-0.0022015648276481354,0.0014748078637693129,-0.002159270229354661,-0.001039394206021008,0.001169326187897768,0.0005908324820179606,0.002183509811771756,0.0010899756375802093,0.00020037299857819977,0.00041507505737331665,-0.0010942842252752566,-0.005440365868528459,-0.025064948285089258,0.031974121812927164,0.008959155437696953
IND560060AAB,0.0,3,2,1.0,100.0,1.4634188034188034,Bengaluru_Kengeri_IP (Karnataka),0.0,-0.0016339014750703456,-0.002201564827648051,0.0014748078637692194,-0.0021592702293547128,-0.001039394206020943,0.0011693261878978176,0.0005908324820182135,0.0021835098117720295,0.0010899756375812165,0.00020037299857920355,0.0004150750573756903,-0.0010942842252769339,0.0018641355267050932,0.005813139952796761,0.0014373458325578753,-0.0019175270766477069
IND843301AAA,0.0004031846111184,2,1,0.3333333333333333,38.0,1.4791304347826086,Sitamari_Durma_D (Bihar),0.0153210152224995,-0.0016339014750703473,-0.0022015648276480396,0.0014748078637691535,-0.002159270229354844,-0.001039394206020972,0.0011693261878978017,0.0005908324820179977,0.0021835098117720486,0.0010899756375812616,0.0002003729985723878,0.0004150750573723753,-0.001094284225278704,-0.003936331954384442,-0.0025064425257526972,-0.015039354038889056,-0.013011121784188907
IND847223AAA,0.0012084592145015,1,1,0.5,19.0,8.878064903846154,Benipatti_WardNo1_D (Bihar),0.0229607250755287,-0.0016339014750703373,-0.0022015648276480448,0.0014748078637691541,-0.002159270229354835,-0.0010393942060209782,0.0011693261878977974,0.0005908324820180096,0.0021835098117720425,0.0010899756375812664,0.00020037299857249735,0.00041507505737242565,-0.0010942842252786905,-0.003910354864254107,-0.0024815337856700917,-0.014880040467554652,-0.01285505403817719
IND262405AAA,0.0,0,1,0.0,3.0,2.75,Sitarganj_SidculRd_D (Uttarakhand),0.0,-0.0016339014750701014,-0.002201564827646829,0.0014748078637700065,-0.002159270229353164,-0.0010393942060211933,0.001169326187897792,0.000590832482018219,0.0021835098117719003,0.0010899756375821943,0.0002003729985810936,0.0004150750573793435,-0.0010942842252750246,-0.0028000896552645236,-0.0010115537006036863,-0.005404057614709029,-0.003773115857696523
IND000000AFJ,7.297459024767576e-07,1,2,0.5,2.0,2.333333333333333,Trivandrum_Pettah_D (Kerala),1.4594918049535152e-06,-0.0016339014750702322,-0.0022015648276480482,0.0014748078637692775,-0.0021592702293547397,-0.0010393942060209905,0.0011693261878978941,0.0005908324820182533,0.0021835098117719267,0.0010899756375803405,0.00020037299857807395,0.00041507505737803455,-0.0010942842252895416,0.005751983794365291,0.07568403072593329,0.040004300399858334,0.045295490914820526
IND695121AAA,0.0002041464162178,1,2,0.6666666666666666,37.0,1.5215201465201469,Neyatinkra_Arlumodu_D (Kerala),0.0075534174000612,-0.0016339014750702298,-0.0022015648276480504,0.0014748078637692754,-0.0021592702293547397,-0.0010393942060209938,0.001169326187897896,0.0005908324820182386,0.002183509811771924,0.0010899756375803656,0.00020037299857806763,0.00041507505737798674,-0.0010942842252894152,0.005723802135976126,0.07512662795394016,0.039690359183920415,0.04489328846754966
IND695572AAB,0.0002052410350715,3,2,0.25,8.0,1.4553571428571428,Kallikkad_Mutyvila_D (Kerala),0.0016419282805727,-0.0016339014750702326,-0.002201564827648053,0.0014748078637692769,-0.002159270229354737,-0.0010393942060209918,0.0011693261878978985,0.0005908324820182387,0.00218350981177193,0.0010899756375803559,0.0002003729985780364,0.000415075057377981,-0.001094284225289456,0.00573075129034387,0.07526414215359818,0.03976781758454935,0.04499254388463071
IND415409AAB,0.0016193061575959,1,1,0.0,24.0,1.8947368421052635,Islampur_Shantanu_D (Maharashtra),0.0388633477823022,-0.0016339014750702825,-0.0022015648276479285,0.0014748078637692196,-0.0021592702293548524,-0.0010393942060210333,0.0011693261878977968,0.0005908324820181218,0.002183509811772007,0.0010899756375812978,0.00020037299857961438,0.00041507505737576136,-0.0010942842252768057,5.0207454935590314e-05,0.0033320743827236015,-0.0004663918612301405,-0.003565103342337968
IND415124AAA,0.0016171169198884,1,1,0.0,0.0,0.0,Karad_Mundhe_D (Maharashtra),0.0,-0.0016339014750702764,-0.002201564827647941,0.001474807863769222,-0.0021592702293548494,-0.0010393942060210437,0.001169326187897794,0.0005908324820181219,0.002183509811772005,0.0010899756375813154,0.00020037299857962964,0.00041507505737576554,-0.001094284225276804,-4.122622216189984e-07,0.0032764905101796255,-0.0005224687320242693,-0.003588804342643385
IND415605AAA,0.001614927682181,1,1,0.0,32.0,2.107738095238095,Chiplun_LxmiNiws_D (Maharashtra),0.051677685829794,-0.0016339014750702703,-0.0022015648276479515,0.0014748078637692318,-0.0021592702293548416,-0.001039394206021055,0.001169326187897786,0.0005908324820181147,0.0021835098117720113,0.0010899756375813297,0.00020037299857965447,0.0004150750573757947,-0.0010942842252768313,-9.08106670981807e-05,0.0031213426601581526,-0.0006131234455950148,-0.0035573440423072133
IND700088AAA,0.0,1,1,0.0,27.0,3.263425925925926,Kolkata_TrtllaRD_L (West Bengal),0.0,-0.0016339014750702998,-0.002201564827648075,0.0014748078637692652,-0.0021592702293547167,-0.001039394206021012,0.0011693261878978054,0.0005908324820181163,0.0021835098117720373,0.0010899756375822652,0.00020037299857999952,0.0004150750573761794,-0.0010942842252759078,-0.0021681112674792743,-0.004003193080926985,0.005820550630619984,-0.0008697272183597615
IND000000ADV,0.0,0,1,0.0,72.0,1.4916666666666667,Chennai_Mdhavram_C (Tamil Nadu),0.0,0.0038160922115912602,-0.0381023870017244,0.04633961736750142,-0.08105452681314487,0.07455716400855426,-0.0025877959293922133,-0.03945000841052042,0.008600874529189778,-0.04840278041593701,-0.010581678758512415,-0.03918803087650975,0.06639814561591062,5.3428196780777286e-15,7.317100635590978e-15,-7.784511245297718e-15,1.699674944388148e-14
IND302006AAA,0.0,1,1,0.0,26.0,3.763888888888889,Jaipur (Rajasthan),0.0,0.00619021337249957,-0.004692625825373561,0.013342019140760412,-0.007794179941099495,-0.009692031391717435,-0.00449736392044251,0.0076079521120823385,-0.008988039169708788,0.013518004607779282,-0.0020962111318062063,0.009676212933406416,-0.014774234203030125,-1.1218982528126256e-15,-1.934981203173461e-15,1.6685707476640717e-15,-4.10232039761827e-15
IND466001AAA,0.0004053738488258,1,1,0.5,30.0,1.805555555555556,Sehore_Mangalam_D (Madhya Pradesh),0.0121612154647751,-0.0016339014750702578,-0.002201564827648044,0.0014748078637692736,-0.0021592702293546833,-0.0010393942060210224,0.0011693261878977855,0.0005908324820180155,0.002183509811771988,0.0010899756375818258,0.00020037299857979295,0.000415075057375508,-0.0010942842252788523,-0.0011092493485975277,0.0014786258397249546,-0.0027467442276891884,-0.0005969166600763351
IND466116AAA,0.0004031846111184,1,1,0.5,44.0,2.086805555555556,Ashta_ShantiNg_D (Madhya Pradesh),0.0177401228892099,-0.0016339014750702582,-0.002201564827648051,0.0014748078637692754,-0.00215927022935468,-0.0010393942060210246,0.0011693261878977855,0.0005908324820180136,0.0021835098117719905,0.0010899756375818245,0.0002003729985797938,0.00041507505737551004,-0.0010942842252788432,-0.0011093370327633406,0.001478801771720306,-0.0027470925609332703,-0.0005970023600874334
IND410505AAB,0.000808193586993,2,2,0.4,14.0,2.2282563025210083,Rajgurunagar_Chakan_D (Maharashtra),0.0113147102179021,-0.0016339014750703,-0.002201564827647841,0.0014748078637691836,-0.0021592702293548515,-0.0010393942060209986,0.001169326187897803,0.0005908324820180396,0.002183509811771999,0.0010899756375813295,0.00020037299857952298,0.0004150750573756178,-0.0010942842252768632,-0.0002601553898483389,0.003074630685034408,-0.00048058538821242624,-0.0038593701973400458
IND410501AAF,0.0,1,1,1.0,8.0,2.63125,Talegaon_Central_DPP_4 (Maharashtra),0.0,-0.0016339014750702964,-0.0022015648276478357,0.0014748078637691875,-0.0021592702293548476,-0.0010393942060209992,0.0011693261878978,0.0005908324820180357,0.002183509811771997,0.0010899756375813295,0.00020037299857952225,0.00041507505737562253,-0.0010942842252768706,-0.00025981560238447866,0.003068589955836392,-0.0004795791433718756,-0.0038502243140086335
IND713128AAB,0.0012128376899163,1,2,0.1666666666666666,19.0,3.5033670033670035,Guskhara_Itachnda_D (West Bengal),0.023043916108411,-0.0016339014750701955,-0.002201564827648078,0.0014748078637693016,-0.002159270229354707,-0.0010393942060210595,0.0011693261878977749,0.0005908324820180991,0.002183509811771961,0.0010899756375834003,0.00020037299857952176,0.00041507505737759914,-0.0010942842252731012,-0.0027857794126518206,-0.006064278532396221,0.009147101160061278,-0.0014876361919180198
IND600116AAB,0.0028281302450486,4,3,0.0526315789473684,35.0,2.996117901706137,Chennai_Porur_DPC (Tamil Nadu),0.0989845585767035,-0.0016339014750701363,-0.002201564827649175,0.0014748078637697708,-0.002159270229353639,-0.0010393942060209853,0.0011693261878977846,0.0005908324820181526,0.0021835098117718886,0.0010899756375806658,0.00020037299857904412,0.0004150750573760261,-0.0010942842252773788,0.0003882446857567199,0.005059524838360906,0.0004952731849945593,-0.004174045211117833
IND602024AAA,0.0004053738488258,1,2,0.5,26.0,2.2253052503052504,Chennai_Vepmpttu_DC (Tamil Nadu),0.0105397200694718,-0.0016339014750701472,-0.00220156482764924,0.0014748078637697975,-0.002159270229353586,-0.001039394206020981,0.0011693261878977835,0.0005908324820181644,0.0021835098117718933,0.0010899756375806432,0.00020037299857901541,0.00041507505737602526,-0.00109428422527738,0.00039183129818266057,0.0051301046680923565,0.0005026417086921328,-0.004244444985183142
IND602001AAA,0.0,1,1,1.0,12.0,2.2163461538461537,Chennai_Thiruvlr_DC (Tamil Nadu),0.0,-0.0016339014750701426,-0.0022015648276492413,0.0014748078637697934,-0.0021592702293535865,-0.0010393942060209843,0.0011693261878977842,0.0005908324820181634,0.002183509811771887,0.001089975637580644,0.0002003729985790217,0.0004150750573760175,-0.0010942842252773773,0.0003918129433178426,0.005129742991523083,0.0005026039399476085,-0.0042440839384661035
IND160102AAD,0.0,0,2,0.0,51.0,1.6749999999999998,Chandigarh_Raiprkln_C (Chandigarh),0.0,-0.0016339014750703742,-0.002201564827648258,0.0014748078637691123,-0.00215927022935496,-0.0010393942060209532,0.0011693261878978009,0.0005908324820180833,0.0021835098117720677,0.001089975637582201,0.0002003729985803592,0.0004150750573763979,-0.001094284225276451,-0.001812672363822364,0.0004750379032575188,-0.003593471171123679,-0.003498651739718414
IND400072AAD,0.0005896921843329,3,1,0.0,282.0,2.9421950598421187,Mumbai_Chndivli_PC (Maharashtra),0.1662931959818864,-0.001633901475070206,-0.0022015648276479316,0.001474807863769275,-0.00215927022935475,-0.0010393942060210636,0.001169326187897765,0.000590832482017962,0.002183509811771967,0.001089975637581764,0.00020037299857970583,0.0004150750573755101,-0.0010942842252771995,-0.0011992436596645912,0.001408324008986432,-0.0009284853200473139,-0.0039972995692318086
IND401104AAA,0.0012155742370506,4,4,0.2,162.0,3.721151617989853,Mumbai_MiraRd_IP (Maharashtra),0.1969230264022067,-0.0016339014750702157,-0.0022015648276479437,0.0014748078637692786,-0.002159270229354743,-0.0010393942060210651,0.00116932618789777,0.0005908324820179667,0.00218350981177197,0.0010899756375817532,0.00020037299857971472,0.00041507505737552284,-0.0010942842252772173,-0.0012021576878773954,0.0013597645936693895,-0.0009204980147109712,-0.003924964078695614
IND401209AAB,0.0,0,3,0.3333333333333333,95.0,2.4214285714285717,Mumbai_Vasai_CP (Maharashtra),0.0,-0.0016339014750702053,-0.0022015648276479454,0.0014748078637692745,-0.0021592702293547436,-0.001039394206021059,0.0011693261878977662,0.0005908324820179705,0.0021835098117719606,0.0010899756375817185,0.00020037299857971052,0.00041507505737554864,-0.0010942842252772286,-0.001230746584744887,0.0013083513101154421,-0.0009341232060679104,-0.003928321834639728
IND577002AAA,0.0032262066348497,4,3,0.175,150.0,1.895079365079365,Davangere_Central_I_1 (Karnataka),0.4839309952274618,-0.001633901475070373,-0.0022015648276478804,0.0014748078637691355,-0.0021592702293548455,-0.0010393942060209264,0.0011693261878978232,0.0005908324820182095,0.0021835098117720334,0.0010899756375812235,0.0002003729985792816,0.0004150750573756276,-0.001094284225276705,0.0014829240470301554,0.004825375925737323,0.00078475260614706,-0.0027236068211014142
IND581115AAC,0.0,1,1,1.0,74.0,1.7649572649572651,Ranebennur_SriRmNGR_D (Karnataka),0.0,-0.001633901475070374,-0.002201564827647868,0.0014748078637691292,-0.002159270229354848,-0.0010393942060209222,0.0011693261878978226,0.0005908324820182066,0.00218350981177203,0.0010899756375812165,0.00020037299857927183,0.00041507505737562074,-0.001094284225276685,0.001495126735021358,0.0048853206590855364,0.000795149320106505,-0.002764508440047439
IND581110AAE,0.000808193586993,2,2,0.4,121.0,2.692763347763348,Haveri_GuttalRD_D (Karnataka),0.0977914240261541,-0.001633901475070375,-0.002201564827647873,0.0014748078637691273,-0.002159270229354849,-0.0010393942060209214,0.0011693261878978208,0.0005908324820182003,0.0021835098117720334,0.001089975637581217,0.0002003729985792725,0.0004150750573756061,-0.0010942842252766823,0.0014971592080797358,0.004895322296930775,0.0007968845753836614,-0.0027713400410546425
IND211002AAB,0.0088538854104334,6,4,0.0227272727272727,265.0,2.8398579782790305,Allahabad_Central_H_1 (Uttar Pradesh),2.3462796337648566,-0.0016339014750701402,-0.002201564827648037,0.001474807863769363,-0.0021592702293544994,-0.001039394206021064,0.0011693261878977638,0.0005908324820177911,0.0021835098117719094,0.001089975637581432,0.00020037299857921713,0.00041507505737450146,-0.0010942842252850689,-0.004248174042665312,-0.006605504489578045,-0.016901241003220904,0.02764456776342542
IND636102AAA,0.0,1,1,0.0,25.0,1.2857142857142858,Attur_KaaduRd_D (Tamil Nadu),0.0,-0.001633901475070025,-0.002201564827649443,0.0014748078637698801,-0.0021592702293533146,-0.001039394206020979,0.0011693261878977306,0.00059083248201808,0.0021835098117718,0.0010899756375805972,0.00020037299857895307,0.00041507505737593776,-0.0010942842252774244,0.0003969906958147428,0.005241729610728493,0.0005145156424470465,-0.0043625472927637104
IND174001AAA,0.0024223915232715,2,1,0.0,16.0,2.5185185185185186,BilaspurHP_Indsarea_D (Himachal Pradesh),0.0387582643723455,-0.0016339014750704041,-0.0022015648276483032,0.0014748078637690397,-0.0021592702293550545,-0.001039394206020941,0.0011693261878978189,0.0005908324820181824,0.002183509811772071,0.0010899756375822689,0.0002003729985805106,0.00041507505737635507,-0.0010942842252763387,-0.0018882513891277822,0.0005058731866699795,-0.003843768261643418,-0.003778595975973244
IND175018AAA,0.0024202022855641,1,1,0.0,16.0,2.9333333333333336,SundarNgr_Bhogpur_D (Himachal Pradesh),0.0387232365690266,-0.001633901475070403,-0.00220156482764831,0.0014748078637690284,-0.0021592702293550575,-0.0010393942060209452,0.0011693261878977929,0.0005908324820181838,0.002183509811772078,0.0010899756375822942,0.0002003729985804963,0.00041507505737640006,-0.0010942842252763348,-0.001894094887253398,0.0005081699633798233,-0.0038622719576845597,-0.003798956070554272
IND175001AAA,0.0024180130478567,1,1,0.0,34.0,1.4201977401129944,Mandi_PlaceCol_D (Himachal Pradesh),0.082212443627129,-0.0016339014750703983,-0.002201564827648307,0.0014748078637690245,-0.0021592702293550454,-0.0010393942060209513,0.0011693261878977731,0.0005908324820181563,0.0021835098117720694,0.0010899756375822892,0.00020037299858047513,0.0004150750573763794,-0.001094284225276343,-0.001884774219543754,0.0005043601456801467,-0.0038313353421146825,-0.0037643275189351726
IND175101AAA,0.0024158238101493,1,1,0.0,32.0,1.7233400402414487,Kullu_AkhraBzr_D (Himachal Pradesh),0.0773063619247778,-0.001633901475070386,-0.0022015648276482477,0.0014748078637690574,-0.0021592702293550046,-0.001039394206020938,0.0011693261878977861,0.0005908324820181205,0.0021835098117720677,0.0010899756375822203,0.00020037299858041986,0.0004150750573764013,-0.0010942842252764087,-0.001841991379791094,0.00048702653882258545,-0.00369082812619163,-0.0036076415566687944
IND686028AAB,0.0024482975028095,3,2,0.0,47.0,2.8835978835978837,Kottayam_Central_H_1 (Kerala),0.1150699826320475,-0.0016339014750697033,-0.0022015648276488544,0.0014748078637686348,-0.002159270229354211,-0.0010393942060211395,0.0011693261878962602,0.0005908324820181072,0.0021835098117738315,0.001089975637583269,0.00020037299857577763,0.0004150750573718701,-0.0010942842252822192,0.00384871723117824,0.036125314414232494,0.01747686088540373,0.015696247782817484
IND690548AAA,0.0004108469430944,2,1,0.1666666666666666,36.0,1.2222222222222223,Haripad_Kumrpurm_D (Kerala),0.0147904899513989,-0.0016339014750695554,-0.0022015648276489993,0.0014748078637685199,-0.002159270229354105,-0.0010393942060212416,0.0011693261878959799,0.0005908324820180516,0.0021835098117740292,0.001089975637583721,0.00020037299857554984,0.00041507505737151806,-0.0010942842252828038,0.003957522898629146,0.03768099709467253,0.018280916604755826,0.01651793308757291
IND688009AAA,4.378475414860546e-06,1,1,0.0,44.0,2.2142857142857144,Alappuzha_Pazhvedu_D (Kerala),0.0001926529182538,-0.0016339014750695391,-0.0022015648276489316,0.0014748078637685687,-0.0021592702293541724,-0.0010393942060211733,0.0011693261878961308,0.0005908324820180801,0.0021835098117737334,0.0010899756375834736,0.0002003729985756753,0.0004150750573717095,-0.0010942842252825193,0.00390252128643432,0.03689318823132119,0.017873594356913887,0.016101368022438337
IND625531AAA,3.648729512383788e-07,1,1,0.0,14.0,1.2638888888888888,Theni_Rathnam_D (Tamil Nadu),5.108221317337304e-06,0.003924301322963841,-0.007718983503482852,0.010655081328392357,-0.009289066971924748,0.0007248610992129884,-0.0036166709094503586,0.01307230136698324,-0.0053174934909649375,0.011137012538906836,-0.00849577714619316,0.009445492930392567,-0.015446229277288821,-2.232798744517403e-15,-3.0633626737883598e-15,3.182908534228881e-15,-3.106057623945689e-15
IND625516AAA,2.189237707430273e-06,2,1,0.3333333333333333,7.0,1.9802989130434785,Cumbum_LFRoad_D (Tamil Nadu),1.532466395201191e-05,0.00392430132296384,-0.007718983503482854,0.010655081328392366,-0.009289066971924779,0.000724861099212985,-0.0036166709094503685,0.013072301366983246,-0.005317493490964914,0.01113701253890679,-0.008495777146193177,0.009445492930392362,-0.015446229277288956,-2.2169056777436653e-15,-2.9663756054244682e-15,3.1304522407737954e-15,-3.1272031984896503e-15
IND685514AAA,5.473094268575682e-06,3,1,0.2,40.0,1.5010449320794148,Kattappana_Palikval_D (Kerala),0.000218923770743,0.003924301322963846,-0.0077189835034828565,0.010655081328392378,-0.009289066971924775,0.0007248610992129941,-0.003616670909450366,0.013072301366983272,-0.005317493490964912,0.011137012538906827,-0.00849577714619313,0.00944549293039242,-0.015446229277288915,-2.1912990359106323e-15,-2.9835566628075332e-15,3.14646537294523e-15,-3.134053280744263e-15
IND313001AAB,0.0088220563266537,4,5,0.0714285714285714,387.0,1.9445025079409757,Udaipur_Mangri_I (Rajasthan),3.414135798414992,-0.0016339014750702176,-0.002201564827648386,0.0014748078637693443,-0.002159270229354787,-0.0010393942060211694,0.0011693261878976873,0.0005908324820181364,0.002183509811772023,0.0010899756375796928,0.00020037299858033521,0.00041507505737660986,-0.0010942842252759362,-0.001500292193273787,0.0015676220289369501,-0.0035748924809474157,-0.004456236973433951
IND572101AAA,0.0016266036166206,3,2,0.15,80.0,1.9955882352941177,Tumkur_Veersagr_I (Karnataka),0.1301282893296554,-0.0016339014750704178,-0.0022015648276479506,0.001474807863769173,-0.0021592702293547943,-0.001039394206020904,0.0011693261878978757,0.0005908324820184392,0.0021835098117720655,0.0010899756375811057,0.00020037299857922006,0.0004150750573756592,-0.001094284225276724,0.0020188484114723056,0.005461734625532264,0.0011708594268179365,-0.002399881956053884
IND561203AAB,0.0,1,1,0.5,36.0,1.5,Doddablpur_ChikaDPP_D (Karnataka),0.0,-0.001633901475070418,-0.002201564827647945,0.0014748078637691739,-0.002159270229354801,-0.0010393942060209006,0.0011693261878978841,0.0005908324820184722,0.0021835098117720672,0.0010899756375810931,0.00020037299857921287,0.00041507505737565245,-0.0010942842252766986,0.0020349996804142918,0.005527682038048298,0.0011859356273163392,-0.0024349054495613445
IND562101AAA,0.000814396427164,2,1,0.3333333333333333,0.0,0.0,Chikblapur_ShntiSgr_D (Karnataka),0.0,-0.0016339014750704223,-0.0022015648276479376,0.0014748078637691724,-0.002159270229354798,-0.001039394206020897,0.001169326187897883,0.0005908324820184766,0.0021835098117720677,0.001089975637581091,0.0002003729985792116,0.0004150750573756538,-0.0010942842252767075,0.0020361470514019095,0.005532373680627299,0.0011870084858909922,-0.0024373993196936433
IND561207AAB,0.0004082928324357,1,2,0.3333333333333333,14.0,1.5375,Bagepalli_TBCross_D (Karnataka),0.0057160996541004,-0.0016339014750704213,-0.0022015648276479437,0.0014748078637691693,-0.0021592702293548017,-0.0010393942060208997,0.0011693261878978833,0.0005908324820184729,0.002183509811772067,0.0010899756375810905,0.00020037299857921862,0.0004150750573756623,-0.0010942842252767064,0.002035867268721968,0.005531225572252772,0.0011867457601775705,-0.0024367877020252024
IND639001AAA,0.0,0,1,0.0,27.0,1.64,Karur (Tamil Nadu),0.0,0.003924301322963829,-0.0077189835034828435,0.010655081328392362,-0.009289066971924796,0.0007248610992129981,-0.003616670909450363,0.013072301366983275,-0.0053174934909649306,0.011137012538906494,-0.008495777146193357,0.00944549293039402,-0.015446229277288373,-2.1401814445416873e-15,-2.84125557769916e-15,3.389187821408009e-15,-2.3055146570889015e-15
IND421502AAA,0.0,0,1,0.0,33.0,3.333333333333333,Mumbai_Ambernath_Dc (Maharashtra),0.0,-0.0016339014750701487,-0.002201564827647815,0.0014748078637692775,-0.0021592702293547978,-0.0010393942060211035,0.0011693261878977894,0.0005908324820178083,0.0021835098117719324,0.0010899756375818245,0.00020037299857983678,0.0004150750573753259,-0.0010942842252772255,-0.0012554666959841499,0.0016617798284729415,-0.0010345020880338511,-0.004617306784278786
IND395023AAD,1.787877461068056e-05,5,5,0.0,117.0,2.247821622821623,Surat_Central_I_4 (Gujarat),0.0020918166294496,-0.0070820709748866985,-0.0011290668662148377,-0.005278622889405655,-0.0027268751970871146,0.010689807809418491,0.006653295816908401,-0.008275075644317427,0.009624934471828621,-0.009549919745795665,0.002836493108568037,-0.004289070796925655,0.00988266381075487,7.431264922407597e-16,1.2918253790099744e-15,-1.0770648467250671e-15,2.999035686287466e-15
IND68004AAA,0.0008103828247004,2,2,0.2,77.0,2.04,Thrissur_Poothole_D (Kerala),0.0623994775019338,-0.0016339014750702552,-0.002201564827648098,0.0014748078637692595,-0.0021592702293547063,-0.0010393942060209908,0.0011693261878977627,0.0005908324820182878,0.0021835098117721223,0.0010899756375819488,0.00020037299857792837,0.00041507505737457546,-0.0010942842252790416,0.0030903246174697556,0.024671255739270998,0.011496620116453062,0.00939590464210551
IND678683AAA,0.0004053738488258,1,1,0.0,0.0,0.0,Vadakkencherry_Robinson_D (Kerala),0.0,-0.001633901475070273,-0.0022015648276480764,0.0014748078637692446,-0.0021592702293547184,-0.0010393942060209819,0.0011693261878977796,0.0005908324820182705,0.0021835098117721063,0.0010899756375817725,0.00020037299857821926,0.0004150750573748112,-0.0010942842252785186,0.002820574062196508,0.020129825720587063,0.009083071037098744,0.006709295372454672
IND000000ABD,0.0004031846111184,1,1,0.0,144.0,1.4549114331723028,Pallakad_ChndrNgr_D (Kerala),0.0580585840010508,-0.0016339014750703148,-0.0022015648276480356,0.0014748078637692164,-0.0021592702293547397,-0.0010393942060209597,0.001169326187897799,0.0005908324820182444,0.0021835098117720638,0.0010899756375814678,0.00020037299857880784,0.00041507505737532795,-0.00109428422527759,0.0023060212146676054,0.011662689196203386,0.004600607797373664,0.0017655350193895773
IND414001AAA,0.0012150269276238,1,3,0.3,11.0,1.8029445594662985,AhmedNagar_DC (Maharashtra),0.0133652962038618,-0.0016339014750702916,-0.002201564827647827,0.001474807863769183,-0.0021592702293548593,-0.0010393942060209944,0.001169326187897798,0.0005908324820180334,0.002183509811771992,0.0010899756375813078,0.0002003729985795339,0.00041507505737560567,-0.0010942842252768526,-0.0002613449241467848,0.0030959713976323614,-0.00048414661932147797,-0.0038918629357780556
IND414302AAB,0.000808193586993,2,2,0.3333333333333333,9.0,1.973245614035088,Parner_Hindcwk_D (Maharashtra),0.007273742282937,-0.0016339014750703013,-0.002201564827647834,0.0014748078637691834,-0.0021592702293548463,-0.0010393942060210038,0.0011693261878977926,0.0005908324820180328,0.002183509811771999,0.0010899756375813204,0.00020037299857953025,0.0004150750573756213,-0.0010942842252768556,-0.0002613128444818266,0.0030953910908954733,-0.0004840496252478779,-0.0038909749398421327
IND412210AAC,0.0,1,1,0.5,8.0,1.2223320158102768,Shirur_Central_DPP_3 (Maharashtra),0.0,-0.0016339014750702868,-0.002201564827647837,0.001474807863769186,-0.0021592702293548524,-0.0010393942060209981,0.001169326187897797,0.0005908324820180341,0.0021835098117719987,0.001089975637581319,0.00020037299857953182,0.00041507505737561055,-0.0010942842252768589,-0.00026070381818240577,0.003084517311547347,-0.00048223677524694214,-0.003874467836640491
IND209111AAA,0.0016171169198884,1,1,0.0,63.0,1.85,Pukhrayan_Arulimod_D (Uttar Pradesh),0.1018783659529751,-0.0016339014750701693,-0.0022015648276480396,0.0014748078637693304,-0.0021592702293545835,-0.0010393942060210504,0.0011693261878977762,0.0005908324820179769,0.002183509811771937,0.0010899756375815739,0.0002003729985795762,0.0004150750573752745,-0.0010942842252804636,-0.003003349853762594,-0.0034459092367935848,-0.007497131416853407,0.009842748625923216
IND285001AAD,0.001614927682181,1,1,0.0,42.0,1.5714285714285714,Orai_Ajnari_D (Uttar Pradesh),0.0678269626516047,-0.001633901475070167,-0.002201564827648058,0.001474807863769333,-0.00215927022935458,-0.0010393942060210638,0.0011693261878977718,0.0005908324820179749,0.0021835098117719363,0.0010899756375815826,0.0002003729985795394,0.0004150750573753682,-0.0010942842252804766,-0.0030135064543420774,-0.003463447726751229,-0.007537800461758422,0.009903192856238073
IND591102AAA,0.0004046441029233,1,1,0.0,36.0,2.0384615384615383,Bailhongal_NamoNagr_D (Karnataka),0.014567187705241,-0.0016339014750704052,-0.002201564827647674,0.0014748078637690668,-0.0021592702293549747,-0.001039394206020907,0.0011693261878979028,0.0005908324820181993,0.0021835098117720386,0.0010899756375812272,0.000200372998579322,0.0004150750573754093,-0.0010942842252764933,0.000737355209431387,0.004353433788830278,0.0002773212548356773,-0.0035750191928655343
IND494334AAB,7.297459024767576e-07,1,1,0.0,66.0,1.5387893356643358,Kanker_KrisnKunj_D (Chhattisgarh),4.8163229563466e-05,0.008013715859531263,-0.006528482461853729,-0.02471052789024419,0.021444368841254963,0.00021419081785380452,0.01916538909840331,0.005767957743122721,-0.010744937461603479,-0.006058733843936779,0.012167536190910601,0.01094817857100354,-0.014375563850417172,-1.2742382943537404e-15,-1.3308850942551391e-15,1.706847187029159e-15,-3.231409723016369e-15
IND560083AAB,0.0,2,2,0.9,113.0,1.439157196969697,Bengaluru_Bnnrghta_L (Karnataka),0.0,-0.001633901475070341,-0.00220156482764807,0.0014748078637692212,-0.0021592702293546946,-0.0010393942060209428,0.0011693261878978057,0.000590832482018207,0.0021835098117720204,0.001089975637581214,0.00020037299857918585,0.0004150750573756846,-0.0010942842252769627,0.0018456878908883188,0.006029065877829458,0.0015414523626661888,-0.0018354227429577012
IND244901AAB,0.014030763654762,10,7,0.0444444444444444,218.0,1.7786404658195414,Rampur_RoshnBgh_I (Uttar Pradesh),3.0587064767381333,-0.0016339014750703955,-0.00220156482764861,0.0014748078637689562,-0.002159270229355379,-0.0010393942060209506,0.0011693261878978096,0.0005908324820180445,0.0021835098117720807,0.0010899756375800465,0.00020037299858278903,0.00041507505738852323,-0.0010942842252713752,-0.003479126999646977,-0.001479704237770223,-0.008217360178220896,-0.006295446194883176
IND243001AAA,0.0,0,2,1.0,32.0,1.7485795454545454,Bareilly_Central_D_2 (Uttar Pradesh),0.0,-0.0016339014750703688,-0.002201564827648634,0.0014748078637689382,-0.002159270229355399,-0.0010393942060209448,0.0011693261878978102,0.0005908324820180396,0.00218350981177207,0.0010899756375799784,0.00020037299858281465,0.00041507505738883364,-0.0010942842252712462,-0.0035093425718562307,-0.0014991032585709443,-0.008332247721138327,-0.006395212360011248
IND243503AAB,0.0004031846111184,3,1,0.4,41.0,2.0625,Faridpur_ShjnprRD_D (Uttar Pradesh),0.0165305690558547,-0.0016339014750703883,-0.002201564827648638,0.0014748078637689384,-0.0021592702293554054,-0.0010393942060209405,0.0011693261878978083,0.0005908324820180361,0.002183509811772066,0.001089975637579999,0.00020037299858284967,0.0004150750573888274,-0.00109428422527128,-0.0035083381017911764,-0.0014984572232690414,-0.00832842035171384,-0.006391886273109842
IND600032AAB,5.837967219814061e-06,3,4,0.5555555555555556,346.0,2.0888636363636364,Chennai_Hub (Tamil Nadu),0.0020199366580556,-0.0016339014750701652,-0.002201564827649029,0.0014748078637696939,-0.002159270229353802,-0.0010393942060209964,0.0011693261878977668,0.0005908324820181719,0.002183509811771908,0.001089975637580739,0.00020037299857909098,0.0004150750573760311,-0.0010942842252773747,0.000380172210266348,0.004898343092705403,0.00047839708843142926,-0.0040118006581897885
IND517501AAB,8.756950829721092e-06,2,2,0.0,89.0,2.293242296918767,Tirupati_Balajicly_I (Andhra Pradesh),0.0007793686238451,-0.008988664944742972,0.0023377365814968537,-0.0022830471338265374,-0.007762555673550977,0.00526587409507705,0.006007628667207275,-0.016272731371863424,-0.005778272268261298,0.004966099223776315,-0.0023438360032290856,0.004825991371118048,-0.00604756385739887,1.7242392224242583e-16,-1.9985507657835443e-16,9.297605736471273e-16,-4.889208250206699e-16
IND517583AAA,3.283856561145409e-06,1,1,0.0,128.0,2.2,Puttur_Artmclny_D (Andhra Pradesh),0.0004203336398266,-0.008988664944742968,0.002337736581496855,-0.00228304713382654,-0.007762555673550962,0.005265874095077049,0.006007628667207275,-0.016272731371863424,-0.005778272268261288,0.004966099223776312,-0.0023438360032290795,0.004825991371118074,-0.006047563857398861,1.5166417378453228e-16,-1.9437006009077647e-16,9.281482526818662e-16,-4.728145358953364e-16
IND516101AAA,3.283856561145409e-06,1,1,0.0,70.0,2.4017857142857144,Koduru_MGRoad_D (Andhra Pradesh),0.0002298699592801,-0.008988664944742975,0.002337736581496847,-0.002283047133826541,-0.007762555673550943,0.0052658740950770515,0.006007628667207277,-0.016272731371863438,-0.005778272268261292,0.004966099223776309,-0.002343836003229084,0.004825991371118054,-0.0060475638573988634,1.3996613600799825e-16,-1.9448322196370442e-16,9.234920560605008e-16,-4.722586346228831e-16
IND516115AAA,3.283856561145409e-06,1,1,0.0,136.0,2.4285714285714284,Rajampet_RSRoad_D (Andhra Pradesh),0.0004466044923157,-0.00898866494474298,0.0023377365814968515,-0.0022830471338265404,-0.007762555673550952,0.005265874095077053,0.006007628667207296,-0.01627273137186343,-0.005778272268261293,0.00496609922377632,-0.0023438360032290734,0.0048259913711180815,-0.0060475638573988695,1.5022246512891018e-16,-2.0876914422301044e-16,9.258457700324812e-16,-4.735783989935965e-16
IND721102AAA,0.0024059722404658,1,1,0.5,20.0,7.364130434782609,Midnapore_Talkui_D (West Bengal),0.0481194448093174,-0.0016339014750703052,-0.002201564827648081,0.0014748078637692621,-0.002159270229354715,-0.001039394206021011,0.0011693261878978043,0.0005908324820181271,0.0021835098117720326,0.0010899756375822877,0.00020037299858002028,0.0004150750573761804,-0.0010942842252758757,-0.00219114046972538,-0.004068991271018684,0.005923082718254553,-0.0008872799802481341
IND563131AAB,0.0014116934483412,3,3,0.1923076923076923,88.0,1.6842352092352093,Bangarapet_KolarRd_D (Karnataka),0.1242290234540333,-0.0016339014750704072,-0.0022015648276480348,0.00147480786376924,-0.0021592702293547024,-0.0010393942060209172,0.0011693261878979006,0.0005908324820181919,0.0021835098117720707,0.0010899756375811153,0.00020037299857914912,0.0004150750573756354,-0.0010942842252767713,0.0019565006780155043,0.006472482555878572,0.0016457031182279017,-0.002063052935334557
IND563116AAA,3.0406079269864897e-07,2,1,0.5,28.0,3.223776223776224,Bethamangala_FshryOFC_D (Karnataka),8.51370219556217e-06,-0.001633901475070408,-0.0022015648276480335,0.0014748078637692378,-0.0021592702293547136,-0.0010393942060209144,0.0011693261878979162,0.0005908324820181935,0.002183509811772074,0.0010899756375811072,0.0002003729985791462,0.000415075057375619,-0.0010942842252767415,0.001968855237093965,0.0065340941522270286,0.0016624048197508138,-0.002086771192868768
IND756019AAA,0.0060313498839704,3,5,0.0925925925925925,23.0,1.943094255245958,Balasore_Ganeshwr_D (Orissa),0.1387210473313192,-0.001633901475070375,-0.0022015648276480053,0.0014748078637692242,-0.002159270229354814,-0.0010393942060210016,0.0011693261878978024,0.0005908324820182396,0.0021835098117720672,0.0010899756375819807,0.0002003729985801261,0.00041507505737633756,-0.0010942842252761385,-0.001954661417125686,-0.0029764695932983907,0.005430977951756078,-0.0017071399737145843
IND757025AAA,0.0,1,1,0.5,11.0,2.0588235294117645,Betnoti_MhliaDPP_D (Orissa),0.0,-0.0016339014750703835,-0.0022015648276479997,0.0014748078637692365,-0.002159270229354817,-0.001039394206020999,0.0011693261878978176,0.0005908324820182543,0.002183509811772074,0.0010899756375819818,0.00020037299858015746,0.00041507505737634087,-0.0010942842252761231,-0.0019720425878946386,-0.0030164383847296563,0.005508757678398926,-0.0017348568701903207
IND244715AAA,0.0,2,2,0.8,2.0,1.2999999999999998,Ramnagar_BhwniGnj_D (Uttarakhand),0.0,-0.001633901475070096,-0.0022015648276467537,0.0014748078637700389,-0.0021592702293530947,-0.0010393942060211968,0.0011693261878977833,0.0005908324820182287,0.0021835098117718916,0.001089975637582209,0.00020037299858113034,0.00041507505737939723,-0.0010942842252749828,-0.0028192029991564753,-0.0010219841187307204,-0.005463490704427703,-0.0038201651285455942
IND244713AAA,1.824364756191894e-07,3,2,0.625,18.0,2.3878167867937687,Kashipur_Vaishali_D (Uttarakhand),3.283856561145409e-06,-0.0016339014750700815,-0.002201564827646803,0.0014748078637700389,-0.0021592702293531285,-0.0010393942060212024,0.0011693261878977948,0.0005908324820182267,0.002183509811771888,0.0010899756375822042,0.00020037299858112289,0.0004150750573793787,-0.0010942842252749767,-0.0028152707884302693,-0.0010198392936702281,-0.0054512705339478254,-0.0038104931859206767
IND263401AAA,0.0008056394763343,3,2,0.625,31.0,1.973912198912199,Kashipur_BajprDPP_D (Uttarakhand),0.0249748237663645,-0.0016339014750700797,-0.0022015648276467845,0.001474807863770033,-0.0021592702293531142,-0.0010393942060211996,0.001169326187897793,0.0005908324820182198,0.0021835098117718808,0.0010899756375822038,0.0002003729985811182,0.00041507505737936324,-0.001094284225274973,-0.002816323449233359,-0.001020413273979844,-0.0054545405781499905,-0.00381308097299933
IND250611AAA,0.0008103828247004,1,1,0.0,22.0,1.949404761904762,Baraut_SrnprHwy_D (Uttar Pradesh),0.0178284221434096,-0.001633901475070256,-0.002201564827647686,0.0014748078637695197,-0.0021592702293542214,-0.0010393942060210918,0.001169326187897774,0.0005908324820180444,0.002183509811772007,0.0010899756375819328,0.00020037299858049546,0.0004150750573784803,-0.0010942842252758397,-0.0024893773666550376,-0.0008417622533757411,-0.0044363136021366885,-0.0030065671071039107
IND247776AAA,0.000808193586993,1,1,0.0,10.0,1.805555555555556,Shamli_KarnalRd_D (Uttar Pradesh),0.00808193586993,-0.0016339014750702543,-0.0022015648276476774,0.0014748078637695271,-0.002159270229354201,-0.0010393942060211005,0.0011693261878977684,0.0005908324820180466,0.0021835098117719974,0.001089975637581936,0.00020037299858051787,0.00041507505737852694,-0.0010942842252758373,-0.0025014619388828165,-0.0008479201937977931,-0.004470912221284439,-0.003033126160726304
IND251309AAB,0.0008060043492855,1,1,0.0,30.0,1.811965811965812,Budhana_Busstand_D (Uttar Pradesh),0.0241801304785673,-0.0016339014750702582,-0.002201564827647689,0.0014748078637695182,-0.002159270229354207,-0.0010393942060210942,0.0011693261878977664,0.0005908324820180402,0.002183509811772005,0.0010899756375819271,0.0002003729985805044,0.0004150750573784915,-0.0010942842252758488,-0.002493399592887568,-0.0008438136452410145,-0.004447841391890283,-0.003015419454388444
IND400701AAA,0.0008111125706029,1,2,0.3333333333333333,51.0,2.422222222222222,Mumbai_Ghansoli_DC (Maharashtra),0.0413667411007487,-0.001633901475070138,-0.002201564827647919,0.001474807863769246,-0.0021592702293547553,-0.0010393942060210328,0.0011693261878977547,0.0005908324820179536,0.002183509811771917,0.0010899756375816298,0.0002003729985797284,0.0004150750573754577,-0.0010942842252772028,-0.0012562359939550477,0.0014043632804457197,-0.0009776719323480755,-0.004171970488308423
IND431136AAC,0.0056423953179502,5,5,0.0476190476190476,334.0,2.0909994553376907,Aurangabad_Central_H_1 (Maharashtra),1.884560036195397,-0.0016339014750703389,-0.0022015648276475946,0.0014748078637691095,-0.002159270229354987,-0.0010393942060209862,0.0011693261878978451,0.0005908324820178952,0.00218350981177201,0.0010899756375813148,0.00020037299857942928,0.00041507505737564264,-0.0010942842252766006,-0.000282082922990883,0.0034864995119238715,-0.0005499618132849435,-0.004505414365300141
IND147105AAA,0.0,2,2,1.0,30.0,1.830938988547684,Patran_MheshNGR_D (Punjab),0.0,-0.001633901475070362,-0.0022015648276482304,0.001474807863769111,-0.0021592702293549587,-0.0010393942060209472,0.0011693261878978002,0.0005908324820180795,0.002183509811772058,0.0010899756375821854,0.00020037299858034467,0.0004150750573763861,-0.0010942842252764657,-0.001807390838112532,0.000472943905649878,-0.0035765711769185217,-0.0034799839593484517
IND390020AAA,0.0012135674358188,3,3,0.1666666666666666,33.0,2.870305735930736,Vadodara (Gujarat),0.0400477253820219,-0.0016339014750701001,-0.0022015648276484515,0.0014748078637694397,-0.0021592702293547583,-0.0010393942060212943,0.001169326187897616,0.0005908324820178991,0.002183509811771981,0.0010899756375812824,0.00020037299858015895,0.0004150750573761646,-0.0010942842252771542,-0.0014851686959080868,0.0009225567883376495,-0.002570425445956981,-0.0032230295712365347
IND583101AAA,0.0040340353488915,3,2,0.1111111111111111,84.0,2.222519310754605,Bellary_Dc (Karnataka),0.3388589693068873,-0.0016339014750705236,-0.00220156482764793,0.0014748078637691628,-0.0021592702293548563,-0.0010393942060208804,0.001169326187897873,0.0005908324820181805,0.0021835098117721262,0.0010899756375809544,0.00020037299857928313,0.00041507505737578294,-0.0010942842252766342,0.002051156060500437,0.00560260875770437,0.0012034925731536177,-0.0024778916883484037
IND577535AAC,0.0024121750806369,1,1,0.0,30.0,1.4852941176470589,Molakalmuru_KnsgraRD_D (Karnataka),0.0723652524191076,-0.0016339014750704943,-0.002201564827647944,0.0014748078637691535,-0.00215927022935484,-0.001039394206020883,0.0011693261878978568,0.0005908324820181934,0.0021835098117721163,0.0010899756375810264,0.00020037299857926974,0.000415075057375777,-0.0010942842252766776,0.0020207269490875447,0.005475646563881969,0.0011743399510216255,-0.0024095151524277485
IND577522AAA,0.0024099858429294,1,1,0.0,80.0,1.375,Challakere_Shivangr_D (Karnataka),0.1927988674343593,-0.0016339014750704334,-0.0022015648276479736,0.0014748078637691613,-0.002159270229354805,-0.001039394206020887,0.001169326187897837,0.0005908324820182006,0.0021835098117720816,0.001089975637581115,0.0002003729985792639,0.0004150750573757449,-0.0010942842252767728,0.001964778833695095,0.005244039171052196,0.0011212410860071342,-0.00228538395381874
IND400102AAC,0.000405738721777,1,2,0.0,92.0,2.716268453768454,Mumbai_Jogshwri_I (Maharashtra),0.0373279624034911,-0.0016339014750702382,-0.00220156482764796,0.0014748078637692827,-0.002159270229354733,-0.0010393942060211165,0.001169326187897771,0.0005908324820179666,0.0021835098117719866,0.0010899756375816715,0.00020037299857976555,0.00041507505737563375,-0.0010942842252773108,-0.0012439892946782757,0.0012015814692612767,-0.0009221194376605832,-0.0037885711199513094
IND632402AAA,0.0004053738488258,1,1,0.0,22.0,1.46,Ranipet_MBTRd_DC (Tamil Nadu),0.0089182246741684,-0.001633901475070198,-0.0022015648276486116,0.0014748078637694135,-0.00215927022935422,-0.0010393942060209836,0.0011693261878976922,0.0005908324820181743,0.0021835098117719376,0.001089975637581004,0.00020037299857916625,0.00041507505737583536,-0.0010942842252771687,0.0010480380546930611,0.005306385115000166,0.0008906893751234659,-0.0031306013161198076
IND631102AAA,0.0004031846111184,1,1,0.0,36.0,1.660919540229885,Sholinghur_ArkonmRD_D (Tamil Nadu),0.0145146460002627,-0.001633901475070172,-0.0022015648276487447,0.0014748078637695234,-0.0021592702293540783,-0.0010393942060209938,0.0011693261878977254,0.0005908324820181537,0.0021835098117719185,0.0010899756375809025,0.00020037299857916146,0.0004150750573759225,-0.0010942842252772802,0.0006889059509154804,0.004993095159404369,0.0006623932060380529,-0.003499867689718273
IND723131AAA,0.0008103828247004,1,1,0.5,12.0,1.333165322580645,Manbazar_Central_DPP_1 (West Bengal),0.0097245938964052,-0.0016339014750701357,-0.002201564827648096,0.0014748078637693346,-0.0021592702293547063,-0.001039394206021103,0.001169326187897769,0.0005908324820180894,0.002183509811771925,0.0010899756375840196,0.00020037299857911034,0.00041507505737857416,-0.0010942842252714394,-0.003080417473353246,-0.007096690181904602,0.010829795487458029,-0.0018068927061216738
IND722140AAA,0.000808193586993,1,2,0.3333333333333333,1.0,19.13043478260869,Khatra_KoralDPP_D (West Bengal),0.000808193586993,-0.0016339014750701326,-0.0022015648276480933,0.0014748078637693387,-0.002159270229354711,-0.0010393942060211013,0.0011693261878977677,0.0005908324820181034,0.002183509811771927,0.0010899756375840214,0.00020037299857911565,0.0004150750573785546,-0.00109428422527147,-0.0030740329580642672,-0.007074561086516375,0.010793805804387125,-0.0018000960608521408
IND722151AAA,0.0,1,1,0.5,10.0,14.207738095238096,Simlapal_Central_D_1 (West Bengal),0.0,-0.0016339014750701305,-0.002201564827648093,0.001474807863769336,-0.0021592702293547115,-0.0010393942060211003,0.0011693261878977675,0.0005908324820181004,0.0021835098117719298,0.0010899756375839882,0.00020037299857911709,0.0004150750573785564,-0.0010942842252714806,-0.0030730247236234382,-0.007071063809406715,0.0107881171480863,-0.0017990214135995368
IND507111AAA,0.0,0,2,0.5,38.0,1.8333333333333333,Bhadrachalam_ITDARd_D (Telangana),0.0,-0.0016339014750701483,-0.0022015648276481705,0.0014748078637693547,-0.002159270229354479,-0.001039394206021021,0.0011693261878977898,0.0005908324820178597,0.0021835098117719116,0.0010899756375809958,0.00020037299857960294,0.00041507505737573805,-0.0010942842252773231,-0.0006350070147057098,0.003289388418970685,-0.00028058456364325567,-0.004713572376938551
IND507117AAB,0.0004050089758746,2,1,0.3333333333333333,72.0,1.486842105263158,Manuguru_AskNagar_D (Telangana),0.0291606462629712,-0.001633901475070148,-0.002201564827648172,0.0014748078637693493,-0.0021592702293544938,-0.0010393942060210218,0.00116932618789779,0.0005908324820178612,0.00218350981177191,0.001089975637580997,0.00020037299857959912,0.00041507505737574114,-0.0010942842252773207,-0.0006331780361201759,0.003275149511089366,-0.000279290411027098,-0.004688975243133332
IND641008AAA,6.20284017105244e-06,1,2,0.5,0.0,0.0,Cjb_Kovaipudur_Dc (Tamil Nadu),0.0,0.020794586572540477,-0.005910785269691712,-0.00436599594692862,0.0173624933217552,0.026387289057818165,-0.019847780345015626,-0.03325808741174523,0.023497990580928982,9.395019813817506e-05,-0.03651570701036924,0.022681864017263038,-0.02538948842808578,-9.054634892889441e-16,-2.597008869811979e-15,3.5513155983282707e-15,-5.563144631863991e-15
IND641011AAA,2.736547134287841e-06,1,1,0.5,31.0,1.96875,Cjb_West_Dc (Tamil Nadu),8.483296116292307e-05,0.02079458657254047,-0.005910785269691734,-0.004365995946928616,0.01736249332175516,0.026387289057818154,-0.01984778034501559,-0.03325808741174533,0.023497990580928937,9.395019813817207e-05,-0.03651570701036942,0.0226818640172631,-0.025389488428085805,-9.280118577668556e-16,-2.5850548529187715e-15,3.5445429329680356e-15,-5.560994023723185e-15
IND441904AAB,0.0,0,1,0.0,36.0,1.6,Bhandara_RjnaiDPP_D (Maharashtra),0.0,0.0041598340985489245,-0.007880129784260202,-0.0005307181882991554,0.0076129947783900725,0.004166851605371318,-0.011499033621157574,-0.0031111989067529873,0.014971296015906313,-0.002207160113411103,-0.00795285783096372,-5.647964185791867e-05,-0.0017508551098535993,9.075351045268726e-17,-5.562819631607126e-17,2.3050558851000714e-16,-2.3245557536084016e-16
IND441912AAA,3.648729512383788e-07,1,1,0.0,110.0,2.25,Bhandara_KaremDPP_D (Maharashtra),4.013602463622167e-05,0.004159834098548923,-0.00788012978426023,-0.0005307181882991509,0.007612994778390087,0.004166851605371314,-0.011499033621157551,-0.0031111989067529556,0.01497129601590633,-0.0022071601134111066,-0.007952857830963755,-5.647964185794454e-05,-0.0017508551098536055,9.551829212037983e-17,-5.1167110833813143e-17,2.2576244394087697e-16,-2.4710509681297234e-16
IND781022AAA,0.0,1,1,0.0,24.0,1.5,Guwahati_Sixmile (Assam),0.0,-0.001633901475069632,-0.0022015648276482204,0.001474807863769309,-0.0021592702293547076,-0.0010393942060210309,0.0011693261878977668,0.0005908324820179549,0.0021835098117715763,0.0010899756375814804,0.0002003729985791751,0.0004150750573743878,-0.001094284225275499,-0.004157146787641005,-0.01581176532502511,0.019282338071716736,0.004850787145828203
IND390022AAA,0.0053408447642816,5,4,0.1818181818181818,263.0,1.997356501523168,Vadodara_Karelibaug_DPC (Gujarat),1.4046421730060636,-0.001633901475070106,-0.0022015648276484208,0.0014748078637694343,-0.002159270229354752,-0.0010393942060212763,0.0011693261878976294,0.0005908324820179386,0.002183509811771989,0.001089975637581293,0.00020037299858011577,0.00041507505737614273,-0.0010942842252771516,-0.001467520031748746,0.0009060738476658395,-0.002521488039307186,-0.003153593380889326
IND411014AAA,0.001616387173986,3,3,0.0,72.0,3.043956043956044,PNQ Vadgaon Sheri DPC (Maharashtra),0.1163798765269933,-0.0016339014750702875,-0.0022015648276478357,0.0014748078637691633,-0.002159270229354865,-0.0010393942060210044,0.0011693261878977482,0.0005908324820180023,0.002183509811771992,0.0010899756375813221,0.000200372998579521,0.0004150750573755817,-0.001094284225276824,-0.0002645737036549826,0.0031543901490657103,-0.0004939116880465481,-0.003981283491874441
IND713205AAB,0.0144289008567216,7,11,0.0268456375838926,166.0,2.209380724516612,Durgapur_Central_I_1 (West Bengal),2.3951975422158007,-0.001633901475070223,-0.0022015648276480842,0.0014748078637692999,-0.0021592702293547115,-0.0010393942060210586,0.0011693261878977824,0.0005908324820181045,0.0021835098117719697,0.001089975637583248,0.00020037299857957362,0.00041507505737745884,-0.0010942842252734783,-0.002695453555949763,-0.005768971114358786,0.008672553445617036,-0.0014003431386368007
IND201304AAA,0.0,2,1,0.5,29.0,1.84375,Noida_Sec-83_DC (Uttar Pradesh),0.0,-0.0016339014750705301,-0.002201564827648125,0.0014748078637689943,-0.0021592702293551,-0.001039394206020884,0.0011693261878978451,0.0005908324820181325,0.0021835098117721666,0.001089975637584622,0.00020037299857828417,0.00041507505737467076,-0.0010942842252778411,-0.0029778754955239375,-0.0019945183583762725,-0.005396357534547338,-0.0013737392889012284
IND591126AAA,0.0,0,1,0.0,2.0,1.3653846153846154,Saundatti_ShanthiS_D (Karnataka),0.0,-0.0016339014750704033,-0.002201564827647624,0.0014748078637690648,-0.0021592702293549834,-0.0010393942060208925,0.0011693261878979113,0.0005908324820182163,0.0021835098117720365,0.0010899756375811942,0.00020037299857929798,0.0004150750573755064,-0.0010942842252764744,0.0007403706287996577,0.0043802483073296814,0.00027914206581462986,-0.0036015998043486975
IND680104AAA,0.0004061035947283,1,1,0.0,21.0,1.4968805704099823,Guruvayoor_ManhrBld_D (Kerala),0.0085281754892946,-0.0016339014750702192,-0.002201564827648126,0.0014748078637692708,-0.0021592702293546906,-0.0010393942060210092,0.0011693261878977452,0.0005908324820182962,0.002183509811772119,0.00108997563758207,0.0002003729985777173,0.00041507505737438865,-0.001094284225279433,0.0032831323631104924,0.027969626672134963,0.01325437496825397,0.011365166642144013
IND000000AFG,0.0,0,2,0.0,8.0,2.0008906365530685,Tirur_PmthuKlm_D (Kerala),0.0,-0.0016339014750706782,-0.0022015648276475066,0.0014748078637699998,-0.002159270229355207,-0.0010393942060211222,0.0011693261878991115,0.0005908324820184558,0.002183509811770452,0.0010899756375832524,0.0002003729985778748,0.0004150750573741632,-0.0010942842252769016,0.0037753055087750304,0.035038540714054656,0.016911921742316486,0.015112665361041536
IND673632AAA,0.0024373513142723,2,4,0.0333333333333333,36.0,1.585714285714286,Kozhikode_Central_H_4 (Kerala),0.0877446473138053,-0.001633901475070586,-0.002201564827647556,0.001474807863769942,-0.0021592702293551694,-0.0010393942060211196,0.0011693261878990026,0.0005908324820184421,0.0021835098117705272,0.0010899756375831256,0.00020037299857787868,0.00041507505737418016,-0.0010942842252770586,0.003725413966202135,0.03434138313838956,0.01655325494849883,0.014749771482560452
IND410206AAB,0.0,1,1,0.0,72.0,2.45970695970696,Mumbai_Panvel_D (Maharashtra),0.0,-0.00163390147507014,-0.0022015648276479225,0.0014748078637692463,-0.0021592702293547453,-0.0010393942060210448,0.0011693261878977592,0.0005908324820179538,0.002183509811771927,0.001089975637581653,0.0002003729985797252,0.0004150750573754769,-0.0010942842252772008,-0.001246386303147897,0.0014007760614915233,-0.0009682481825845842,-0.004134659168927583
IND303108AAB,0.0,0,1,0.0,18.0,1.4722222222222223,Kotputli_LXngrDPP_D (Rajasthan),0.0,-0.001633901475070322,-0.0022015648276480096,0.0014748078637692253,-0.002159270229354697,-0.0010393942060209784,0.0011693261878978091,0.0005908324820182099,0.0021835098117720148,0.001089975637579563,0.0002003729985798532,0.0004150750573765197,-0.0010942842252758393,-0.0013150459779787712,0.0015537118595752618,-0.003440301707420174,-0.0038588278154080263
IND132103AAB,0.0,1,2,0.5,22.0,1.7214985994397758,Panipat_PC (Haryana),0.0,-0.0016339014750702658,-0.002201564827647677,0.0014748078637695271,-0.0021592702293542062,-0.0010393942060210925,0.0011693261878977738,0.0005908324820180398,0.0021835098117720087,0.001089975637581934,0.000200372998580514,0.00041507505737850526,-0.0010942842252758427,-0.0024973378048816124,-0.0008458279559800004,-0.004459167215275193,-0.0030241272844177386
IND131021AAA,0.0,0,1,0.0,111.0,1.5188988095238094,Sonipat_AmzonDev_V (Haryana),0.0,0.14033119094466154,0.07446649059960204,-0.07534585202771309,-0.07705161169112383,-0.039640375084675265,0.01853946145650199,-0.005378821408894258,0.15665424569938233,-0.006877519210829873,0.015215684223153223,0.018568896076819753,0.030797043972304136,-8.382206385934035e-16,-1.2455923526632902e-15,-3.8421525498637715e-15,1.783953038711361e-15
IND201306AAA,0.0,0,2,1.0,18.0,25.494291819291817,Noida_Surajpur_DC (Uttar Pradesh),0.0,-0.0016339014750705325,-0.002201564827648124,0.0014748078637689917,-0.0021592702293550983,-0.001039394206020884,0.001169326187897842,0.0005908324820181317,0.002183509811772171,0.001089975637584623,0.00020037299857828236,0.00041507505737466746,-0.0010942842252778583,-0.0029765686377631246,-0.0019932015054083224,-0.005392560473635875,-0.0013726452050483577
IND811399AAA,0.0002652435231576,1,2,0.5,246.0,1.7063492063492065,Noida_Sector02_C (Uttar Pradesh),0.0652499066967738,-0.0016339014750701892,-0.0022015648276480313,0.0014748078637693521,-0.002159270229354566,-0.001039394206021048,0.0011693261878977781,0.0005908324820180309,0.0021835098117719575,0.0010899756375818506,0.00020037299857954732,0.0004150750573758781,-0.0010942842252782412,-0.0024918183297992858,-0.001986766226540221,-0.004339063422600142,0.00221141276935391
IND403726AAB,7.297459024767576e-06,5,5,0.0,24.0,1.678584760649978,Goa_ZuariNgr_IP (Goa),0.0001751390165944,0.042741474266278646,-0.0760381256984312,-0.06178711508419943,0.056962388051636996,-0.04705044383049008,0.059803172802219404,-0.017651364309711724,-0.03134917144842327,0.04821221692768966,-0.03873571495024909,-0.0254908662064637,0.04033403314107047,3.2307084301818284e-15,3.3854854710436225e-15,-4.864441235182062e-15,8.38945083491799e-15
IND121004AAA,0.0,1,1,0.0,20.0,2.186309523809524,Faridabad_Blbgarh_DC (Haryana),0.0,-0.0016339014750701376,-0.0022015648276480543,0.001474807863769421,-0.0021592702293544873,-0.0010393942060210846,0.0011693261878977649,0.0005908324820180086,0.0021835098117719254,0.0010899756375818306,0.00020037299857952813,0.0004150750573759888,-0.0010942842252775308,-0.002307342519687559,-0.0013792472066724525,-0.0031908926474229007,-0.0008023649688353776
IND854311AAA,0.0002025044879373,2,3,0.3888888888888889,22.0,3.015663156288156,Araria_Wardn13_D (Bihar),0.0044550987346206,-0.0016339014750702313,-0.0022015648276480517,0.0014748078637692914,-0.0021592702293546056,-0.0010393942060210183,0.0011693261878977883,0.000590832482017842,0.0021835098117719883,0.0010899756375813599,0.00020037299857344495,0.0004150750573731225,-0.0010942842252782978,-0.00369593873207579,-0.0022583954135880187,-0.013428370855075318,-0.011378502648924049
IND854334AAA,0.0014159807055183,2,3,0.35,18.0,1.3078171828171827,Raniganj_Central_DPP_1 (Bihar),0.02548765269933,-0.0016339014750702359,-0.002201564827648054,0.001474807863769293,-0.002159270229354602,-0.0010393942060210153,0.0011693261878977857,0.0005908324820178478,0.0021835098117719835,0.0010899756375813544,0.0002003729985734106,0.00041507505737309336,-0.0010942842252782763,-0.0037048177031854227,-0.0022665830811916766,-0.013480286148578423,-0.011428359169620317
IND852118AAA,0.0003365588102222,2,2,0.3,5.0,2.929667519181585,Forbesganj_JhumanCk_D (Bihar),0.0016827940511114,-0.0016339014750702391,-0.0022015648276480517,0.0014748078637692905,-0.002159270229354602,-0.0010393942060210168,0.0011693261878977866,0.0005908324820178367,0.002183509811771988,0.0010899756375813616,0.0002003729985733754,0.0004150750573730897,-0.001094284225278286,-0.0037141355129292125,-0.0022751746316918334,-0.013534761339496729,-0.011480672026357318
IND852111AAA,1.4230045098296774e-06,2,4,0.2307692307692307,90.0,2.1936005693273133,Simrahi_Bazar_D (Bihar),0.0001280704058846,-0.0016339014750702333,-0.0022015648276480513,0.0014748078637692923,-0.0021592702293546087,-0.0010393942060210192,0.001169326187897785,0.0005908324820178378,0.002183509811771986,0.001089975637581361,0.00020037299857339299,0.00041507505737308447,-0.0010942842252782907,-0.0037115498062112126,-0.0022727908224065762,-0.013519647115321984,-0.01146615866515248
IND854335AAA,0.0003368324649357,2,3,0.2777777777777778,34.0,3.1220238095238098,Narpatganj_Central_DPP_1 (Bihar),0.0114523038078141,-0.001633901475070232,-0.0022015648276480578,0.0014748078637692912,-0.0021592702293546104,-0.0010393942060210183,0.001169326187897784,0.000590832482017833,0.0021835098117719866,0.0010899756375813622,0.00020037299857338483,0.00041507505737307476,-0.001094284225278286,-0.0037158457365373586,-0.0022767580450419812,-0.013544809147061165,-0.011490337631617885
IND600056AAA,0.0004061035947283,1,1,0.0,14.0,3.0,Chennai_Poonamallee (Tamil Nadu),0.0056854503261964,-0.0016339014750701218,-0.002201564827649312,0.0014748078637698248,-0.0021592702293535175,-0.0010393942060209832,0.001169326187897803,0.0005908324820181419,0.002183509811771872,0.0010899756375806178,0.00020037299857899273,0.00041507505737602444,-0.0010942842252773721,0.0003949185783591079,0.005191495433451369,0.0005090640726720696,-0.0043060756930077704
IND600008AAC,0.00121393230877,3,3,0.1538461538461538,74.0,2.810119047619048,Chennai_Egmore_DPC (Tamil Nadu),0.0898309908489864,-0.0016339014750701543,-0.0022015648276490236,0.001474807863769698,-0.0021592702293537804,-0.001039394206020996,0.00116932618789775,0.0005908324820182,0.0021835098117719037,0.0010899756375807243,0.0002003729985790783,0.00041507505737604445,-0.0010942842252774081,0.0003815507940214636,0.004924789630185744,0.0004811438946292008,-0.004037751090958757
IND500008AAC,0.000405738721777,1,2,0.0,27.0,2.5059343434343435,Hyderabad_Tolichwk_I (Telangana),0.010954945487981,-0.001633901475070307,-0.0022015648276481527,0.0014748078637692862,-0.002159270229354649,-0.0010393942060210107,0.0011693261878977785,0.000590832482017978,0.002183509811771993,0.0010899756375809687,0.00020037299857976685,0.00041507505737582647,-0.00109428422527737,-0.00043605183018269745,0.0032508499630748864,0.0003495348817701903,-0.004356404864395202
IND843105AAB,0.0,1,1,0.5,40.0,2.0277777777777777,Dholi_WardNo4_D (Bihar),0.0,-0.0016339014750703354,-0.0022015648276480413,0.0014748078637691544,-0.0021592702293548394,-0.0010393942060209775,0.0011693261878978004,0.0005908324820179962,0.002183509811772041,0.001089975637581266,0.00020037299857247898,0.0004150750573724207,-0.0010942842252786693,-0.003915300384841113,-0.00248625024264101,-0.014910174141035222,-0.012884506094961107
IND848101AAA,0.000808193586993,2,1,0.3333333333333333,27.0,2.2916666666666665,Samastipur_Haripur_D (Bihar),0.0218212268488112,-0.0016339014750703373,-0.0022015648276480456,0.0014748078637691546,-0.002159270229354838,-0.0010393942060209715,0.0011693261878977998,0.0005908324820179937,0.002183509811772041,0.0010899756375812692,0.0002003729985724877,0.0004150750573724212,-0.0010942842252786762,-0.003913527923186135,-0.0024845536561840754,-0.014899326719563183,-0.01287388757703882
IND844505AAB,0.0008060043492855,1,1,0.5,16.0,11.597850678733032,HazratJandaha_HajiprRD_D (Bihar),0.0128960695885692,-0.0016339014750703352,-0.002201564827648044,0.0014748078637691559,-0.002159270229354834,-0.0010393942060209747,0.0011693261878977968,0.0005908324820179967,0.0021835098117720412,0.0010899756375812657,0.00020037299857251606,0.0004150750573724234,-0.0010942842252786623,-0.003906642483853179,-0.0024779726640895864,-0.014857262141676377,-0.012832736055930015
IND700136AAG,0.0,0,1,0.0,50.0,4.030555555555555,Kolkata_Narynpur_C (West Bengal),0.0,0.03590604543441705,-0.059268594506713394,0.013069018138686626,-0.028947884899782797,-0.01853999624069957,0.028141971077640417,0.028077334580572127,-0.003799533853848319,0.03463715594372486,-0.01098256311003828,0.01726661837053581,-0.027827905051127547,-2.659743888182965e-15,-4.181433982926603e-15,3.1006233658914957e-15,-9.033583774296978e-15
IND533106AAA,0.0062404718708081,8,8,0.087719298245614,289.0,2.4423445489826494,Rajamundry_AtoNgrRd_I (Andhra Pradesh),1.8034963706635505,-0.0016339014750701827,-0.002201564827647925,0.0014748078637692118,-0.002159270229354918,-0.0010393942060211159,0.0011693261878977618,0.0005908324820181146,0.0021835098117719796,0.0010899756375804548,0.00020037299857957145,0.0004150750573762829,-0.0010942842252781569,-0.00043668949344813547,0.0038853678547789102,0.0006139520129898099,-0.005332120396276902
IND533308AAB,1.824364756191894e-07,2,2,0.7,31.0,1.7325871659204992,Mandapeta_Mainrd_D (Andhra Pradesh),5.655530744194872e-06,-0.001633901475070178,-0.002201564827647924,0.0014748078637692058,-0.0021592702293549305,-0.00103939420602112,0.0011693261878977601,0.0005908324820181155,0.002183509811771977,0.0010899756375804186,0.00020037299857957147,0.00041507505737629983,-0.0010942842252782091,-0.00044142142278687365,0.003949011167882677,0.0006246798253222039,-0.005437790207097235
IND847212AAA,0.0004053738488258,1,1,0.5,42.0,2.0046296296296298,Madhubani_Bardivan_D (Bihar),0.0170257016506852,-0.0016339014750703384,-0.0022015648276480435,0.0014748078637691537,-0.0021592702293548385,-0.001039394206020974,0.0011693261878977994,0.0005908324820180042,0.002183509811772038,0.001089975637581263,0.00020037299857246545,0.00041507505737240294,-0.0010942842252786669,-0.003919259807057719,-0.002490049742032639,-0.014934478957552667,-0.012908323321750091
IND847226AAA,0.0004031846111184,1,1,0.5,105.0,2.078896103896104,Jaynagar_Wardno6_D (Bihar),0.0423343841674329,-0.001633901475070334,-0.002201564827648044,0.001474807863769156,-0.0021592702293548364,-0.0010393942060209751,0.0011693261878978013,0.0005908324820180056,0.0021835098117720417,0.0010899756375812744,0.00020037299857247548,0.00041507505737239394,-0.001094284225278683,-0.003918489589321275,-0.0024893132740353564,-0.014929771193438522,-0.012903716933553582
IND507303AAA,0.0008063692222368,2,1,0.3333333333333333,72.0,2.41875,Sathupally_VidyaNGR_D (Telangana),0.0580585840010508,-0.001633901475070158,-0.0022015648276481714,0.0014748078637693487,-0.0021592702293544916,-0.0010393942060210222,0.0011693261878977898,0.0005908324820178639,0.002183509811771914,0.0010899756375809982,0.0002003729985796026,0.000415075057375727,-0.001094284225277323,-0.0006311604833667363,0.0032594374187849538,-0.00027786227194052997,-0.004661827814806315
IND742102AAB,0.0056633147004878,5,5,0.0113636363636363,216.0,2.8851104209799865,Berhampore_Central_I_2 (West Bengal),1.2232759753053744,-0.0016339014750705104,-0.002201564827648071,0.0014748078637692172,-0.0021592702293547314,-0.0010393942060209843,0.0011693261878978156,0.0005908324820181921,0.0021835098117721535,0.0010899756375826455,0.0002003729985805524,0.0004150750573763275,-0.0010942842252755023,-0.0024733321700181957,-0.004930820013146179,0.0072851223160434655,-0.0011278953372801232
IND742303AAB,0.000405738721777,2,1,0.0,72.0,2.8531746031746037,Domkal_Central_D_2 (West Bengal),0.0292131879679495,-0.001633901475070516,-0.002201564827648072,0.0014748078637692214,-0.002159270229354733,-0.0010393942060209845,0.0011693261878978167,0.0005908324820181897,0.0021835098117721566,0.001089975637582679,0.00020037299858058222,0.00041507505737631935,-0.0010942842252754526,-0.0024924861918027264,-0.004988087933104201,0.00737523009928808,-0.001143659221955422
IND741165AAB,0.0004035494840696,1,1,0.0,30.0,1.906372327612165,Nazirpur_Central_D_1 (West Bengal),0.0121064845220894,-0.001633901475070516,-0.002201564827648066,0.0014748078637692192,-0.002159270229354733,-0.0010393942060209856,0.0011693261878978167,0.000590832482018192,0.002183509811772164,0.0010899756375826871,0.00020037299858059228,0.00041507505737633246,-0.0010942842252754572,-0.0025014683682889286,-0.0050151630034191924,0.007417904045467973,-0.0011511531802255485
IND742121AAB,0.0012119255075382,2,2,0.1666666666666666,36.0,3.081216931216931,Nowda_ArhamDPP_D (West Bengal),0.0436293182713779,-0.0016339014750705095,-0.002201564827648075,0.0014748078637692153,-0.002159270229354733,-0.0010393942060209838,0.0011693261878978139,0.0005908324820181905,0.0021835098117721575,0.0010899756375826752,0.00020037299858057905,0.0004150750573763211,-0.0010942842252754652,-0.0024894777957487862,-0.004979041782099024,0.007360980141971051,-0.0011411600428405805
IND742121AAA,1.0946188537151363e-06,1,2,0.3333333333333333,36.0,3.255357142857143,Nowda_AmtlaDPP_D (West Bengal),3.940627873374492e-05,-0.0016339014750705125,-0.002201564827648071,0.001474807863769214,-0.002159270229354732,-0.0010393942060209858,0.001169326187897815,0.0005908324820181894,0.0021835098117721596,0.0010899756375826657,0.00020037299858057656,0.00041507505737631826,-0.0010942842252754756,-0.0024866247708240784,-0.004970387577412611,0.007347322146332017,-0.0011387546593380393
IND370001AAA,0.000808193586993,2,3,0.25,29.0,4.583219334245326,Bhuj_DC (Gujarat),0.0234376140227972,-0.0016339014750697109,-0.0022015648276495843,0.001474807863769784,-0.0021592702293549673,-0.0010393942060218876,0.001169326187897221,0.000590832482017846,0.002183509811771952,0.0010899756375807163,0.00020037299858191433,0.00041507505737708447,-0.0010942842252770805,-0.0017439844390890202,0.0014031084968780475,-0.003365114459553726,-0.0049835596340794
IND577101AAA,0.0008089233328954,3,2,0.1666666666666666,17.0,2.0875,Chikmagalur_DC (Karnataka),0.0137516966592232,-0.001633901475070807,-0.0022015648276465104,0.0014748078637684154,-0.002159270229355949,-0.0010393942060206007,0.0011693261878982,0.000590832482018475,0.00218350981177215,0.00108997563758103,0.00020037299857840276,0.00041507505737427053,-0.0010942842252745426,0.0018601358262274991,0.006386773574013668,0.0011077975326042938,-0.0036777136134475935
IND370110AAA,0.0,1,2,1.0,32.0,2.055278361344538,Anjar_DC (Gujarat),0.0,-0.0016339014750696881,-0.002201564827649636,0.0014748078637698047,-0.00215927022935494,-0.0010393942060219112,0.0011693261878972126,0.0005908324820178465,0.0021835098117719523,0.0010899756375806972,0.00020037299858198965,0.0004150750573771185,-0.001094284225277098,-0.0017534599522747863,0.001414598734230975,-0.0033944938120720617,-0.005032844939269349
IND140301AAA,0.0008103828247004,1,2,0.3333333333333333,80.0,1.886363636363636,Chandigarh_Kharar_DC (Chandigarh),0.0648306259760351,-0.0016339014750703623,-0.002201564827648252,0.001474807863769105,-0.0021592702293549695,-0.001039394206020957,0.0011693261878978048,0.0005908324820180779,0.002183509811772069,0.0010899756375822157,0.00020037299858037422,0.00041507505737640776,-0.0010942842252764445,-0.0018237560866199538,0.00047943551915224773,-0.0036289681641620245,-0.00353787437164723
IND140901AAA,0.0004024548652159,2,2,0.6,124.0,1.668181818181818,Chandigarh_Mullanpr_DC (Chandigarh),0.0499044032867755,-0.0016339014750703655,-0.002201564827648258,0.0014748078637691043,-0.00215927022935497,-0.001039394206020952,0.0011693261878978037,0.0005908324820180832,0.002183509811772067,0.0010899756375822094,0.00020037299858036763,0.0004150750573764048,-0.001094284225276439,-0.0018212092571760804,0.00047842512917341707,-0.0036208125977745544,-0.003528863252409756
IND000000AAL,0.0,1,1,0.0,37.0,2.3701923076923075,Pune_PC (Maharashtra),0.0,-0.0016339014750702818,-0.0022015648276478526,0.0014748078637691888,-0.0021592702293548463,-0.0010393942060209994,0.0011693261878978009,0.000590832482018031,0.002183509811771991,0.0010899756375813267,0.00020037299857952488,0.00041507505737562394,-0.0010942842252768736,-0.00025831997917219565,0.0030419755052818035,-0.0004751449677014381,-0.0038099054440753474
IND500008AAF,0.0,0,1,0.0,38.0,3.0743589743589745,Hyderabad_South_D_4 (Telangana),0.0,-0.001633901475070227,-0.0022015648276481063,0.0014748078637693105,-0.0021592702293546165,-0.0010393942060210244,0.0011693261878978007,0.0005908324820179703,0.00218350981177197,0.0010899756375808477,0.00020037299857978642,0.0004150750573758124,-0.0010942842252774003,-0.00045905421238398396,0.0035183492547535052,0.00038041033381993136,-0.004798854466045528
IND413501AAA,0.0004534889632748,2,2,0.4,54.0,1.5668560606060602,Osmanabad_Kakdepot_D (Maharashtra),0.0244884040168422,-0.0016339014750702773,-0.0022015648276478795,0.0014748078637692127,-0.002159270229354809,-0.0010393942060210098,0.0011693261878977987,0.0005908324820180161,0.002183509811771992,0.0010899756375813217,0.00020037299857957497,0.00041507505737564606,-0.0010942842252769692,-0.0003890619979704909,0.0028998380006819867,-0.00042579049943017815,-0.003924963616534989
IND413401AAA,0.0,1,1,1.0,187.0,1.6923076923076923,Barshi_Kurduwdi_D (Maharashtra),0.0,-0.0016339014750702807,-0.0022015648276478656,0.0014748078637692006,-0.0021592702293548303,-0.0010393942060210042,0.0011693261878977998,0.0005908324820180226,0.002183509811771993,0.0010899756375813226,0.00020037299857954708,0.00041507505737562735,-0.0010942842252769207,-0.00031833827260725056,0.0029856113048148617,-0.0004540286861689632,-0.0038753242889056987
IND201301AAF,0.0016353605674504,8,3,0.0566037735849056,56.0,1.5424577067669172,Noida_Sec 02_DPC (Uttar Pradesh),0.0915801917772231,-0.001633901475070339,-0.0022015648276480808,0.0014748078637692014,-0.0021592702293547934,-0.00103939420602098,0.0011693261878978009,0.0005908324820180926,0.002183509811772052,0.001089975637583117,0.00020037299857895099,0.000415075057375421,-0.0010942842252776451,-0.0025758092406395028,-0.0015897985753372881,-0.004229612083217237,-0.0010377002170329807
IND203131AAA,2.9189836099070305e-06,1,1,0.0,32.0,1.5192592592592593,Khurja_Pnjbiyon_D (Uttar Pradesh),9.340747551702498e-05,-0.0016339014750704137,-0.0022015648276480864,0.001474807863769135,-0.0021592702293548897,-0.0010393942060209543,0.0011693261878978184,0.0005908324820182519,0.0021835098117720954,0.0010899756375839073,0.00020037299857862638,0.0004150750573751161,-0.0010942842252777258,-0.002840996411374395,-0.00184744854381135,-0.0049668291260378675,-0.0012465098982494373
IND203135AAA,5.108221317337304e-06,1,2,0.1666666666666666,52.0,1.4579166666666667,Jewar_SJRoad_D (Uttar Pradesh),0.0002656275085015,-0.001633901475070394,-0.0022015648276480794,0.0014748078637691515,-0.002159270229354864,-0.0010393942060209571,0.0011693261878978165,0.000590832482018198,0.0021835098117720868,0.0010899756375836993,0.00020037299857872057,0.0004150750573751895,-0.001094284225277716,-0.0027742419927801972,-0.0017821467574009777,-0.004779729485648458,-0.0011933633626773881
IND203396AAB,0.0,1,1,0.5,30.0,1.3702107279693487,Pahasu_Kanongyn_D (Uttar Pradesh),0.0,-0.0016339014750703883,-0.00220156482764809,0.0014748078637691596,-0.0021592702293548494,-0.0010393942060209615,0.0011693261878978124,0.0005908324820181727,0.0021835098117720833,0.001089975637583626,0.00020037299857874,0.00041507505737521834,-0.0010942842252777004,-0.0027476797104396744,-0.001756175338033149,-0.004705324604259442,-0.0011722326929046011
IND203390AAA,7.297459024767576e-06,2,1,0.1666666666666666,100.0,1.986842105263158,Anupshahar_DcntCLY_D (Uttar Pradesh),0.0007297459024767,-0.0016339014750703681,-0.0022015648276480816,0.0014748078637691732,-0.0021592702293548316,-0.0010393942060209665,0.0011693261878978074,0.0005908324820181471,0.0021835098117720707,0.0010899756375834606,0.00020037299857880074,0.00041507505737528366,-0.0010942842252776796,-0.0026946085299455035,-0.0017046879890936521,-0.004558046105298025,-0.0011305436224408353
IND492001AAB,0.0,0,1,0.0,8.0,3.475,Raipur_Katora_IP (Chhattisgarh),0.0,0.07169315784236611,0.02875787389640266,-0.019985399360876243,-0.04177699142713585,0.09393931737342974,-0.014004284476033855,-0.04141520304928911,0.07303503783557934,0.15890053513823854,0.16946780139196696,0.06935567062239407,0.12254566251597215,-2.718544543907138e-15,-2.8604069959955516e-15,-1.5688170583079245e-14,1.0560270086056405e-14
IND462011AAA,0.0,1,1,0.0,20.0,2.3216783216783217,Bhopal MP Nagar (Madhya Pradesh),0.0,-0.0016339014750702688,-0.002201564827648049,0.00147480786376927,-0.002159270229354681,-0.001039394206021028,0.0011693261878977827,0.0005908324820180326,0.0021835098117719883,0.001089975637581819,0.00020037299857978406,0.00041507505737552587,-0.001094284225278832,-0.0011054879954221983,0.0014710740104729198,-0.0027317902040674483,-0.0005932365280840182
IND673305AAA,0.0,2,1,0.3333333333333333,0.0,0.0,Koyilandy_Pshrikvu_D (Kerala),0.0,-0.0016339014750705863,-0.00220156482764751,0.001474807863770013,-0.00215927022935521,-0.0010393942060211276,0.001169326187899128,0.0005908324820184637,0.002183509811770373,0.001089975637583287,0.00020037299857787128,0.0004150750573741359,-0.0010942842252768471,0.0037907785762842173,0.03525540151194879,0.01702355572407859,0.015225757036084387
IND673104AAA,0.0008154910460177,3,1,0.1666666666666666,34.0,1.6363636363636365,Vadakara_Mandodi_D (Kerala),0.0277266955646044,-0.0016339014750707279,-0.002201564827647505,0.0014748078637700235,-0.00215927022935522,-0.0010393942060211243,0.0011693261878991449,0.0005908324820184548,0.0021835098117704795,0.001089975637583297,0.0002003729985778461,0.0004150750573741448,-0.0010942842252768261,0.003797188918766948,0.03534520557002031,0.017069780415064538,0.015272576708605634
IND673506AAA,0.0012205000218923,1,1,0.0,34.0,1.4330357142857144,Kallachi_ZamQuatr_D (Kerala),0.0414970007443408,-0.0016339014750707352,-0.0022015648276475044,0.001474807863770035,-0.002159270229355223,-0.0010393942060211334,0.0011693261878991596,0.0005908324820184611,0.0021835098117704457,0.0010899756375832889,0.0002003729985778498,0.0004150750573741265,-0.001094284225276798,0.003802241596884712,0.035415818545835406,0.01710610962816114,0.015309336092370245
IND821115AAB,0.0091958773526486,6,5,0.1037735849056603,540.0,1.807811134994182,Sasaram_Central_I_2 (Bihar),4.965773770430272,-0.0016339014750701465,-0.002201564827648076,0.0014748078637693302,-0.0021592702293545926,-0.0010393942060210404,0.0011693261878977772,0.0005908324820180507,0.002183509811771927,0.0010899756375818991,0.0002003729985796656,0.00041507505737563657,-0.0010942842252779975,-0.002526928862392719,-0.0031603825650507724,-0.0012694190517575051,0.0028221673331434377
IND821109AAA,0.0008103828247004,1,1,0.0,24.0,5.297619047619048,Mohania_Bhabua_D (Bihar),0.0194491877928105,-0.0016339014750701294,-0.0022015648276480777,0.0014748078637693356,-0.0021592702293545775,-0.0010393942060210443,0.001169326187897777,0.000590832482018037,0.002183509811771908,0.0010899756375819414,0.0002003729985796998,0.00041507505737558306,-0.00109428422527804,-0.0025932694195995977,-0.003286819527285231,-0.0013236800165133517,0.0029594536341557205
IND563101AAB,0.0010106980749303,2,3,0.3333333333333333,55.0,2.74752886002886,Kolar_Ambedkar_D (Karnataka),0.055588394121167,-0.0016339014750704028,-0.0022015648276480317,0.001474807863769236,-0.0021592702293547136,-0.0010393942060209157,0.0011693261878979063,0.0005908324820181964,0.0021835098117720777,0.001089975637581104,0.00020037299857915034,0.00041507505737566075,-0.001094284225276747,0.001962723995542234,0.006503506379879954,0.0016541124525389591,-0.00207499323053875
IND563131AAA,0.0,1,1,0.5,70.0,1.7013888888888888,Mulbagal_Sunku_D (Karnataka),0.0,-0.0016339014750704015,-0.0022015648276480317,0.0014748078637692368,-0.0021592702293546993,-0.0010393942060209114,0.001169326187897906,0.0005908324820182005,0.0021835098117720655,0.0010899756375811049,0.0002003729985791462,0.00041507505737569143,-0.0010942842252767463,0.00196295133914612,0.006504581235665894,0.0016544006908272534,-0.002075393037102189
IND563125AAB,0.0012060267281599,3,2,0.3333333333333333,35.0,3.0993045476536043,Chintamani_Central_D_2 (Karnataka),0.0422109354855972,-0.0016339014750703983,-0.002201564827648035,0.001474807863769237,-0.002159270229354697,-0.0010393942060209185,0.001169326187897888,0.0005908324820182029,0.002183509811772062,0.0010899756375811268,0.00020037299857915704,0.0004150750573756773,-0.001094284225276778,0.0019474451357803367,0.006427295323094255,0.0016334522656211291,-0.002045650885911435
IND691001AAB,0.0060897295561685,2,4,0.0,128.0,1.3681161236424393,Kollam_Central_H_1 (Kerala),0.7794853831895734,-0.001633901475070197,-0.0022015648276480894,0.0014748078637692869,-0.002159270229354727,-0.0010393942060209923,0.0011693261878977944,0.0005908324820182371,0.0021835098117720148,0.0010899756375812276,0.00020037299857786846,0.0004150750573761443,-0.0010942842252846165,0.004548177844038583,0.05215791124088474,0.026785179433577104,0.02844561835510551
IND691506AAA,1.4230045098296772e-05,1,1,0.0,41.0,1.5681818181818183,Kottarakkara_Amankovl_D (Kerala),0.0005834318490301,-0.001633901475070182,-0.0022015648276480894,0.0014748078637692966,-0.002159270229354719,-0.0010393942060210042,0.001169326187897786,0.0005908324820182178,0.0021835098117720182,0.0010899756375811922,0.0002003729985778593,0.0004150750573762138,-0.0010942842252849886,0.004651115109174223,0.05395921551240206,0.02777379343196958,0.0296411561732799
IND691305AAA,0.0004163200373629,1,2,0.1666666666666666,48.0,2.351515151515152,Punalur_PostofJN_D (Kerala),0.0199833617934235,-0.0016339014750701873,-0.0022015648276480834,0.0014748078637693096,-0.0021592702293547154,-0.0010393942060210116,0.0011693261878977753,0.0005908324820182196,0.002183509811772016,0.0010899756375811738,0.00020037299857783282,0.00041507505737624817,-0.0010942842252851586,0.00470061133717594,0.05482747248770343,0.028250549476230836,0.030218292191858696
IND689645AAA,0.0,1,1,0.5,16.0,1.234615384615385,Pthnmthitt_Klskhrpt_D (Kerala),0.0,-0.001633901475070156,-0.0022015648276480933,0.0014748078637692996,-0.0021592702293547414,-0.0010393942060209877,0.0011693261878977974,0.0005908324820182251,0.0021835098117719983,0.0010899756375811354,0.0002003729985778673,0.0004150750573762395,-0.0010942842252852048,0.004710491534663509,0.05500104309210321,0.028345883610860694,0.03033376937971226
IND691551AAA,0.0012205000218923,2,1,0.1666666666666666,74.0,1.8916666666666664,Adoor_Town_D (Kerala),0.0903170016200359,-0.001633901475070188,-0.0022015648276480873,0.0014748078637692999,-0.002159270229354708,-0.0010393942060210103,0.0011693261878977703,0.0005908324820182231,0.0021835098117720195,0.0010899756375811896,0.00020037299857784952,0.0004150750573762563,-0.0010942842252850689,0.00467335534000844,0.054349636187174,0.02798820242445032,0.029900788133870645
IND273304AAA,0.0004082928324357,2,1,0.0,100.0,2.247619047619048,Nichlaul_Wardno13_D (Uttar Pradesh),0.0408292832435746,-0.0016339014750704466,-0.0022015648276480755,0.0014748078637691292,-0.002159270229354909,-0.0010393942060209606,0.0011693261878978109,0.0005908324820184006,0.0021835098117721024,0.0010899756375802466,0.00020037299857992216,0.00041507505737499483,-0.0010942842252825047,-0.0037706091326684815,-0.005022338452852027,-0.011293992917288553,0.01599463604240366
IND518422AAB,0.000808193586993,1,1,0.0,28.0,2.0454780361757106,Atmakur_IndraNgr_D (Andhra Pradesh),0.0226294204358042,-0.0016339014750704208,-0.0022015648276480053,0.001474807863769218,-0.002159270229354675,-0.0010393942060208685,0.0011693261878978952,0.0005908324820179858,0.002183509811772042,0.0010899756375807438,0.00020037299857932092,0.0004150750573751674,-0.0010942842252764792,0.0007292126714434083,0.005149064164379407,0.0008745246203640672,-0.004530330212635965
IND518102AAA,0.0008060043492855,1,1,0.0,77.0,1.875,Srisailam_Sishumdr_D (Andhra Pradesh),0.0620623348949895,-0.0016339014750704189,-0.002201564827648003,0.0014748078637692177,-0.002159270229354676,-0.0010393942060208756,0.0011693261878978909,0.0005908324820179873,0.0021835098117720412,0.0010899756375807547,0.00020037299857931745,0.00041507505737519985,-0.0010942842252764883,0.0007263061285439837,0.005118217104316647,0.000868942182509219,-0.00449761064609021
IND144001AAC,0.0,0,2,1.0,294.0,1.896733462615816,Jalandhar_Sodal Road (Punjab),0.0,-0.0016339014750703714,-0.0022015648276482824,0.0014748078637690622,-0.002159270229355028,-0.0010393942060209344,0.0011693261878977885,0.0005908324820180915,0.0021835098117720664,0.0010899756375822613,0.0002003729985804523,0.00041507505737639226,-0.0010942842252763814,-0.0018625778106990656,0.0004955747107706723,-0.0037604639614447484,-0.003686134122821841
IND160102AAC,0.0,1,1,0.0,112.0,1.7373015873015871,Chandigarh_Raiprvlg_L (Chandigarh),0.0,-0.001633901475070365,-0.002201564827648222,0.0014748078637691231,-0.002159270229354951,-0.001039394206020935,0.001169326187897799,0.0005908324820180934,0.0021835098117720564,0.0010899756375821737,0.0002003729985803424,0.0004150750573764077,-0.0010942842252764744,-0.0018003822444270417,0.0004701818832695504,-0.0035543061860510393,-0.003455452358691788
IND389001AAA,0.0008122071894566,1,1,0.0,63.0,1.5555555555555556,Godhra_DC (Gujarat),0.0511690529357677,-0.0016339014750699973,-0.002201564827648815,0.0014748078637695377,-0.002159270229354844,-0.0010393942060214813,0.0011693261878975045,0.000590832482017856,0.0021835098117719944,0.0010899756375809375,0.00020037299858076946,0.00041507505737652946,-0.00109428422527697,-0.001588078621876514,0.0012130964500895684,-0.0028787756632672056,-0.004165883338595554
IND389151AAA,0.0004064684676795,1,1,0.0,22.0,2.878571428571429,Dahod_DC (Gujarat),0.0089423062889501,-0.0016339014750699763,-0.0022015648276489047,0.0014748078637695627,-0.0021592702293548715,-0.0010393942060215296,0.0011693261878974715,0.0005908324820178011,0.0021835098117719853,0.0010899756375808895,0.00020037299858089816,0.00041507505737661186,-0.00109428422527697,-0.0016191292766878226,0.001249131342005194,-0.0029700863882434697,-0.004316065694345093
IND631501AAA,0.0004053738488258,1,2,0.5,34.0,2.742063492063492,Kanchipuram_DC (Tamil Nadu),0.0137827108600785,-0.0016339014750701626,-0.002201564827648873,0.0014748078637696223,-0.0021592702293539525,-0.001039394206021016,0.0011693261878977631,0.000590832482018151,0.00218350981177191,0.001089975637580803,0.00020037299857917322,0.00041507505737601246,-0.0010942842252773882,0.00037058851815624104,0.0047107727395235095,0.0004588366651092276,-0.0038253754687216533
IND631003AAA,0.0,1,1,1.0,37.0,1.9285714285714288,Arakkonam_HousngBd_D (Tamil Nadu),0.0,-0.0016339014750701762,-0.0022015648276488527,0.001474807863769627,-0.002159270229353933,-0.0010393942060210157,0.0011693261878977558,0.0005908324820181545,0.00218350981177192,0.0010899756375808052,0.0002003729985791696,0.00041507505737600596,-0.0010942842252773986,0.000370846938459321,0.004715717949196523,0.00045935006203511985,-0.003830221500625183
IND382421AAA,0.0,1,2,0.6666666666666666,87.0,1.7892992424242424,Gandhinagar_DC (Gujarat),0.0,-0.0016339014750700247,-0.0022015648276487534,0.0014748078637695213,-0.002159270229354835,-0.0010393942060214418,0.0011693261878975225,0.000590832482017925,0.002183509811771999,0.0010899756375809743,0.00020037299858068265,0.00041507505737645536,-0.0010942842252769588,-0.0015659985680917892,0.0011872340806117914,-0.0028131225573770962,-0.004057480798069189
IND560058AAD,0.0,3,1,0.9,70.0,5.483170426065163,Bengaluru_Peenya_L (Karnataka),0.0,-0.0016339014750703421,-0.0022015648276480513,0.0014748078637692099,-0.002159270229354717,-0.0010393942060209441,0.0011693261878978102,0.0005908324820182074,0.002183509811772024,0.0010899756375812196,0.00020037299857921176,0.0004150750573757004,-0.0010942842252769352,0.0018622685529336826,0.005691734409454758,0.0013878414701517005,-0.0019311258151893972
IND441206AAB,0.0,0,2,1.0,50.0,2.129370629370629,Brahmapuri_DhnliRth_D (Maharashtra),0.0,-0.014153409697954675,-0.03605506520285444,0.001966977884006386,0.042167601320341364,0.02843997565661591,-0.03690146478937907,-0.015838547501549345,0.04636248496124693,0.0008928805692850879,-0.031486817599468954,0.01183118537267682,-0.008639919694949118,-5.763172055827926e-16,-1.404643384552352e-15,1.3264675408878585e-15,-2.6058614554831188e-15
IND441603AAA,0.0,2,1,0.5,3.0,1.875,Chamorshi_Central_DPP_1 (Maharashtra),0.0,-0.014153409697954665,-0.036055065202854376,0.0019669778840063845,0.04216760132034135,0.02843997565661591,-0.036901464789379085,-0.015838547501549338,0.046362484961246966,0.0008928805692850763,-0.03148681759946895,0.011831185372676812,-0.00863991969494915,-5.764461536328931e-16,-1.4064479636214596e-15,1.3280727249873183e-15,-2.6113595993265557e-15
IND403726AAA,0.0077983729462559,4,6,0.0681818181818181,333.0,1.7797419849447744,Goa_Hub (Goa),2.596858191103227,-0.0016339014750704312,-0.0022015648276475733,0.0014748078637689987,-0.0021592702293550836,-0.0010393942060208815,0.001169326187897895,0.0005908324820182012,0.002183509811772038,0.0010899756375812222,0.00020037299857922057,0.000415075057375338,-0.0010942842252763096,0.0007600788474579384,0.004462430677255471,0.000276518207786977,-0.0035993810566123784
IND403702AAA,0.0012562215090784,1,2,0.3333333333333333,99.0,1.655252100840336,Canacona_CharRsta_D (Goa),0.1243659293987667,-0.0016339014750704859,-0.0022015648276474363,0.001474807863768917,-0.002159270229355187,-0.0010393942060208372,0.0011693261878979273,0.0005908324820182554,0.0021835098117720542,0.0010899756375811794,0.00020037299857909115,0.0004150750573752211,-0.0010942842252760665,0.0010906260529144243,0.00494443105846724,0.0005152197857999427,-0.0035337385592950016
IND600044AAD,0.0036304858648218,5,5,0.1585365853658536,134.0,2.217348700682034,Chennai_Chrompet_DPC (Tamil Nadu),0.4864851058861305,-0.0016339014750701558,-0.0022015648276491064,0.0014748078637697596,-0.0021592702293536823,-0.0010393942060209866,0.0011693261878977907,0.0005908324820181375,0.002183509811771905,0.0010899756375806731,0.0002003729985790372,0.0004150750573760247,-0.0010942842252773318,0.0003873270762208383,0.005039229665947238,0.0004931068898627818,-0.004152359691077893
IND605010AAB,0.0072412685902768,2,3,0.0,30.0,1.7400853666733886,Pondicherry_Vasanthm_I (Pondicherry),0.2172380577083059,-0.0016339014750701485,-0.0022015648276505267,0.0014748078637703453,-0.0021592702293524797,-0.0010393942060209342,0.0011693261878977276,0.0005908324820182787,0.0021835098117718673,0.0010899756375804992,0.00020037299857877174,0.0004150750573764353,-0.0010942842252773313,0.0004045030252681872,0.005413743384851977,0.0005330283911320098,-0.004551474167455793
IND603102AAA,0.0004031846111184,1,1,0.0,35.0,1.88,Kalpakkam_Sadras_D (Tamil Nadu),0.0141114613891443,-0.0016339014750701548,-0.0022015648276493293,0.0014748078637698246,-0.0021592702293535427,-0.001039394206020974,0.0011693261878977534,0.0005908324820181896,0.002183509811771893,0.0010899756375807182,0.00020037299857904772,0.0004150750573761252,-0.001094284225277377,0.0003802907423328709,0.004911301973470144,0.000479988556983142,-0.0040321318077707
IND400701AAB,0.0,2,1,1.0,51.0,2.2231570512820515,Mumbai_Pawane_L (Maharashtra),0.0,-0.0016339014750702153,-0.002201564827647951,0.0014748078637692756,-0.0021592702293547475,-0.001039394206021065,0.001169326187897771,0.0005908324820179768,0.0021835098117719723,0.0010899756375817543,0.00020037299857971226,0.0004150750573755459,-0.0010942842252772218,-0.001199628429910015,0.0013310045613234632,-0.0009120034321976335,-0.003868656833521831
IND515801AAA,0.0012128376899163,2,2,0.25,76.0,1.6073047820359647,Guntakal_Verpatem_D (Andhra Pradesh),0.0921756644336442,-0.0016339014750703677,-0.0022015648276480725,0.001474807863769246,-0.0021592702293546213,-0.0010393942060209001,0.0011693261878978985,0.0005908324820181383,0.0021835098117720234,0.0010899756375809852,0.0002003729985791809,0.0004150750573758812,-0.0010942842252767782,0.0011085688811857655,0.005757891611163257,0.0012737090070992865,-0.0033156053824710163
IND515865AAB,0.0,1,1,0.5,36.0,1.8014102564102563,Rayadurgam_RailGate_D (Andhra Pradesh),0.0,-0.0016339014750703714,-0.0022015648276480938,0.0014748078637692496,-0.0021592702293546135,-0.0010393942060209157,0.0011693261878979026,0.0005908324820181399,0.0021835098117720404,0.001089975637581006,0.0002003729985791544,0.0004150750573759027,-0.0010942842252767398,0.0011136927896921902,0.005797998947573876,0.0012831675502734054,-0.003343494124269558
IND515761AAA,0.0012084592145015,2,1,0.3333333333333333,57.0,1.7717171717171716,Kalyandurg_Shankrpa_D (Andhra Pradesh),0.0688821752265861,-0.0016339014750703556,-0.0022015648276480556,0.0014748078637692437,-0.0021592702293546295,-0.001039394206020889,0.0011693261878979201,0.0005908324820181413,0.0021835098117720226,0.0010899756375809676,0.0002003729985791887,0.0004150750573758688,-0.0010942842252767864,0.001109623349800708,0.00576616553392972,0.001275661181916884,-0.00332136727972045
IND517644AAA,3.283856561145409e-06,1,1,0.0,30.0,2.162280701754386,Sriklahsti_SDKNgr_D (Andhra Pradesh),9.851569683436228e-05,-0.00898866494474298,0.0023377365814968554,-0.0022830471338265395,-0.007762555673550966,0.005265874095077052,0.006007628667207284,-0.016272731371863434,-0.005778272268261298,0.00496609922377632,-0.0023438360032290743,0.004825991371118065,-0.0060475638573988565,1.8966151552501504e-16,-1.71359615917951e-16,9.295450863473756e-16,-4.91446445651482e-16
IND524132AAA,3.283856561145409e-06,1,1,0.0,28.0,1.5833333333333333,Venktagiri_TirupthiRd_D (Andhra Pradesh),9.194798371207146e-05,-0.00898866494474298,0.0023377365814968615,-0.002283047133826538,-0.0077625556735509615,0.005265874095077061,0.006007628667207272,-0.01627273137186346,-0.005778272268261292,0.004966099223776313,-0.0023438360032290912,0.0048259913711180815,-0.006047563857398884,1.9770214371799298e-16,-1.6582135986708005e-16,9.339776053053914e-16,-4.947750845763685e-16
IND524101AAB,3.283856561145409e-06,1,1,0.0,64.0,1.9523809523809523,Gudur_Bngisheb_D (Andhra Pradesh),0.0002101668199133,-0.008988664944743005,0.0023377365814968593,-0.0022830471338265387,-0.007762555673550972,0.005265874095077054,0.0060076286672072834,-0.016272731371863452,-0.005778272268261292,0.004966099223776312,-0.00234383600322909,0.004825991371118104,-0.00604756385739888,1.8706928857034827e-16,-2.0296182298226076e-16,9.474626918308264e-16,-4.963339125657103e-16
IND505001AAB,0.0116356159785162,11,8,0.0873493975903614,93.0,1.8803044930702693,Karimnagar_KamnHbRD_I (Telangana),1.082112286002014,-0.0016339014750703204,-0.0022015648276480634,0.0014748078637692326,-0.0021592702293548416,-0.0010393942060210265,0.0011693261878977868,0.0005908324820177019,0.0021835098117720443,0.001089975637579965,0.00020037299858272282,0.00041507505737518256,-0.0010942842252770434,-0.0005797312285914709,0.005217134608882216,0.000585004410094719,-0.008032349070341855
IND688524AAA,0.0,0,1,0.0,21.0,2.2337092731829573,Cherthala_Mulapali_D (Kerala),0.0,-0.001633901475070228,-0.002201564827648126,0.0014748078637692708,-0.0021592702293546915,-0.0010393942060210157,0.0011693261878977439,0.0005908324820182883,0.0021835098117721154,0.0010899756375820752,0.00020037299857776866,0.000415075057374438,-0.0010942842252793994,0.0032526562855535205,0.027578179859235625,0.013056597441115744,0.011173040480119118
IND700065AAA,0.0,2,2,1.0,48.0,2.7685821123321124,CCU_Beliaghata_DPC (West Bengal),0.0,-0.0016339014750702972,-0.0022015648276480708,0.0014748078637692463,-0.002159270229354715,-0.0010393942060210046,0.0011693261878977905,0.0005908324820181163,0.0021835098117720217,0.0010899756375822725,0.00020037299857999225,0.00041507505737618013,-0.001094284225275897,-0.002174480523083248,-0.004020933181150656,0.005848054255450238,-0.0008743841283466331
IND364290AAA,0.0,1,1,0.0,2.0,2.226315789473684,Bhavnagar_Mahuva_DC (Gujarat),0.0,-0.0016339014750699266,-0.002201564827649095,0.0014748078637696219,-0.0021592702293549027,-0.001039394206021635,0.0011693261878973908,0.0005908324820178014,0.0021835098117720104,0.0010899756375808462,0.00020037299858120702,0.0004150750573767621,-0.001094284225276934,-0.0016747846215828493,0.0013156499349596085,-0.003139639939846011,-0.004598525619874951
IND302004AAA,6.20284017105244e-06,1,2,0.0,17.0,1.7964285714285713,Jaipur_NgrNigam_DC (Rajasthan),0.0001054482829078,0.006190213372499582,-0.0046926258253735574,0.013342019140760445,-0.007794179941099496,-0.009692031391717433,-0.00449736392044253,0.007607952112082355,-0.008988039169708788,0.013518004607779327,-0.0020962111318062154,0.009676212933406416,-0.01477423420303011,-1.0985429179695631e-15,-1.917318701709054e-15,1.7022495394648404e-15,-4.136649418484451e-15
IND312001AAA,0.0024223915232715,2,2,0.0833333333333333,51.0,1.59375,Chittaurgarh_DC (Rajasthan),0.1235419676868514,-0.0016339014750702276,-0.0022015648276484463,0.0014748078637693573,-0.0021592702293548047,-0.0010393942060211972,0.0011693261878976803,0.0005908324820181347,0.0021835098117720365,0.0010899756375795369,0.00020037299858044832,0.00041507505737667735,-0.0010942842252758221,-0.001544211308444407,0.0016379080684905554,-0.0037463198804559795,-0.004699963307200023
IND313324AAA,0.0020100850883722,1,1,0.5,41.0,1.7058823529411764,Rajsamand_kankroli_D (Rajasthan),0.0824134886232613,-0.0016339014750702137,-0.0022015648276484043,0.001474807863769347,-0.002159270229354792,-0.0010393942060211779,0.0011693261878976762,0.0005908324820181405,0.0021835098117720217,0.0010899756375796377,0.0002003729985803631,0.00041507505737663,-0.0010942842252759054,-0.001514774296195897,0.00159061476089112,-0.0036308834889914477,-0.004535573396980693
IND382715AAA,0.0,1,1,1.0,52.0,1.8377192982456136,Kadi_KaranNGR_D (Gujarat),0.0,-0.0016339014750699958,-0.002201564827648896,0.0014748078637695594,-0.00215927022935488,-0.0010393942060215244,0.0011693261878974717,0.0005908324820178347,0.002183509811772014,0.0010899756375809353,0.00020037299858089165,0.0004150750573765923,-0.0010942842252769874,-0.001604609230760319,0.00123354588762215,-0.00293125629218355,-0.004254597290309963
IND521225AAB,0.0122107395835722,8,8,0.0683760683760683,309.0,1.713301959102064,Vijayawada_Rynapadu_H (Andhra Pradesh),3.7731185313238256,-0.0016339014750702033,-0.0022015648276481493,0.0014748078637693437,-0.0021592702293545276,-0.0010393942060210237,0.001169326187897797,0.0005908324820179333,0.0021835098117719406,0.0010899756375811027,0.00020037299857953255,0.0004150750573757639,-0.001094284225277278,-0.0006840476691692888,0.0027928668966597696,-0.0005990807696799573,-0.004027691798199085
IND181201AAB,0.0,1,1,0.0,24.0,3.155844155844156,Akhnoor_ThthiCwk_D (Jammu & Kashmir),0.0,-0.0016339014750703798,-0.0022015648276482586,0.0014748078637690936,-0.0021592702293549895,-0.0010393942060209396,0.0011693261878978104,0.0005908324820180733,0.0021835098117720672,0.0010899756375822266,0.00020037299858038736,0.00041507505737638597,-0.0010942842252764028,-0.0018381394081799943,0.00048515541398589583,-0.0036751594032495027,-0.003588963519191339
IND602001AAB,0.0,0,1,0.0,22.0,2.210526315789474,Kumbakonam_Mettu_DC (Tamil Nadu),0.0,0.09393362628887295,0.05637559859036633,-0.04918169469036837,-0.0482589765891193,0.020909960083390057,0.010712995506073929,0.025819691335215493,0.04292141576233752,0.08903510463413057,0.06283626333765892,-0.04401731966787154,-0.006075225317693197,2.579626244278557e-15,4.153674009811292e-15,6.533869228916639e-17,3.966992031842246e-15
IND609001AAA,7.297459024767576e-07,1,1,0.0,36.0,1.9821428571428568,Mylduthuri_Thiruviz_D (Tamil Nadu),2.6270852489163277e-05,0.09393362628887324,0.05637559859036633,-0.0491816946903684,-0.048258976589119415,0.020909960083390078,0.01071299550607399,0.025819691335215552,0.04292141576233763,0.08903510463413065,0.06283626333765904,-0.04401731966787183,-0.0060752253176932286,2.621249651473893e-15,4.124160209019379e-15,1.0166376850499702e-16,4.005552479096882e-15
IND614018AAA,7.297459024767576e-07,1,1,0.0,30.0,1.7490196078431373,Mannargudi_Vadasari_D (Tamil Nadu),2.1892377074302727e-05,0.0939336262888731,0.05637559859036627,-0.04918169469036839,-0.04825897658911933,0.020909960083390054,0.01071299550607394,0.025819691335215555,0.0429214157623376,0.0890351046341306,0.06283626333765896,-0.044017319667871736,-0.006075225317693213,2.6004422474813873e-15,4.138287377400779e-15,5.747621357501082e-17,4.008965896857005e-15
IND581119AAB,0.0,1,1,1.0,54.0,1.5127525252525251,Ukkadagatri_Tuminkte_D (Karnataka),0.0,-0.0016339014750703766,-0.0022015648276478743,0.001474807863769128,-0.002159270229354848,-0.0010393942060209218,0.0011693261878978256,0.0005908324820181963,0.002183509811772031,0.001089975637581216,0.000200372998579267,0.00041507505737560675,-0.001094284225276685,0.001496313517412885,0.004891164094597157,0.0007961632541671771,-0.0027685012081601597
IND201301AAL,0.0004101171971919,2,2,0.0,34.0,1.515521978021978,Dadri_ICDCant_D (Uttar Pradesh),0.0139439847045258,-0.0016339014750703412,-0.0022015648276480777,0.0014748078637691986,-0.0021592702293547973,-0.0010393942060209754,0.0011693261878978041,0.0005908324820180922,0.0021835098117720542,0.001089975637583177,0.00020037299857892987,0.00041507505737539376,-0.0010942842252776544,-0.0026013462947452877,-0.001613622297960427,-0.004297222777351197,-0.0010565125327788869
IND121002AAB,0.0,1,1,0.0,163.0,1.5742997198879551,Faridabad_Mthurard_L (Haryana),0.0,-0.0016339014750701882,-0.002201564827648097,0.0014748078637693502,-0.0021592702293545857,-0.0010393942060210547,0.0011693261878977668,0.0005908324820180212,0.00218350981177196,0.0010899756375816363,0.00020037299857929026,0.00041507505737578836,-0.00109428422527756,-0.001956476693235691,-0.0006306844265212721,-0.0030729838135957273,-0.0013559453287604977
IND110064AAA,0.0008114774435541,2,3,0.1111111111111111,235.0,1.893482905982906,Delhi_Mayapuri_PC (Delhi),0.1906971992352263,-0.0016339014750701678,-0.00220156482764806,0.0014748078637693734,-0.0021592702293545493,-0.0010393942060210064,0.0011693261878977694,0.000590832482018041,0.0021835098117719445,0.0010899756375818306,0.00020037299857942896,0.00041507505737587173,-0.0010942842252774697,-0.002185283632437874,-0.001249101187727992,-0.0029484206545556993,-0.0007600278433963115
IND713148AAA,0.0012150269276238,1,1,0.0,34.0,3.0064102564102564,Panagarh_Central_D_1 (West Bengal),0.0413109155392092,-0.001633901475070212,-0.0022015648276480764,0.0014748078637692986,-0.0021592702293547106,-0.0010393942060210634,0.0011693261878977824,0.0005908324820180975,0.0021835098117719636,0.0010899756375833112,0.00020037299857953212,0.00041507505737754655,-0.0010942842252732816,-0.0027414583187409173,-0.005919107850593292,0.008913732506468765,-0.0014446746011720823
IND731204AAB,0.0,1,1,0.5,13.0,2.4285714285714284,Bolpur_WebelDPP_D (West Bengal),0.0,-0.001633901475070195,-0.0022015648276480777,0.0014748078637693022,-0.0021592702293547106,-0.001039394206021059,0.00116932618789778,0.0005908324820180963,0.0021835098117719606,0.0010899756375834164,0.0002003729985794967,0.0004150750573776014,-0.0010942842252730464,-0.002795259422733685,-0.006095380184788684,0.009197114457635517,-0.0014968495781604119
IND731301AAA,0.0012084592145015,2,1,0.1666666666666666,55.0,1.8651515151515152,Nanoor_Central_DPP_1 (West Bengal),0.066465256797583,-0.001633901475070203,-0.002201564827648075,0.0014748078637693027,-0.002159270229354713,-0.0010393942060210593,0.00116932618789778,0.0005908324820180986,0.002183509811771965,0.0010899756375834053,0.0002003729985795208,0.00041507505737759166,-0.0010942842252731023,-0.002781609066671668,-0.0060506762837062075,0.009125253024740744,-0.0014836212318559464
IND110052AAA,0.0,1,1,0.0,70.0,1.6616161616161615,Delhi_Wazirpur_L (Delhi),0.0,-0.0016339014750701925,-0.002201564827648095,0.0014748078637693504,-0.0021592702293545883,-0.001039394206021057,0.0011693261878977692,0.00059083248201802,0.002183509811771961,0.0010899756375816407,0.00020037299857928988,0.00041507505737578906,-0.0010942842252775595,-0.0019564766932356863,-0.0006306844265212712,-0.0030729838135957295,-0.0013559453287605005
IND534001AAA,0.0004026373016915,1,2,0.3333333333333333,17.0,1.7342261904761904,Eluru_Agraharm_DC (Andhra Pradesh),0.0068448341287563,-0.0016339014750701888,-0.002201564827648154,0.001474807863769357,-0.0021592702293545094,-0.001039394206021025,0.0011693261878978072,0.0005908324820179208,0.002183509811771929,0.0010899756375810847,0.0002003729985795217,0.00041507505737574965,-0.001094284225277276,-0.0006951562635168727,0.0028616222688524293,-0.0006148220666868176,-0.00414786466004821
IND521333AAA,0.0004026373016915,2,1,0.3333333333333333,49.0,2.375,Kaikaluru_Atapaka_D (Andhra Pradesh),0.0197292277828859,-0.001633901475070194,-0.002201564827648153,0.0014748078637693552,-0.002159270229354512,-0.0010393942060210255,0.0011693261878978052,0.0005908324820179195,0.0021835098117719332,0.001089975637581082,0.00020037299857952526,0.00041507505737574846,-0.0010942842252772813,-0.0006946403939339163,0.0028584242007542804,-0.00061408964897981,-0.004142269427067322
IND515004AAA,0.0128823868528978,6,6,0.109375,398.0,1.787405669504644,Anantapur_KamaStrt_I (Andhra Pradesh),5.127189967453333,-0.0016339014750703493,-0.002201564827648081,0.0014748078637692418,-0.0021592702293546325,-0.001039394206020922,0.0011693261878978757,0.0005908324820181448,0.0021835098117720304,0.0010899756375810025,0.00020037299857922586,0.0004150750573758553,-0.0010942842252768415,0.0010915230825332613,0.005624776204028663,0.0012423306375978869,-0.003223175849843928
IND515671AAA,0.0028277653720974,1,2,0.1666666666666666,29.0,1.5555555555555556,Dharmavram_SaiNgr_D (Andhra Pradesh),0.0820051957908256,-0.0016339014750703775,-0.0022015648276481133,0.0014748078637692374,-0.002159270229354597,-0.0010393942060208969,0.0011693261878978716,0.0005908324820181577,0.0021835098117720404,0.001089975637580953,0.00020037299857905973,0.000415075057375938,-0.001094284225276621,0.0011489043001942482,0.006088223819557472,0.0013523230606770566,-0.0035520131502226604
IND515591AAA,0.0028168191835602,2,1,0.1666666666666666,30.0,1.6125,Kadiri_GVManu_D (Andhra Pradesh),0.0845045755068085,-0.0016339014750703835,-0.0022015648276481124,0.0014748078637692298,-0.0021592702293545896,-0.0010393942060208823,0.0011693261878978735,0.0005908324820181706,0.0021835098117720326,0.001089975637580931,0.0002003729985790162,0.0004150750573759357,-0.0010942842252765603,0.0011661602296584126,0.006227500146672648,0.0013853736788053234,-0.0036507926991073514
IND516269AAA,0.0028146299458528,1,1,0.0,59.0,1.5,Rayachoti_Madnpali_D (Andhra Pradesh),0.1660631668053184,-0.001633901475070379,-0.002201564827648104,0.0014748078637692348,-0.002159270229354599,-0.0010393942060208888,0.0011693261878978802,0.0005908324820181628,0.002183509811772026,0.0010899756375809418,0.00020037299857906317,0.00041507505737591483,-0.0010942842252766212,0.0011501544052306253,0.006097007431802871,0.0013543459002932562,-0.0035576630860340744
IND516390AAA,0.0028124407081454,1,1,0.0,60.0,1.7416666666666667,Pulivendula_RTCStand_D (Andhra Pradesh),0.1687464424887254,-0.0016339014750703657,-0.002201564827648091,0.0014748078637692396,-0.002159270229354613,-0.0010393942060209075,0.0011693261878978818,0.0005908324820181488,0.0021835098117720356,0.0010899756375809774,0.0002003729985791383,0.000415075057375882,-0.0010942842252767272,0.0011232279980056754,0.005879280496123545,0.0013026599912768623,-0.003403066828464088
IND282002AAD,0.0046689430132338,6,5,0.1886792452830188,108.0,1.9133215540336284,Unknown_Source,0.5042458454292524,-0.0016339014750700843,-0.002201564827648029,0.0014748078637694519,-0.0021592702293544235,-0.0010393942060210914,0.0011693261878977595,0.0005908324820180318,0.002183509811771895,0.0010899756375818113,0.00020037299857956063,0.0004150750573759667,-0.0010942842252780844,-0.002442369365506515,-0.0017331492094307885,-0.00413235135410538,0.0010666219091116946
IND444203AAA,0.0016105492067662,2,1,0.3333333333333333,10.0,2.369281045751634,Shegaon_SChwkDPP_D (Maharashtra),0.016105492067662,-0.0016339014750701715,-0.0022015648276476813,0.00147480786376927,-0.0021592702293548433,-0.0010393942060211482,0.0011693261878977514,0.0005908324820176953,0.0021835098117719484,0.0010899756375819115,0.0002003729985799262,0.00041507505737486115,-0.0010942842252774742,-0.001408296424238714,0.0014591585157555172,-0.0011360885767142134,-0.004818160558406462
IND303901AAA,0.0,1,1,0.5,18.0,1.3666666666666667,Chaksu_TonkRoad_D (Rajasthan),0.0,0.00619021337249957,-0.004692625825373569,0.013342019140760403,-0.00779417994109949,-0.009692031391717431,-0.004497363920442511,0.007607952112082351,-0.008988039169708775,0.013518004607779278,-0.002096211131806204,0.009676212933406342,-0.01477423420303013,-1.128001989939116e-15,-1.9222818295466825e-15,1.6874605166829682e-15,-4.1129308737947525e-15
IND721212AAA,0.0,0,1,0.0,79.0,2.0,Ghatal_KrshDPP_D (West Bengal),0.0,-0.0016339014750709818,-0.0022015648276481024,0.0014748078637691836,-0.002159270229354743,-0.0010393942060209517,0.0011693261878978323,0.0005908324820178962,0.002183509811772463,0.0010899756375827403,0.00020037299858081847,0.00041507505737711634,-0.001094284225275847,-0.002541560832609208,-0.005153575396388225,0.007642138567160765,-0.0011929611441440014
IND560043AAC,0.0008089233328954,4,3,0.4210526315789473,163.0,1.725939363599691,HBR Layout PC (Karnataka),0.1318545032619641,-0.001633901475070347,-0.002201564827648058,0.00147480786376922,-0.002159270229354706,-0.0010393942060209398,0.0011693261878978226,0.0005908324820182047,0.002183509811772033,0.0010899756375811994,0.00020037299857919157,0.00041507505737567793,-0.001094284225276906,0.0018792314784156618,0.005976566254100665,0.001494791190089962,-0.0019322930866147092
IND841424AAA,0.0,0,2,0.5,33.0,2.370512820512821,Chhapra_Prbhunth_D (Bihar),0.0,0.009582142558197799,0.002641021974353655,0.00013091906865079063,0.00501512017227948,0.0012680796400797573,-0.0052291075445401285,0.011665867237741696,-0.004558195561075391,-0.005119261254604272,-0.0008939094313054678,-0.0007590354017276648,0.006418905378699356,-2.6085017648692575e-16,-1.6093313563816363e-16,-8.990744731072657e-16,2.7247095241708894e-16
IND841226AAB,7.297459024767576e-07,2,1,0.1666666666666666,4.0,3.8639705882352944,Siwan_HnmntNgr_D (Bihar),2.9189836099070305e-06,0.00958214255819777,0.0026410219743536537,0.00013091906865079066,0.005015120172279476,0.0012680796400797551,-0.005229107544540133,0.011665867237741693,-0.004558195561075391,-0.005119261254604279,-0.0008939094313054762,-0.0007590354017276739,0.006418905378699372,-2.709726750006869e-16,-1.5713892463754055e-16,-9.02809145995493e-16,2.7482874685561483e-16
IND244301AAA,0.0012150269276238,1,1,0.5,22.0,1.694763729246488,Sambhal_Khwssrai_D (Uttar Pradesh),0.0267305924077236,-0.0016339014750704182,-0.002201564827648656,0.0014748078637689286,-0.002159270229355418,-0.0010393942060209517,0.0011693261878978057,0.0005908324820180416,0.002183509811772096,0.0010899756375799734,0.00020037299858287867,0.0004150750573889343,-0.0010942842252711542,-0.0035190363992830933,-0.0015053803066755926,-0.008369485015050446,-0.006427665037686312
IND243301AAB,0.0004053738488258,1,2,0.1666666666666666,33.0,1.5432018961430725,Aonla_KdidmCLY_D (Uttar Pradesh),0.0133773370112526,-0.0016339014750704273,-0.0022015648276486727,0.0014748078637689234,-0.00215927022935544,-0.0010393942060209435,0.0011693261878978048,0.0005908324820180428,0.0021835098117720915,0.0010899756375799664,0.0002003729985828831,0.00041507505738905227,-0.0010942842252711414,-0.0035305642640062022,-0.0015128310684527314,-0.008413668952510164,-0.006466141624691958
IND263002AAA,0.0,1,1,0.5,26.0,1.5164141414141414,Nainital_Sookhtal_D (Uttarakhand),0.0,-0.0016339014750700784,-0.0022015648276467598,0.0014748078637700605,-0.0021592702293530682,-0.0010393942060212013,0.0011693261878977848,0.0005908324820182243,0.002183509811771873,0.001089975637582227,0.00020037299858114915,0.0004150750573794206,-0.0010942842252749496,-0.0028290107328611197,-0.001027388283942641,-0.0054943424595508905,-0.003844687945284006
IND263645AAA,0.0012128376899163,3,2,0.3333333333333333,22.0,2.0177393684746625,Ranikhet_Subhash_D (Uttarakhand),0.0266824291781601,-0.0016339014750700938,-0.0022015648276467177,0.0014748078637700775,-0.0021592702293530383,-0.0010393942060212022,0.001169326187897792,0.0005908324820182315,0.0021835098117718825,0.0010899756375822335,0.00020037299858115997,0.0004150750573794422,-0.0010942842252749077,-0.0028363083760570467,-0.0010313817566215719,-0.005517109940681032,-0.0038627326516915412
IND263601AAA,0.0004026373016915,1,3,0.5,36.0,1.6547017797017798,Almora_SuzkiSrv_D (Uttarakhand),0.0144949428608958,-0.0016339014750700828,-0.0022015648276467424,0.0014748078637700638,-0.002159270229353054,-0.001039394206021187,0.0011693261878977833,0.0005908324820182395,0.002183509811771887,0.0010899756375822266,0.0002003729985811625,0.00041507505737943453,-0.0010942842252749385,-0.0028335839776158305,-0.0010298920330899994,-0.005508618047294543,-0.00385600444438871
IND621211AAA,0.0,0,1,0.0,22.0,1.4285714285714286,Musiri_ThryrRD_D (Tamil Nadu),0.0,0.002269878025762365,-0.0012637054261883489,0.0017770653115270045,0.00246183204650525,-0.0033193194308151755,-0.0018242839482014931,0.002716801371543518,0.002024672571099217,-0.00281969330492824,0.003137094025511734,-0.0014509980177066632,0.0020804919262400203,7.354996791842956e-19,-1.9015264413210515e-16,2.748539113752074e-16,-9.778630906352264e-16
IND621010AAA,2.189237707430273e-06,1,1,0.0,32.0,1.4691666666666667,Thuraiyur_Mthrapuri_D (Tamil Nadu),7.005560663776874e-05,0.002269878025762373,-0.001263705426188346,0.0017770653115270086,0.002461832046505253,-0.0033193194308151807,-0.001824283948201496,0.002716801371543527,0.002024672571099212,-0.00281969330492824,0.0031370940255117255,-0.0014509980177066781,0.0020804919262400285,-2.176873472502117e-17,-1.1859336299044765e-16,2.6470140525687454e-16,-9.176655069636787e-16
IND621212AAA,4.013602463622167e-06,2,1,0.1666666666666666,32.0,1.619047619047619,Perambalur_goplpurm_D (Tamil Nadu),0.0001284352788359,0.0022698780257623683,-0.0012637054261883474,0.001777065311527006,0.0024618320465052447,-0.0033193194308151755,-0.0018242839482014849,0.0027168013715435603,0.002024672571099217,-0.0028196933049282383,0.0031370940255117294,-0.0014509980177066619,0.0020804919262400225,-7.362990483452307e-17,-1.1479706901697013e-16,1.6593782141496054e-16,-7.375906064345767e-16
IND621704AAA,4.378475414860546e-06,1,1,0.5,0.0,0.0,Ariyalur_Kmrajngr_D (Tamil Nadu),0.0,0.0022698780257623704,-0.0012637054261883476,0.0017770653115270062,0.002461832046505252,-0.0033193194308151837,-0.0018242839482014916,0.0027168013715435663,0.0020246725710992165,-0.002819693304928242,0.0031370940255117247,-0.0014509980177066781,0.0020804919262400324,-8.217848341201882e-17,-7.207682154738636e-17,1.6557038152820782e-16,-6.869075005806344e-16
IND608301AAA,3.648729512383788e-06,1,1,0.0,96.0,1.8441295546558705,Lalpet_PriyrNGR_D (Tamil Nadu),0.0003502780331888,0.0022698780257623635,-0.0012637054261883454,0.0017770653115270082,0.0024618320465052486,-0.00331931943081518,-0.001824283948201495,0.002716801371543634,0.002024672571099216,-0.0028196933049282466,0.0031370940255117147,-0.0014509980177066669,0.0020804919262400476,-1.3641424609999357e-16,4.0369234080981396e-17,-7.319185077934655e-17,-1.434891085900184e-16
IND743235AAA,0.0004053738488258,1,1,0.5,6.0,2.0722222222222224,Bongaon_SukntDPP_D (West Bengal),0.002432243092955,-0.001633901475070301,-0.0022015648276480816,0.0014748078637692738,-0.002159270229354711,-0.0010393942060210105,0.00116932618789782,0.0005908324820181127,0.0021835098117720135,0.0010899756375822526,0.00020037299858001245,0.00041507505737618794,-0.0010942842252758887,-0.0021730942505768292,-0.004017057275113653,0.005842040693402799,-0.0008733642843225543
IND743270AAA,0.0004031846111184,1,1,0.5,5.0,15.35135135135135,Helencha_ColnyDPP_D (West Bengal),0.002015923055592,-0.0016339014750703,-0.002201564827648071,0.001474807863769268,-0.0021592702293547154,-0.0010393942060210064,0.0011693261878978113,0.0005908324820181148,0.002183509811772025,0.0010899756375822582,0.00020037299858000467,0.00041507505737617395,-0.001094284225275904,-0.00216984980645764,-0.004008032311786228,0.005828052267187795,-0.0008709970550257904
IND244235AAA,0.0071847132828349,1,1,0.0,80.0,1.3944444444444444,Gajraula_JawaharN_D (Uttar Pradesh),0.5747770626267934,-0.0016339014750703196,-0.0022015648276481684,0.0014748078637692248,-0.002159270229354818,-0.0010393942060210179,0.0011693261878977883,0.0005908324820180342,0.002183509811772041,0.0010899756375809555,0.00020037299858164184,0.0004150750573835861,-0.0010942842252735603,-0.0029873917163450265,-0.0011637011649055819,-0.006345528222535763,-0.004669315339246811
IND244221AAA,0.007549221361122,1,1,0.0,125.0,1.5,Amroha_SamitiRd_D (Uttar Pradesh),0.9436526701402572,-0.0016339014750703148,-0.0022015648276481415,0.0014748078637692465,-0.0021592702293547783,-0.001039394206021022,0.0011693261878977987,0.0005908324820180577,0.002183509811772037,0.0010899756375810329,0.00020037299858155657,0.00041507505738324864,-0.0010942842252737617,-0.002952172409074543,-0.0011410702679208755,-0.006211477355768476,-0.004552864733042549
IND462042AAA,0.0,1,1,0.0,34.0,4.612121212121211,Bhopal_Kolar Mandakni (Madhya Pradesh),0.0,-0.0016339014750702547,-0.002201564827648051,0.0014748078637692738,-0.0021592702293546802,-0.0010393942060210263,0.0011693261878977848,0.0005908324820180171,0.002183509811771988,0.001089975637581818,0.0002003729985797872,0.00041507505737552143,-0.0010942842252788364,-0.0011054879954222091,0.00147107401047291,-0.0027317902040674418,-0.0005932365280840174
IND641001AAA,2.736547134287841e-06,2,1,0.5,10.0,1.7638888888888888,Coimbatore_Ukkadam_D (Tamil Nadu),2.736547134287841e-05,0.020794586572540408,-0.005910785269691707,-0.004365995946928611,0.017362493321755178,0.02638728905781813,-0.019847780345015588,-0.033258087411745296,0.023497990580928982,9.395019813817508e-05,-0.036515707010369255,0.022681864017263173,-0.025389488428085787,-9.23220583098868e-16,-2.5884956894062557e-15,3.543529117050008e-15,-5.5694708696250126e-15
IND530012AAC,0.0,0,2,1.0,55.0,1.875,Vizag_Gajuwaka_L (Andhra Pradesh),0.0,-0.0016339014750702168,-0.002201564827648029,0.001474807863769256,-0.002159270229354766,-0.0010393942060210667,0.0011693261878977703,0.000590832482018037,0.002183509811771986,0.0010899756375807462,0.00020037299857968166,0.00041507505737601864,-0.001094284225277715,-0.0004343397272698745,0.0034981159072773422,0.00045935502587528135,-0.0047353451743909186
IND741201AAC,0.0004039143570208,1,1,0.0,4.0,15.271929824561404,Ranaghat_ArickDPP_D (West Bengal),0.0016156574280835,-0.0016339014750702972,-0.002201564827648065,0.0014748078637692522,-0.0021592702293547145,-0.0010393942060210049,0.001169326187897794,0.0005908324820181153,0.0021835098117720234,0.0010899756375822743,0.00020037299857999353,0.00041507505737617406,-0.0010942842252759013,-0.0021713617558342764,-0.004012248732257468,0.005834590848537088,-0.0008721047434024586
IND581303AAA,0.0002025044879373,1,2,0.3333333333333333,32.0,1.4937477776460828,Karwar_Central_D_1 (Karnataka),0.0064801436139936,-0.001633901475070432,-0.0022015648276475764,0.0014748078637690054,-0.002159270229355073,-0.0010393942060208826,0.001169326187897897,0.0005908324820182103,0.0021835098117720443,0.0010899756375812198,0.00020037299857923415,0.00041507505737534855,-0.0010942842252763291,0.0007583775027650523,0.004469254871574555,0.000278833606455822,-0.0036251718319339032
IND581400AAB,0.0002025044879373,2,1,0.3333333333333333,32.0,1.5847457627118644,Mallapur_ShtDRDPP_D (Karnataka),0.0064801436139936,-0.0016339014750704323,-0.002201564827647578,0.001474807863769007,-0.0021592702293550697,-0.001039394206020885,0.0011693261878978976,0.0005908324820182158,0.002183509811772037,0.0010899756375812213,0.00020037299857923827,0.00041507505737534974,-0.0010942842252763263,0.0007581959765584356,0.004468281970941742,0.0002788231342481552,-0.0036247766990400456
IND581325AAA,0.0008060043492855,2,1,0.1666666666666666,42.0,1.7604166666666663,Dandeli_RKComplx_D (Karnataka),0.0338521826699943,-0.001633901475070423,-0.002201564827647627,0.001474807863769036,-0.002159270229355034,-0.001039394206020899,0.0011693261878978878,0.0005908324820182182,0.002183509811772041,0.0010899756375812367,0.00020037299857926478,0.0004150750573754076,-0.0010942842252763985,0.0007466354490459304,0.004390577493654347,0.00027575701609821354,-0.003570349810033312
IND574227AAA,0.0004053738488258,1,1,0.0,19.0,1.8888888888888888,Moodbidri_MrdiVlge_D (Karnataka),0.0077021031276909,-0.0016339014750705154,-0.002201564827647415,0.0014748078637688781,-0.002159270229355237,-0.0010393942060208093,0.0011693261878979375,0.0005908324820182764,0.0021835098117720638,0.0010899756375811356,0.0002003729985789944,0.00041507505737516744,-0.0010942842252759466,0.0015215951041510766,0.005398913075477675,0.0008237604662437907,-0.003252918357501754
IND574104AAA,0.0004031846111184,1,1,0.0,52.0,1.9334795321637424,Karkala_MarketRd_D (Karnataka),0.0209655997781572,-0.0016339014750705073,-0.002201564827647467,0.0014748078637689033,-0.002159270229355184,-0.001039394206020814,0.0011693261878979277,0.0005908324820182602,0.002183509811772069,0.0010899756375811552,0.00020037299857904087,0.00041507505737518695,-0.0010942842252760208,0.0015717242550272062,0.005387732635061256,0.0008568192192497588,-0.0031526722333349378
IND574216AAA,0.0012080943415502,2,2,0.1666666666666666,40.0,2.4007936507936507,Dhrmsthala_Beltngdi_D (Karnataka),0.0483237736620108,-0.001633901475070475,-0.0022015648276475577,0.0014748078637689505,-0.002159270229355123,-0.0010393942060208335,0.0011693261878979067,0.000590832482018254,0.002183509811772062,0.0010899756375811651,0.00020037299857905407,0.0004150750573752908,-0.0010942842252761643,0.0016112407717597994,0.005308376208984022,0.0008800759728264119,-0.002999704914211221
IND700136AAB,0.0,1,1,1.0,3.0,4.428571428571429,CCU_Hub (West Bengal),0.0,-0.0016339014750703085,-0.002201564827648072,0.001474807863769263,-0.0021592702293547154,-0.0010393942060210094,0.0011693261878978035,0.0005908324820181237,0.0021835098117720356,0.0010899756375822816,0.00020037299858001743,0.00041507505737623196,-0.0010942842252758777,-0.002194700119610937,-0.0040784591844907426,0.005937616490954776,-0.0008896865400993435
IND635601AAB,0.0004053738488258,1,2,0.5,52.0,2.787878787878788,Tiruppattur_KoilStrt_D (Tamil Nadu),0.0210794401389436,-0.0016339014750701856,-0.0022015648276485344,0.0014748078637693719,-0.002159270229354328,-0.0010393942060209745,0.0011693261878974988,0.0005908324820181893,0.0021835098117719207,0.0010899756375810773,0.00020037299857918143,0.00041507505737578256,-0.0010942842252770824,0.0012559718271418871,0.005227531690217713,0.0008942077728791594,-0.003025388968797557
IND635207AAA,0.0,1,1,1.0,7.0,3.0,Uthangarai_RgstrOFC_D (Tamil Nadu),0.0,-0.0016339014750701786,-0.002201564827648548,0.0014748078637693623,-0.0021592702293543285,-0.0010393942060209769,0.0011693261878975003,0.0005908324820181876,0.0021835098117719194,0.0010899756375810673,0.00020037299857918463,0.00041507505737579074,-0.00109428422527708,0.001255921040489779,0.005227213534134932,0.0008941497675214907,-0.003025166795077009
IND673573AAA,0.0,0,1,0.0,24.0,1.678235294117647,Thamarassery_Chungam_D (Kerala),0.0,-0.0016339014750704048,-0.002201564827647965,0.0014748078637691854,-0.002159270229354793,-0.0010393942060209227,0.001169326187897901,0.0005908324820182584,0.0021835098117720577,0.0010899756375811658,0.00020037299857924199,0.00041507505737567435,-0.0010942842252767485,0.001980607131772686,0.0053008929267410135,0.0011338727927477255,-0.0023128656019737394
IND673592AAA,0.0012128376899163,2,3,0.1111111111111111,145.0,1.987100737100737,SultnBthry_Kollgpra_D (Kerala),0.1758614650378738,-0.0016339014750704015,-0.002201564827647966,0.001474807863769188,-0.002159270229354791,-0.001039394206020922,0.0011693261878978963,0.0005908324820182485,0.0021835098117720603,0.001089975637581173,0.00020037299857924733,0.0004150750573756967,-0.0010942842252767613,0.001972540413734854,0.005268442508071903,0.0011264766734141545,-0.002295796136925305
IND736135AAA,1.4594918049535152e-06,1,2,0.0,16.0,2.279096790890269,Dinhata_WrdN4DPP_D (West Bengal),2.3351868879256244e-05,0.028074391322274874,0.0685322672613474,-0.05132381523977171,-0.022514469292920797,0.04417434315186582,0.028406760613513545,-0.0417644713321799,-0.04523148451519887,0.03086779337354623,-0.02830261200552091,0.014637697395596037,-0.027582062787787107,-6.550610585504614e-17,-1.0404635449469046e-15,3.8795524523473574e-15,-3.555324725782304e-15
IND210501AAB,0.0,0,1,0.0,141.0,2.4,Bewar_BndhuTRH_D (Uttar Pradesh),0.0,-0.001633901475070184,-0.002201564827648059,0.0014748078637693235,-0.002159270229354603,-0.0010393942060210408,0.0011693261878977753,0.0005908324820180163,0.0021835098117719493,0.0010899756375815596,0.0002003729985795439,0.0004150750573753256,-0.001094284225280314,-0.0029274808711448044,-0.0033149991160511022,-0.007193616876623475,0.009391796440078537
IND396232AAA,0.0,1,1,0.0,30.0,3.390277777777777,Silvassa_Samrvrni_D (Dadra and Nagar Haveli),0.0,-0.0016339014750702215,-0.002201564827648045,0.0014748078637693014,-0.002159270229354759,-0.0010393942060211048,0.001169326187897735,0.0005908324820180258,0.0021835098117719966,0.0010899756375816352,0.00020037299857979384,0.00041507505737572916,-0.0010942842252771555,-0.0009866960197439487,0.0016113263938598587,-0.001126976504393329,-0.003551143600778445
IND562125AAA,3.648729512383788e-07,1,1,0.0,1.0,7.125,Bengaluru_Sarjapur_D (Karnataka),3.648729512383788e-07,-0.001633901475070367,-0.002201564827648061,0.0014748078637692214,-0.0021592702293546967,-0.0010393942060209363,0.0011693261878978364,0.0005908324820182207,0.002183509811772044,0.0010899756375811686,0.00020037299857915118,0.00041507505737568845,-0.0010942842252768396,0.0019107036589115453,0.006294854259116588,0.0016052191474156068,-0.0019664882625126646
IND416510AAA,0.0012135674358188,2,2,0.0,80.0,2.009495962127541,Sawantwadi_LaxmiNgr_D (Maharashtra),0.0970853948655078,-0.0016339014750704059,-0.002201564827647631,0.001474807863769048,-0.002159270229355031,-0.0010393942060209157,0.0011693261878978748,0.0005908324820181578,0.002183509811772032,0.0010899756375812421,0.00020037299857930988,0.00041507505737539485,-0.001094284225276441,0.0004257470456543266,0.004075087797729465,2.586160217715828e-05,-0.003767262440967615
IND201204AAA,0.0,1,1,1.0,6.0,1.6428571428571428,Modinagar_SikriKla_DC (Uttar Pradesh),0.0,-0.001633901475070262,-0.002201564827647683,0.0014748078637695158,-0.0021592702293542127,-0.0010393942060210912,0.0011693261878977777,0.0005908324820180431,0.0021835098117720052,0.0010899756375819271,0.0002003729985805008,0.0004150750573784815,-0.0010942842252758592,-0.002490265631126955,-0.0008422203795574509,-0.004438893742762542,-0.0030085578676945623
IND251201AAA,0.0004039143570208,1,2,0.3333333333333333,6.0,2.190351877851878,Khatauli_TilakNgr_D (Uttar Pradesh),0.0024234861421253,-0.0016339014750702601,-0.002201564827647682,0.001474807863769525,-0.0021592702293541976,-0.0010393942060210972,0.0011693261878977757,0.0005908324820180386,0.0021835098117720005,0.001089975637581939,0.00020037299858052546,0.0004150750573785153,-0.0010942842252758308,-0.0025034806434653303,-0.0008489784369615757,-0.00447689082849567,-0.0030377696421757523
IND454001AAA,0.0,0,1,0.0,0.0,0.0,Dhar_Trimurti_D (Madhya Pradesh),0.0,-0.0016339014750700405,-0.002201564827648753,0.0014748078637695239,-0.002159270229354845,-0.0010393942060214457,0.0011693261878975153,0.0005908324820179095,0.0021835098117720044,0.0010899756375809678,0.00020037299858070737,0.00041507505737645194,-0.0010942842252769553,-0.001570109970860477,0.0011919092848778471,-0.0028249214222732287,-0.004076718250915864
IND457001AAA,0.0004042792299721,1,2,0.1666666666666666,36.0,1.6249970291146765,Ratlam_Khjurwli_DC (Madhya Pradesh),0.0145540522789964,-0.0016339014750700361,-0.0022015648276487386,0.0014748078637695178,-0.00215927022935484,-0.0010393942060214403,0.001169326187897522,0.0005908324820179206,0.0021835098117719983,0.001089975637580971,0.00020037299858067934,0.0004150750573764366,-0.0010942842252769582,-0.0015637151466572478,0.0011846127867511465,-0.002806494790925609,-0.004046631159112047
IND457226AAA,0.0,1,1,0.5,208.0,1.5415470472820068,Jaora_RtlamNka_D (Madhya Pradesh),0.0,-0.0016339014750700366,-0.0022015648276487304,0.0014748078637695158,-0.002159270229354843,-0.0010393942060214344,0.0011693261878975261,0.0005908324820179234,0.002183509811772003,0.0010899756375809763,0.0002003729985806702,0.0004150750573764429,-0.0010942842252769723,-0.0015605982847500168,0.0011810547064853585,-0.0027975083267339244,-0.004031955008757563
IND785690AAB,0.0,1,1,0.0,70.0,3.380952380952381,Sonari_Central_DPP_1 (Assam),0.0,-0.0016339014750708684,-0.0022015648276479437,0.0014748078637692391,-0.002159270229354701,-0.0010393942060210237,0.0011693261878977916,0.0005908324820178489,0.0021835098117724103,0.0010899756375797114,0.0002003729985772038,0.00041507505737201967,-0.001094284225275115,-0.0060028211510059215,-0.0294658464486432,0.038113648685107526,0.011022261924239517
IND575004AAB,0.0135740309065542,6,7,0.0384615384615384,86.0,2.102425196635723,Mangalore_Kuntikna_H (Karnataka),1.167366657963665,-0.001633901475070528,-0.002201564827647389,0.001474807863768867,-0.002159270229355254,-0.0010393942060207934,0.0011693261878979449,0.0005908324820182764,0.002183509811772064,0.0010899756375811536,0.00020037299857901316,0.0004150750573751115,-0.0010942842252759312,0.0014539509124165744,0.00534200439651072,0.0007764613049281422,-0.003312080758138664
IND208012AAA,0.0,1,1,0.0,33.0,35.0,Kanpur_Central_D_7 (Uttar Pradesh),0.0,-0.001633901475070193,-0.0022015648276480556,0.0014748078637693215,-0.0021592702293546026,-0.0010393942060210398,0.0011693261878977764,0.0005908324820180113,0.0021835098117719467,0.0010899756375815587,0.00020037299857954535,0.00041507505737532454,-0.0010942842252803105,-0.0029274808711448044,-0.003314999116051111,-0.007193616876623482,0.009391796440078525
IND788026AAC,0.004841499189982,4,4,0.0925925925925925,173.0,3.0142114920104053,Silchar_Sirikona_H (Assam),0.8375793598668944,-0.001633901475066862,-0.0022015648276489156,0.0014748078637693977,-0.002159270229354773,-0.0010393942060210304,0.0011693261878977326,0.0005908324820179413,0.0021835098117697206,0.0010899756375817623,0.00020037299857933637,0.000415075057373899,-0.001094284225274613,-0.0048043715440623455,-0.01985186128090181,0.024628285926329593,0.006434416813011166
IND388320AAA,0.0032485855091923,4,4,0.0961538461538461,45.0,2.7705513784461155,Anand_Vaghasi_IP (Gujarat),0.1461863479136564,-0.0016339014750700533,-0.00220156482764862,0.001474807863769498,-0.002159270229354799,-0.0010393942060213874,0.001169326187897563,0.0005908324820179218,0.002183509811771989,0.0010899756375811714,0.00020037299858043772,0.0004150750573763287,-0.0010942842252770744,-0.0015520609224833571,0.0010388516217838108,-0.0027658879113160446,-0.003640176216925704
IND671323AAD,0.0004061035947283,1,1,0.0,2.0,2.1607142857142856,Manjeshwar_Central_D_1 (Kerala),0.0008122071894566,-0.0016339014750705368,-0.0022015648276473413,0.0014748078637688347,-0.002159270229355293,-0.0010393942060207913,0.0011693261878979561,0.0005908324820182759,0.0021835098117720803,0.001089975637581128,0.00020037299857894402,0.0004150750573751469,-0.001094284225275835,0.0014734652559331583,0.005450581975896528,0.0007933021998219494,-0.003393616790704846
IND671315AAA,0.0,0,1,0.0,2.0,8.01923076923077,Kanhangad_Arangadi_D (Kerala),0.0,-0.001633901475070535,-0.0022015648276473743,0.0014748078637688575,-0.0021592702293552644,-0.0010393942060208002,0.0011693261878979475,0.0005908324820182774,0.002183509811772074,0.0010899756375811424,0.00020037299857897446,0.00041507505737513003,-0.001094284225275895,0.001459896855003908,0.005374907911910864,0.0007815593248025673,-0.003336706397074668
IND695012AAA,0.0040778201030401,5,2,0.0,27.0,1.40219968447149,Trivandrum_Mnanthla_H (Kerala),0.1101011427820832,-0.0016339014750702179,-0.002201564827648066,0.001474807863769281,-0.002159270229354735,-0.0010393942060209947,0.0011693261878978757,0.0005908324820182322,0.002183509811771948,0.0010899756375805517,0.00020037299857802364,0.00041507505737758466,-0.0010942842252884373,0.00547560740654076,0.07023491267592191,0.03693714710187766,0.041371258562509644
IND735224AAA,0.0,0,1,0.0,24.0,1.3333333333333333,Mainaguri_MilpaDPP_D (West Bengal),0.0,0.02807439132227497,0.06853226726134738,-0.05132381523977164,-0.022514469292920794,0.0441743431518658,0.028406760613513618,-0.041764471332179885,-0.04523148451519887,0.03086779337354633,-0.02830261200552076,0.01463769739559603,-0.027582062787787305,-5.286278771899066e-17,-1.0516202191160116e-15,3.8609485187545e-15,-3.563490228204542e-15
IND736146AAA,1.0946188537151363e-06,1,1,0.0,16.0,1.6048632218844985,Mathabhang_Pshimpra_D (West Bengal),1.7513901659442185e-05,0.028074391322274843,0.06853226726134742,-0.051323815239771683,-0.022514469292920815,0.04417434315186581,0.028406760613513642,-0.04176447133217979,-0.045231484515198886,0.030867793373546285,-0.028302612005520814,0.014637697395595926,-0.02758206278778734,-6.042658285717358e-17,-1.0433943927982565e-15,3.88211531597877e-15,-3.570412626374635e-15
IND202001AAB,0.0031639315095245,4,4,0.173076923076923,93.0,2.342495028434421,Aligarh_KhirByps_I (Uttar Pradesh),0.294245630385785,-0.0016339014750700635,-0.0022015648276480174,0.0014748078637694725,-0.002159270229354386,-0.0010393942060210961,0.0011693261878977566,0.0005908324820180633,0.00218350981177188,0.0010899756375818601,0.00020037299857963064,0.00041507505737605914,-0.0010942842252779125,-0.0024748943842402434,-0.0017842985381423897,-0.0038779603509267787,0.0006098645745533951
IND344001AAA,0.0008103828247004,1,3,0.3333333333333333,57.0,1.2335526315789471,Barmer_Nehru3PL_D (Rajasthan),0.046191821007925,-0.0016339014750703577,-0.0022015648276480725,0.0014748078637692146,-0.0021592702293547314,-0.0010393942060209515,0.001169326187897832,0.0005908324820182551,0.002183509811772041,0.0010899756375788634,0.0002003729985800584,0.0004150750573767033,-0.0010942842252751178,-0.001481483688763645,0.001816762517638361,-0.0040862441828779465,-0.004776579443122129
IND345001AAA,0.0,1,2,0.5,27.0,1.2426470588235294,Jaisalmer_Gopa3PL_D (Rajasthan),0.0,-0.0016339014750703588,-0.0022015648276480725,0.0014748078637692149,-0.0021592702293547314,-0.0010393942060209504,0.0011693261878978312,0.0005908324820182661,0.00218350981177204,0.0010899756375788332,0.0002003729985800686,0.0004150750573767179,-0.001094284225275097,-0.001485128137999103,0.0018234993594075826,-0.004102398777890588,-0.00479797104479471
IND801103AAA,0.0,0,1,0.0,11.0,2.6666666666666665,Bihta_ShivNgar_D (Bihar),0.0,-0.022231445306635723,0.04138299241727044,-0.04433443459590671,0.006997178991919376,0.02252673279536922,0.009139372932051571,0.019565754347921873,-0.054297043473345546,-0.008587892083357194,-0.027695320579580657,0.011001498799998437,-0.003265890627309661,-1.5823484800693318e-15,-1.694363460186935e-15,4.844073591506221e-16,-2.6727388500503628e-15
IND802301AAA,3.648729512383788e-07,1,1,0.0,20.0,1.9706349206349203,Arrah_Katira_D (Bihar),7.297459024767576e-06,-0.02223144530663569,0.0413829924172703,-0.0443344345959067,0.006997178991919418,0.02252673279536925,0.009139372932051564,0.019565754347921918,-0.05429704347334557,-0.008587892083357203,-0.027695320579580646,0.011001498799998429,-0.0032658906273096235,-1.5884368921196679e-15,-1.6900636813980783e-15,4.640022309272131e-16,-2.703457442693971e-15
IND458664AAA,0.000808193586993,1,1,0.0,14.0,2.444117647058824,Neemuch_KarjuDPP_D (Madhya Pradesh),0.0113147102179021,-0.0016339014750702153,-0.0022015648276484836,0.0014748078637693662,-0.0021592702293548155,-0.0010393942060212135,0.0011693261878976788,0.0005908324820181302,0.0021835098117720395,0.0010899756375794168,0.0002003729985805065,0.0004150750573767367,-0.0010942842252757608,-0.0015732616803151714,0.0016846146411529925,-0.0038603406498999866,-0.004862387618548089
IND312403AAA,0.0008060043492855,1,1,0.0,27.0,1.4545454545454546,BariSadri_BhmprDPP_D (Rajasthan),0.0217621174307106,-0.001633901475070217,-0.002201564827648475,0.001474807863769363,-0.002159270229354813,-0.00103939420602121,0.0011693261878976797,0.0005908324820181322,0.0021835098117720373,0.001089975637579456,0.0002003729985805015,0.00041507505737672104,-0.0010942842252757714,-0.0015688128687597308,0.0016774578424276004,-0.003842867412526843,-0.004837490777016518
IND814112AAA,0.0007422123949773,3,2,0.3,27.0,2.3375042999656,Deoghar_Barmasia_D (Jharkhand),0.0200397346643895,-0.001633901475070009,-0.002201564827648073,0.001474807863769333,-0.0021592702293545683,-0.0010393942060210348,0.0011693261878977712,0.0005908324820180772,0.0021835098117718287,0.0010899756375820245,0.00020037299857978983,0.0004150750573754346,-0.0010942842252777724,-0.002766892888897644,-0.004507150176508386,0.000855999493959915,0.00327555184115093
IND814133AAB,0.0005050753827517,3,1,0.25,35.0,1.5454171562867214,Godda_Central_D_2 (Jharkhand),0.0176776383963104,-0.001633901475070011,-0.002201564827648073,0.001474807863769332,-0.0021592702293545657,-0.0010393942060210348,0.001169326187897773,0.0005908324820180783,0.00218350981177183,0.00108997563758203,0.00020037299857978447,0.0004150750573754321,-0.0010942842252777724,-0.002771867493775228,-0.004519330045822618,0.0008584642980837175,0.0032862232798504276
IND816109AAA,0.0012088240874527,2,1,0.0,91.0,1.2789482039187223,Sahebganj_BaraLoha_D (Jharkhand),0.1100029919582001,-0.0016339014750700134,-0.002201564827648073,0.0014748078637693424,-0.0021592702293545723,-0.0010393942060210376,0.0011693261878977768,0.0005908324820180715,0.0021835098117718326,0.001089975637582023,0.00020037299857979135,0.00041507505737544044,-0.0010942842252777724,-0.0027587541108115027,-0.0044872129195730834,0.0008519644453833216,0.0032580782351772143
IND384355AAB,0.0,1,2,0.5,36.0,1.7215752242926154,Vadnagar_BsstdDPP_D (Gujarat),0.0,-0.0016339014750699436,-0.0022015648276491615,0.0014748078637696522,-0.002159270229354937,-0.0010393942060216675,0.0011693261878973791,0.0005908324820177031,0.002183509811772032,0.0010899756375808466,0.00020037299858125586,0.00041507505737682117,-0.0010942842252770145,-0.001676928859767877,0.001319271137585613,-0.003149420701269458,-0.004616822311302261
IND385001AAA,0.0004053738488258,2,1,0.5,19.0,1.5625,Palanpur_DC (Gujarat),0.0077021031276909,-0.0016339014750699403,-0.0022015648276491593,0.0014748078637696377,-0.002159270229354934,-0.0010393942060216706,0.001169326187897382,0.0005908324820177133,0.0021835098117720425,0.0010899756375808544,0.00020037299858127283,0.00041507505737682914,-0.001094284225277003,-0.0016795048625965182,0.0013223234263954062,-0.003157187901287399,-0.004629716050478562
IND385535AAA,0.0004031846111184,1,1,0.5,67.0,1.5909090909090908,Deesa_HawaiPlr_DC (Gujarat),0.0270133689449333,-0.0016339014750699529,-0.0022015648276491463,0.0014748078637696505,-0.0021592702293549352,-0.0010393942060216736,0.001169326187897373,0.0005908324820177212,0.0021835098117720425,0.0010899756375808527,0.0002003729985812557,0.00041507505737683304,-0.0010942842252770044,-0.0016783326992548236,0.0013209354969692469,-0.003153656497789972,-0.004623855536761087
IND680012AAA,0.0012150269276238,1,1,0.0,55.0,1.3708333333333331,Arimbur_Veluthur_D (Kerala),0.066826481019309,-0.0016339014750702638,-0.0022015648276481224,0.0014748078637692725,-0.002159270229354702,-0.0010393942060210042,0.0011693261878977582,0.0005908324820183119,0.0021835098117721375,0.0010899756375820594,0.00020037299857770323,0.0004150750573743799,-0.001094284225279352,0.003279959587728483,0.027801175703025118,0.013154841400815076,0.011227058687432815
IND679303AAA,0.0012128376899163,1,1,0.0,28.0,2.600446428571429,Sankaramangalam_Central_D_1 (Kerala),0.0339594553176583,-0.001633901475070269,-0.0022015648276481163,0.001474807863769272,-0.002159270229354691,-0.0010393942060210062,0.0011693261878977723,0.0005908324820183201,0.0021835098117721605,0.0010899756375820115,0.00020037299857764325,0.0004150750573742954,-0.0010942842252793048,0.003290199467114421,0.02782332780071107,0.01315373879455426,0.011190734208999874
IND679531AAA,0.0012106484522089,1,1,0.0,30.0,1.4305555555555556,Shoranur_KdrShrRd_D (Kerala),0.0363194535662682,-0.0016339014750702584,-0.002201564827648113,0.001474807863769269,-0.002159270229354688,-0.0010393942060209882,0.0011693261878977764,0.000590832482018321,0.002183509811772157,0.0010899756375820206,0.0002003729985777002,0.0004150750573743823,-0.0010942842252792929,0.003275180357309362,0.02757711915960661,0.013023433678160815,0.011047245401472311
IND680587AAA,0.0012084592145015,1,2,0.3333333333333333,68.0,1.8380604070259243,Pazhayannur_AlathurRD_D (Kerala),0.0821752265861027,-0.0016339014750702489,-0.002201564827648111,0.0014748078637692665,-0.002159270229354693,-0.0010393942060210031,0.0011693261878977623,0.0005908324820183036,0.0021835098117721384,0.0010899756375820106,0.00020037299857777064,0.00041507505737443685,-0.001094284225279235,0.003208057802313552,0.026621180072119718,0.012530240255844418,0.010538952291940145
IND610001AAA,0.003624647897602,2,2,0.0833333333333333,111.0,1.833838383838384,Thiruvarur_Bypasrd_D (Tamil Nadu),0.4023359166338281,-0.0016339014750701055,-0.002201564827651454,0.0014748078637707844,-0.0021592702293515933,-0.0010393942060209146,0.001169326187897691,0.0005908324820183408,0.0021835098117718166,0.0010899756375802978,0.00020037299857854116,0.00041507505737673107,-0.001094284225277298,0.00042501383438482807,0.00583939518559324,0.0005779624297814789,-0.0049914573288607775
IND614715AAA,0.0004053738488258,1,1,0.5,51.0,2.0202991452991457,Thirthurpondi_Madaprum_D (Tamil Nadu),0.0206740662901177,-0.0016339014750700925,-0.0022015648276517133,0.0014748078637708793,-0.002159270229351451,-0.0010393942060209001,0.0011693261878976864,0.0005908324820183528,0.0021835098117718127,0.0010899756375802687,0.0002003729985784888,0.00041507505737679184,-0.001094284225277294,0.00042866125904507326,0.0059150432123001,0.000585947256591047,-0.005069621968698603
IND614809AAA,0.0004031846111184,1,1,0.5,82.0,1.5431818181818182,Pushpavanam_Thmpulam_D (Tamil Nadu),0.0330611381117095,-0.0016339014750700726,-0.002201564827651623,0.0014748078637708808,-0.0021592702293514363,-0.0010393942060209058,0.001169326187897697,0.0005908324820183495,0.002183509811771803,0.0010899756375802626,0.00020037299857849657,0.00041507505737679726,-0.0010942842252772982,0.0004286320636709103,0.005914436880229041,0.0005858832399143776,-0.005068994946175949
IND826004AAA,0.0102986241857251,7,9,0.0341880341880341,217.0,1.8918012670866888,Dhanbad_Kalynpur_I (Jharkhand),2.234801448302364,-0.0016339014750700734,-0.00220156482764808,0.0014748078637693278,-0.0021592702293545974,-0.0010393942060210417,0.0011693261878977798,0.0005908324820180684,0.002183509811771871,0.0010899756375819683,0.00020037299857974825,0.0004150750573755122,-0.0010942842252777514,-0.0026850214379848096,-0.0043067555709062995,0.0008154485946042821,0.0031000073503821375
IND523226AAA,0.0,1,1,0.5,41.0,1.735867446393762,Chimkurthy_MSRClgRd_D (Andhra Pradesh),0.0,-0.0016339014750701782,-0.002201564827648454,0.0014748078637694753,-0.0021592702293542756,-0.0010393942060210127,0.0011693261878978024,0.0005908324820179747,0.0021835098117719267,0.001089975637580888,0.00020037299857944015,0.0004150750573758566,-0.0010942842252773279,-0.00027005606779059884,0.0037814108518832673,3.4868093909364747e-05,-0.004357266384778294
IND523316AAB,0.0012128376899163,2,1,0.1666666666666666,42.0,1.650326797385621,Markapur_VidyaNgr_D (Andhra Pradesh),0.0509391829764875,-0.0016339014750701877,-0.0022015648276484537,0.001474807863769482,-0.002159270229354269,-0.0010393942060210155,0.0011693261878978054,0.0005908324820179697,0.0021835098117719315,0.001089975637580886,0.0002003729985794328,0.0004150750573758761,-0.0010942842252773149,-0.0002702854335324064,0.003786251695232147,3.491568249068247e-05,-0.004364002814294512
IND177001AAA,0.0,0,1,0.0,7.0,1.809523809523809,Hamirpur_GutmgrCl_D (Himachal Pradesh),0.0,-0.0016339014750704156,-0.002201564827648289,0.0014748078637690971,-0.002159270229355002,-0.0010393942060209274,0.0011693261878978531,0.0005908324820182368,0.0021835098117720833,0.0010899756375822407,0.000200372998580428,0.00041507505737641085,-0.001094284225276376,-0.0018629537506358335,0.0004951531624910472,-0.00375610561720267,-0.003678991756486106
IND224001AAA,0.0,0,1,0.0,48.0,3.089285714285714,Faizabad_TrnspNgr_D (Uttar Pradesh),0.0,0.002615700830945495,0.006747380215281089,-0.0012025783598371372,-0.002531315138295268,-0.005885000820643046,0.001679900935716636,-0.008388151582258625,-0.004266708374282207,0.0012058259552512776,0.006843327636441223,-0.0011595231108888463,-0.001335859309618912,3.7231688990181455e-16,5.252909961670446e-16,2.348995994498109e-16,7.260960591601762e-16
IND224141AAB,3.648729512383788e-07,1,1,0.0,50.0,3.563725490196078,Gosainganj_Pakrela_D (Uttar Pradesh),1.824364756191894e-05,0.0026157008309455063,0.006747380215281084,-0.00120257835983714,-0.0025313151382952794,-0.005885000820643047,0.0016799009357166433,-0.008388151582258595,-0.004266708374282198,0.0012058259552512724,0.006843327636441253,-0.0011595231108888237,-0.0013358593096189175,3.773951821804153e-16,5.240353186792659e-16,2.465319820736972e-16,7.346405294959922e-16
IND607001AAA,0.0028288599909511,1,1,0.0,22.0,1.8666666666666667,Cuddalore_KtsiGrsm_D (Tamil Nadu),0.0622349198009253,-0.0016339014750701433,-0.0022015648276510567,0.0014748078637706488,-0.002159270229351866,-0.001039394206020909,0.0011693261878977267,0.0005908324820183569,0.002183509811771857,0.0010899756375803722,0.0002003729985786165,0.00041507505737666916,-0.0010942842252773177,0.00041889090674547715,0.005712066854319617,0.0005645155917571105,-0.0048596766203886895
IND608001AAA,0.0028266707532437,1,1,0.0,7.0,2.7333333333333334,Chidambaram_ARBNorth_DC (Tamil Nadu),0.019786695272706,-0.0016339014750701032,-0.0022015648276516612,0.001474807863770874,-0.0021592702293514,-0.001039394206020899,0.001169326187897697,0.0005908324820183921,0.00218350981177182,0.0010899756375802754,0.00020037299857848798,0.0004150750573768013,-0.0010942842252773147,0.0004290154475944502,0.00592277934271962,0.0005867720365996274,-0.0050778693008628585
IND609110AAA,0.0028244815155362,1,1,0.0,16.0,1.973684210526316,Sirkazhi_Pngktgudi_D (Tamil Nadu),0.0451917042485806,-0.0016339014750700882,-0.002201564827651852,0.0014748078637709593,-0.0021592702293512034,-0.0010393942060209049,0.0011693261878976781,0.0005908324820184005,0.0021835098117718036,0.001089975637580224,0.00020037299857845014,0.0004150750573768427,-0.0010942842252772912,0.0004329891630979103,0.006005661979547917,0.000595530249653088,-0.005163809889704227
IND609602AAA,0.0028222922778288,1,1,0.0,11.0,3.111111111111111,Karaikal_Thalthru_DC (Pondicherry),0.0310452150561174,-0.001633901475070056,-0.002201564827651963,0.0014748078637709992,-0.002159270229351143,-0.001039394206020918,0.0011693261878976575,0.000590832482018399,0.0021835098117717836,0.0010899756375802039,0.00020037299857846383,0.000415075057376889,-0.001094284225277288,0.00043428656500900273,0.006032765269541962,0.0005983951241779426,-0.005191939771284238
IND611001AAA,0.0028201030401214,1,1,0.0,12.0,2.1875,Nagapttinm_Sttyapar_D (Tamil Nadu),0.0338412364814571,-0.0016339014750700615,-0.002201564827651863,0.0014748078637709576,-0.0021592702293512533,-0.0010393942060209196,0.001169326187897673,0.0005908324820183819,0.00218350981177179,0.0010899756375802286,0.00020037299857848134,0.00041507505737687034,-0.001094284225277302,0.00043221873604381406,0.005989600053114287,0.0005938331119327037,-0.005147158974042096
IND500010AAB,0.0,1,1,0.0,175.0,1.9879870129870127,Hyderabad_Alwal_L (Telangana),0.0,-0.0016339014750702532,-0.0022015648276481094,0.0014748078637692912,-0.00215927022935465,-0.0010393942060210272,0.001169326187897786,0.0005908324820180004,0.0021835098117719814,0.0010899756375809691,0.00020037299857975958,0.0004150750573758266,-0.0010942842252773788,-0.00043131755002649014,0.003197635684310714,0.00034343455112404207,-0.004270268984163834
IND520011AAA,0.0,1,1,0.0,42.0,1.6666666666666667,Vijayawada (Andhra Pradesh),0.0,-0.0016339014750701927,-0.0022015648276481514,0.0014748078637693567,-0.00215927022935451,-0.001039394206021026,0.0011693261878978063,0.0005908324820179243,0.0021835098117719354,0.0010899756375810888,0.00020037299857952924,0.0004150750573757489,-0.0010942842252772743,-0.0006953858997013144,0.00286295769901137,-0.0006151239189184079,-0.0041501052776355876
IND521185AAA,0.0008085584599442,2,2,0.0,43.0,1.7192118226600983,Nandigama_Chndrlpd_D (Andhra Pradesh),0.0347680137776026,-0.0016339014750701851,-0.0022015648276481514,0.0014748078637693545,-0.002159270229354516,-0.001039394206021023,0.001169326187897802,0.0005908324820179311,0.0021835098117719397,0.0010899756375810892,0.00020037299857952862,0.0004150750573757667,-0.0010942842252772817,-0.0006925536964387963,0.0028454315619531496,-0.0006111115376897774,-0.004119476573173203
IND600008AAA,0.0,0,1,0.0,70.0,2.142857142857143,Chennai_Egmore_C (Tamil Nadu),0.0,0.0038160922115912633,-0.038102387001724344,0.0463396173675013,-0.0810545268131448,0.07455716400855439,-0.0025877959293922176,-0.03945000841052027,0.008600874529189742,-0.0484027804159371,-0.010581678758512403,-0.03918803087650967,0.06639814561591087,5.374111486506386e-15,7.325462627546488e-15,-7.747424975817753e-15,1.697171817058493e-14
IND000000ACN,3.648729512383788e-07,1,1,0.0,32.0,2.214781746031746,Hyderabad_Mhdiptnm_C (Telangana),1.1675934439628122e-05,-0.015867236464820553,-0.013240636908228132,0.016253267553602527,-0.004056401632179573,-0.02786962103332799,0.0036340893228708165,-0.024377368418033146,0.018281936798198797,0.005852617274755309,0.02754763537878101,-0.004040437786787374,-0.004950219560705908,1.3374179773009579e-15,1.4602129001926096e-15,7.47391946660028e-16,1.7779367894115205e-15
IND732103AAB,0.0032761942291694,4,3,0.0476190476190476,65.0,2.2666666666666666,Malda_Central_I_3 (West Bengal),0.2129526248960112,-0.001633901475070405,-0.0022015648276480877,0.0014748078637692318,-0.002159270229354721,-0.0010393942060209864,0.001169326187897801,0.0005908324820181372,0.0021835098117720907,0.001089975637582652,0.00020037299858023568,0.0004150750573761205,-0.001094284225275545,-0.002408457856995555,-0.004719000062913753,0.006945740653521355,-0.0010661138407309842
IND732202AAA,0.0004101171971919,1,1,0.0,22.0,2.892857142857143,Manikchak_Enayetpr_D (West Bengal),0.0090225783382226,-0.0016339014750704262,-0.002201564827648077,0.0014748078637692188,-0.002159270229354726,-0.00103939420602098,0.0011693261878977929,0.0005908324820181364,0.0021835098117720954,0.0010899756375826895,0.0002003729985802415,0.000415075057376129,-0.0010942842252755006,-0.0024365368748505067,-0.004802226097784962,0.007076431527529531,-0.0010888719490265444
IND732204AAB,2.554110658668652e-06,1,2,0.3333333333333333,6.0,1.2999999999999998,Paranpur_Nijgan_D (West Bengal),1.532466395201191e-05,-0.001633901475070426,-0.002201564827648075,0.0014748078637692212,-0.0021592702293547266,-0.0010393942060209775,0.001169326187897796,0.0005908324820181411,0.002183509811772103,0.0010899756375827075,0.00020037299858027504,0.00041507505737612397,-0.001094284225275474,-0.0024462815358244796,-0.00483114235356806,0.007121849279635035,-0.0010967846531437053
IND732139AAA,6.567713122290818e-06,2,2,0.4,8.0,2.745798319327731,Samsi_RatuaDPP_D (West Bengal),5.254170497832655e-05,-0.0016339014750704228,-0.0022015648276480595,0.001474807863769233,-0.002159270229354728,-0.0010393942060209823,0.0011693261878978063,0.0005908324820181355,0.0021835098117720985,0.0010899756375826737,0.00020037299858025143,0.0004150750573761178,-0.0010942842252755062,-0.002432793327287551,-0.004791089034966697,0.007058930142296945,-0.0010858195702098277
IND261201AAB,0.0,0,1,0.0,38.0,1.6892156862745098,Biswan_PatelNGR_D (Uttar Pradesh),0.0,0.05493570960891248,0.00274128147297091,-0.00867126621897019,0.033280102303407784,-0.003964196365148438,-0.034222952630199824,0.04267250086139108,-0.01817905372712457,-0.024479800639200626,-0.006166795545633985,-0.006079475462751385,0.02660429448891618,-7.851094794919308e-16,-3.586002420884281e-16,-3.706222808557604e-15,1.7916272631544453e-15
IND261001AAA,1.0946188537151363e-06,1,1,0.0,59.0,1.6944875776397517,Sitapur_Chowk_D (Uttar Pradesh),6.458251236919305e-05,0.05493570960891254,0.0027412814729709,-0.008671266218970167,0.033280102303407694,-0.003964196365148436,-0.034222952630199754,0.04267250086139111,-0.018179053727124604,-0.024479800639200654,-0.00616679554563397,-0.006079475462751382,0.02660429448891619,-7.743342152677085e-16,-3.302895288177242e-16,-3.731708682125253e-15,1.7640463470946632e-15
IND262701AAA,1.4594918049535152e-06,1,1,0.0,40.0,2.281906512605042,Lakhimpur_Maheva_D (Uttar Pradesh),5.8379672198140606e-05,0.054935709608912545,0.0027412814729709206,-0.008671266218970198,0.033280102303407715,-0.003964196365148437,-0.03422295263019979,0.04267250086139111,-0.018179053727124618,-0.024479800639200702,-0.006166795545634018,-0.006079475462751345,0.026604294488916116,-7.522047179200053e-16,-3.297752120007247e-16,-3.704417925479643e-15,1.777027049123076e-15
IND262802AAA,1.0946188537151363e-06,1,1,0.0,63.0,2.1646021021021022,Gola_BkgnRoad_D (Uttar Pradesh),6.89609877840536e-05,0.05493570960891262,0.0027412814729709054,-0.008671266218970181,0.03328010230340775,-0.003964196365148434,-0.0342229526301998,0.04267250086139116,-0.018179053727124615,-0.024479800639200706,-0.006166795545634039,-0.006079475462751403,0.026604294488916092,-7.382939392872701e-16,-3.1931120492293587e-16,-3.701913489396966e-15,1.7481482128104165e-15
IND248197AAA,0.0,0,1,0.0,27.0,1.9835504642108417,Dehradun_Selakui_D (Uttarakhand),0.0,-0.0016339014750702567,-0.002201564827647607,0.0014748078637695629,-0.0021592702293540982,-0.0010393942060211061,0.0011693261878977608,0.0005908324820179005,0.0021835098117720005,0.001089975637582012,0.00020037299858057257,0.000415075057378915,-0.001094284225275661,-0.002577953677182173,-0.0008875670438505975,-0.0046944207842524585,-0.0032059444035111135
IND248122AAB,0.0004039143570208,1,1,0.0,15.0,2.229066985645933,Mussoorie_BrlwgDPP_D (Uttarakhand),0.0060587153553132,-0.0016339014750702534,-0.0022015648276476145,0.0014748078637695638,-0.0021592702293541086,-0.0010393942060211083,0.0011693261878977582,0.0005908324820179036,0.0021835098117720018,0.001089975637581998,0.00020037299858057328,0.00041507505737884277,-0.0010942842252756678,-0.002567454055578946,-0.0008821336343160823,-0.004663799627677969,-0.003182283817311759
IND401209AAA,0.0,1,1,0.0,58.0,2.4756944444444446,Mumbai_Virar_DC (Maharashtra),0.0,-0.0016339014750701994,-0.0022015648276479407,0.0014748078637692758,-0.0021592702293547522,-0.0010393942060210623,0.001169326187897771,0.0005908324820179593,0.002183509811771965,0.0010899756375817517,0.00020037299857971548,0.000415075057375529,-0.001094284225277214,-0.0012070739202838757,0.0013681399209674334,-0.0009265417378734515,-0.003954146564056637
IND271001AAA,3.648729512383788e-07,1,2,0.5,32.0,2.521164021164021,Gonda_KotwaliN_D (Uttar Pradesh),1.1675934439628122e-05,-0.009446895886928345,5.384231989967055e-05,0.010018095551800646,-0.015935644504262037,0.02878578102800166,0.007850474577958927,0.03323054311989422,0.0003327682830981373,0.009956346159909925,-0.03392907784216958,0.006985110142162074,-0.006958336031903504,-1.7239474021612543e-15,-3.2355071003361704e-15,5.055479844275266e-16,-5.792985139204834e-15
IND387001AAA,0.0,1,1,1.0,42.0,1.7777777777777777,Nadiad_DC (Gujarat),0.0,-0.0016339014750700429,-0.0022015648276486406,0.0014748078637695095,-0.0021592702293548004,-0.0010393942060214015,0.0011693261878975598,0.0005908324820179118,0.002183509811771988,0.0010899756375811651,0.00020037299858047939,0.00041507505737634894,-0.0010942842252770796,-0.0015648357367849027,0.001051756975843953,-0.0028025293229087173,-0.003694833129888716
IND388220AAA,0.0004031846111184,2,1,0.5,42.0,1.818181818181818,Umreth_Dakor_DC (Gujarat),0.0169337536669731,-0.0016339014750700407,-0.0022015648276486398,0.0014748078637695009,-0.0021592702293548047,-0.0010393942060214015,0.0011693261878975556,0.0005908324820179111,0.0021835098117719914,0.0010899756375811612,0.0002003729985804784,0.0004150750573763503,-0.0010942842252770761,-0.0015647495530337456,0.0010516697923730381,-0.0028022817217198143,-0.003694463578992737
IND382721AAA,0.0,2,1,0.6666666666666666,66.0,2.0,Gandhinagar_Kalol_DC (Gujarat),0.0,-0.0016339014750700212,-0.0022015648276487547,0.001474807863769524,-0.002159270229354842,-0.0010393942060214418,0.0011693261878975248,0.0005908324820179203,0.002183509811771996,0.0010899756375809708,0.00020037299858069146,0.0004150750573764504,-0.001094284225276956,-0.0015678182207244167,0.0011893123776426332,-0.002818372137514301,-0.004066055957740281
IND571432AAB,0.0,1,1,0.5,34.0,1.4632352941176472,Nagamangala_MandyaRD_D (Karnataka),0.0,-0.001633901475070819,-0.0022015648276463747,0.0014748078637681922,-0.0021592702293561474,-0.0010393942060205356,0.0011693261878981173,0.0005908324820184957,0.002183509811772122,0.0010899756375810827,0.00020037299857825124,0.0004150750573739301,-0.0010942842252741833,0.0019014020269204285,0.006605321548128252,0.0011483979287861001,-0.0038319177337560566
IND571426AAA,0.0012128376899163,2,1,0.1666666666666666,45.0,1.892740429505136,Krishnarajpet_MuruPost_D (Karnataka),0.0545776960462367,-0.001633901475070846,-0.002201564827646346,0.0014748078637681994,-0.0021592702293561365,-0.0010393942060205363,0.0011693261878981125,0.0005908324820184974,0.0021835098117721262,0.0010899756375810801,0.00020037299857825555,0.00041507505737396955,-0.0010942842252741796,0.0019012456225592628,0.0066045016305672525,0.0011482459171443021,-0.0038313428784356998
IND676306AAA,1.0216442634674609e-05,1,1,0.0,14.0,1.7083333333333337,Tirurangadi_Kooriyad_D (Kerala),0.0001430301968854,-0.0016339014750708584,-0.0022015648276470243,0.0014748078637705523,-0.00215927022935556,-0.0010393942060212046,0.0011693261879001163,0.0005908324820185549,0.0021835098117690406,0.0010899756375838542,0.00020037299857811273,0.00041507505737415056,-0.0010942842252749483,0.004010781344565834,0.03856634805003153,0.018752870582730185,0.017034112716025254
IND676509AAA,8.756950829721092e-06,1,2,0.0,6.0,1.5227272727272727,Malappuram_Munduprm_D (Kerala),5.254170497832656e-05,-0.0016339014750713784,-0.0022015648276467593,0.0014748078637708756,-0.0021592702293557657,-0.0010393942060212562,0.0011693261879007267,0.0005908324820186266,0.0021835098117684265,0.0010899756375841766,0.00020037299857820232,0.0004150750573741284,-0.0010942842252738363,0.004151928212334554,0.040665207324768485,0.019846524112537626,0.018171982917966123
IND247667AAA,0.0,1,1,1.0,28.0,1.9285714285714288,Roorkee_Dc (Uttarakhand),0.0,-0.0016339014750702955,-0.0022015648276475707,0.0014748078637695987,-0.0021592702293540865,-0.001039394206021119,0.001169326187897778,0.0005908324820179974,0.0021835098117720343,0.0010899756375820121,0.000200372998580584,0.0004150750573787886,-0.0010942842252757035,-0.0025718982359250403,-0.0008855883974194019,-0.00468460811662731,-0.003200630355558787
IND400015AAA,0.0004035494840696,3,2,0.5,75.0,2.5915865384615384,Mumbai_CottonGreen_DPC (Maharashtra),0.0302662113052235,-0.0016339014750702176,-0.0022015648276479446,0.0014748078637692734,-0.002159270229354751,-0.0010393942060210634,0.0011693261878977684,0.0005908324820179647,0.0021835098117719705,0.0010899756375817539,0.00020037299857971283,0.00041507505737552934,-0.0010942842252772182,-0.001196431041143831,0.0013591805024621938,-0.0009153975547534445,-0.0039060580327517805
IND577201AAA,0.0018170672971671,3,2,0.15,103.0,1.864721362229102,Shimoga_DC (Karnataka),0.187157931608214,-0.0016339014750703668,-0.0022015648276479463,0.0014748078637691162,-0.0021592702293548142,-0.001039394206020939,0.001169326187897763,0.0005908324820182212,0.002183509811772033,0.0010899756375812456,0.0002003729985792768,0.00041507505737564513,-0.0010942842252767346,0.001676591915967399,0.004985340267151588,0.0009175566457370102,-0.0025433672150444358
IND249201AAA,0.0016196710305471,2,2,0.0,29.0,8.723656982910157,Rishikesh_DC (Uttarakhand),0.0469704598858677,-0.0016339014750703432,-0.002201564827647443,0.0014748078637696895,-0.0021592702293539543,-0.0010393942060211475,0.0011693261878977764,0.0005908324820179305,0.002183509811772061,0.001089975637582105,0.00020037299858068362,0.00041507505737910797,-0.0010942842252755157,-0.002663849233148018,-0.0009341788491635795,-0.004959623632406423,-0.003415125619267767
IND272001AAA,0.0004093874512894,1,2,0.0,19.0,1.8229166666666663,Basti_GndhiNgr_D (Uttar Pradesh),0.0077783615744997,-0.0016339014750704507,-0.002201564827648077,0.0014748078637691244,-0.0021592702293549127,-0.0010393942060209816,0.0011693261878978145,0.0005908324820183854,0.002183509811772102,0.001089975637580215,0.00020037299857996374,0.00041507505737504953,-0.0010942842252825598,-0.0037874790073386083,-0.005056420965851145,-0.011375805354588587,0.016126232068701705
IND411033AAB,0.0,0,1,0.0,2.0,4.298701298701299,Pune_Chinchwad DC (Maharashtra),0.0,0.06987220611182342,0.09096009381999139,0.16730853423881134,0.10791860887045189,0.06026843025851254,0.19175482339622413,0.047426698166343366,0.048411962105494276,0.01985513749705348,-0.011946324416202506,-0.05649229961231874,-0.058063330068622944,2.1222110312384675e-15,3.8353608470924124e-15,6.94113298156166e-15,-1.8273185187717776e-15
IND147101AAA,0.0,2,2,1.0,19.0,1.559696342305038,Samana_PODPP_D (Punjab),0.0,-0.0016339014750703653,-0.0022015648276482408,0.0014748078637691125,-0.002159270229354959,-0.0010393942060209498,0.001169326187897798,0.0005908324820180817,0.0021835098117720607,0.0010899756375821834,0.0002003729985803343,0.00041507505737640137,-0.0010942842252764662,-0.0018070492710722307,0.0004728093852216837,-0.0035754869308972886,-0.0034787896633493684
IND380005AAA,0.0008103828247004,1,3,0.5,19.0,2.3247049247049247,Amd_Chandkheda_Dc (Gujarat),0.0153972736693083,-0.0016339014750700296,-0.0022015648276487473,0.0014748078637695236,-0.0021592702293548416,-0.0010393942060214453,0.0011693261878975164,0.0005908324820179203,0.0021835098117719914,0.00108997563758097,0.00020037299858069324,0.0004150750573764523,-0.001094284225276962,-0.0015683974916908482,0.0011899735089987012,-0.002820041856054031,-0.0040687826083262955
IND205001AAB,0.0064421968270648,3,5,0.1607142857142857,64.0,2.519778947834,Mainpuri_Agraroad_I (Uttar Pradesh),0.4123005969321482,-0.0016339014750700635,-0.0022015648276480127,0.001474807863769481,-0.0021592702293543853,-0.001039394206021092,0.0011693261878977558,0.0005908324820180274,0.0021835098117718847,0.0010899756375818796,0.0002003729985796379,0.0004150750573760791,-0.0010942842252779094,-0.0024798774763578843,-0.0017939512608745978,-0.003801996461747923,0.00048697093691119417
IND209625AAA,0.002424580760979,2,1,0.1666666666666666,25.0,1.4432471264367814,Farrukhbad_Pnchlght_D (Uttar Pradesh),0.0606145190244756,-0.001633901475070049,-0.0022015648276480027,0.0014748078637695148,-0.0021592702293543376,-0.0010393942060210966,0.0011693261878977486,0.0005908324820180107,0.002183509811771871,0.0010899756375819202,0.00020037299857966144,0.0004150750573761048,-0.0010942842252779795,-0.002531515231673423,-0.001851329396062319,-0.003932132341216845,0.0005060070718636713
IND241124AAB,0.0024223915232715,1,1,0.0,4.0,2.262745098039216,Shahabad_KDRoad_D (Uttar Pradesh),0.0096895660930863,-0.0016339014750700064,-0.0022015648276479853,0.0014748078637695625,-0.0021592702293542713,-0.0010393942060211,0.001169326187897738,0.000590832482017985,0.0021835098117718513,0.0010899756375819833,0.00020037299857970453,0.00041507505737618377,-0.0010942842252780855,-0.002600590357224544,-0.0019287557110453887,-0.004108040358017782,0.0005318336971162951
IND242307AAB,0.0024180130478567,1,2,0.1666666666666666,30.0,1.730437259520744,Tilhar_SingCLNY_D (Uttar Pradesh),0.0725403914357021,-0.0016339014750699978,-0.0022015648276479797,0.0014748078637695917,-0.0021592702293542396,-0.001039394206021103,0.0011693261878977345,0.0005908324820179605,0.002183509811771842,0.0010899756375820169,0.0002003729985797258,0.0004150750573762279,-0.0010942842252781373,-0.0026334647110834953,-0.001965736827731607,-0.004192118380400798,0.0005441965311047024
IND242221AAA,0.0,1,1,0.5,15.0,2.3225806451612905,Jalalabad_farukngr_D (Uttar Pradesh),0.0,-0.0016339014750699986,-0.0022015648276479845,0.0014748078637695716,-0.002159270229354259,-0.0010393942060211135,0.001169326187897737,0.0005908324820179719,0.002183509811771841,0.0010899756375819956,0.00020037299857970545,0.00041507505737619325,-0.001094284225278105,-0.0026136563368745094,-0.0019435087521028677,-0.0041416064688071024,0.0005367769686266035
IND151001AAA,0.0050367062188945,6,4,0.0697674418604651,170.0,1.3853832442067735,Bhatinda_DPC (Punjab),0.8562400572120789,-0.0016339014750704325,-0.0022015648276484147,0.0014748078637689631,-0.0021592702293551837,-0.0010393942060208823,0.0011693261878978076,0.0005908324820181014,0.002183509811772081,0.0010899756375824217,0.00020037299858063898,0.000415075057376392,-0.0010942842252762263,-0.0019699199837184835,0.0005400357621966677,-0.004122483949115897,-0.004093788461436395
IND768216AAA,0.0,0,1,0.0,10.0,1.9362745098039216,Brajrajnagar_LamtiDPP_D (Orissa),0.0,0.01715439236771189,0.005565596880393597,0.0012059181627268418,0.010028676485912321,-0.0008766856515942731,-0.010323011278090157,0.01717207753006601,-0.0006545616262413837,-0.00878144585686327,0.007182518675042583,-0.010385573037401417,0.015635033257688554,3.99629142404714e-16,1.0153237704062592e-15,-2.144249110703726e-15,2.6902846400573494e-15
IND770001AAA,7.297459024767576e-07,2,1,0.0,18.0,1.4744245524296675,Sundargarh_DiyoDPP_D (Orissa),1.3135426244581637e-05,0.01715439236771187,0.005565596880393597,0.0012059181627268418,0.010028676485912295,-0.0008766856515942728,-0.010323011278090188,0.017172077530066044,-0.000654561626241382,-0.00878144585686326,0.00718251867504257,-0.010385573037401345,0.015635033257688582,3.977352843355501e-16,1.0250538074044824e-15,-2.144260705266858e-15,2.70310485508145e-15
IND465669AAB,0.0016193061575959,1,1,0.0,22.0,1.4683333333333333,Narsinghgarh_Central_D_1 (Madhya Pradesh),0.0356247354671103,-0.001633901475070254,-0.002201564827648054,0.0014748078637692723,-0.0021592702293546807,-0.0010393942060210248,0.0011693261878977846,0.000590832482018026,0.0021835098117719905,0.0010899756375818252,0.00020037299857979005,0.0004150750573755004,-0.0010942842252788518,-0.0011125045621715218,0.0014851986743564594,-0.0027597741861250485,-0.0006001309529948097
IND465683AAA,0.0016171169198884,1,1,0.0,39.0,1.4,Pachore_Shop3DPP_D (Madhya Pradesh),0.0630675598756513,-0.0016339014750702523,-0.0022015648276480474,0.0014748078637692706,-0.0021592702293546807,-0.0010393942060210255,0.001169326187897789,0.0005908324820180378,0.002183509811771988,0.0010899756375818326,0.0002003729985797912,0.00041507505737549036,-0.0010942842252788531,-0.0011178316946832936,0.0014959109194708205,-0.002780992962860994,-0.0006053562743400112
IND523002AAA,0.0066172698190299,4,5,0.0694444444444444,217.0,1.757863886295259,Ongole_SubhVRTL_I (Andhra Pradesh),1.4359475507295023,-0.0016339014750701908,-0.0022015648276484333,0.0014748078637694644,-0.002159270229354293,-0.0010393942060210161,0.0011693261878977983,0.0005908324820179734,0.002183509811771936,0.0010899756375809093,0.0002003729985794445,0.0004150750573758693,-0.0010942842252773285,-0.0002674869831986084,0.0037273265055481905,3.433667391962676e-05,-0.004282120647456538
IND341505AAA,0.001614927682181,1,2,0.1666666666666666,40.0,1.4293438416422286,Makrana_Mwalibad_D (Rajasthan),0.0645971072872425,-0.0016339014750703625,-0.0022015648276482043,0.0014748078637691461,-0.002159270229354773,-0.001039394206020917,0.0011693261878977159,0.0005908324820182626,0.002183509811772029,0.0010899756375782252,0.00020037299858016136,0.0004150750573764305,-0.001094284225274532,-0.001568207348538893,0.0019851903367706387,-0.0045001839177066195,-0.005358059170362254
IND341503AAB,0.0,1,1,0.5,24.0,2.0884615384615386,Degana_BhukrdPP_D (Rajasthan),0.0,-0.0016339014750703608,-0.002201564827648211,0.0014748078637691483,-0.002159270229354774,-0.001039394206020919,0.0011693261878977235,0.0005908324820182605,0.002183509811772026,0.0010899756375782148,0.0002003729985801633,0.00041507505737643937,-0.0010942842252745456,-0.0015672389745198785,0.0019833561928343842,-0.004495757646518928,-0.005352107983237512
IND341510AAB,0.0016105492067662,2,1,0.1666666666666666,42.0,2.15,Merta_Central_DPP_1 (Rajasthan),0.0676430666841805,-0.0016339014750703716,-0.0022015648276481996,0.001474807863769161,-0.002159270229354771,-0.0010393942060209214,0.0011693261878977337,0.0005908324820182636,0.0021835098117720343,0.0010899756375782905,0.00020037299858014954,0.0004150750573764282,-0.0010942842252746002,-0.0015565291058902595,0.001962989325783888,-0.004446567816486787,-0.00528585802212317
IND283203AAA,0.0004143740482897,2,2,0.4166666666666667,132.0,1.840598924022837,Firozabad_Sudmpuri_D (Uttar Pradesh),0.0546973743742428,-0.0016339014750700834,-0.0022015648276480166,0.0014748078637694605,-0.0021592702293544122,-0.0010393942060210899,0.0011693261878977566,0.00059083248201803,0.002183509811771894,0.0010899756375818595,0.00020037299857962013,0.0004150750573760513,-0.0010942842252778743,-0.002446292927394244,-0.001757188550659687,-0.0037061539033625677,0.0004586754704196653
IND504201AAA,1.824364756191894e-07,1,2,0.8333333333333334,14.0,1.728025306232333,Chinnur_AsnsdhRD_D (Telangana),2.554110658668652e-06,-0.0016339014750703124,-0.0022015648276480595,0.0014748078637692292,-0.002159270229354848,-0.0010393942060210259,0.0011693261878977829,0.0005908324820176868,0.002183509811772047,0.0010899756375799224,0.00020037299858284961,0.0004150750573751624,-0.0010942842252770317,-0.0005854544739669676,0.005294928965178949,0.0005943082307178615,-0.008177182542766543
IND505184AAC,1.824364756191894e-07,2,2,0.7,27.0,1.761904761904762,Manthani_Chaitnya_D (Telangana),4.9257848417181136e-06,-0.001633901475070315,-0.002201564827648059,0.0014748078637692313,-0.002159270229354848,-0.0010393942060210272,0.001169326187897782,0.0005908324820176756,0.0021835098117720477,0.001089975637579924,0.0002003729985828112,0.00041507505737514743,-0.0010942842252770312,-0.0005853074804537709,0.005292928159906637,0.0005940688793986345,-0.00817345437707547
IND361001AAA,0.0,0,1,0.0,48.0,1.7886029411764706,Jamnagar_Dc (Gujarat),0.0,-0.002620717291347197,-0.005732977362199383,0.0015749039704881637,-0.0070269407677218745,0.0017761894079367454,0.00500157234442002,0.00716395338229352,0.0035238604002655076,0.006842535502595804,-0.003524374834703377,0.003047575680800359,-0.005262538846736599,-5.805826689809223e-16,-1.0110890453889047e-15,5.772092690161162e-16,-1.7718378909573365e-15
IND515401AAB,0.0,1,1,0.5,35.0,2.415625,Gooty_StatonRd_D (Andhra Pradesh),0.0,-0.001633901475070361,-0.0022015648276480764,0.0014748078637692437,-0.0021592702293546256,-0.0010393942060209023,0.0011693261878978887,0.0005908324820181399,0.0021835098117720087,0.0010899756375809882,0.00020037299857918967,0.0004150750573758816,-0.0010942842252767919,0.0011061290700128204,0.005738787941431184,0.0012692034932020445,-0.0033023189929176676
IND231208AAA,0.0,0,1,0.0,6.0,2.035326086956522,Duddhi_MChwkDPP_D (Uttar Pradesh),0.0,-0.003986190069564487,0.02450799192411254,-0.010804846630845364,0.019927193339532526,-0.0009443841446011928,-0.012360259799835469,-0.01976091871448654,-0.009573385925536465,-0.022909815625399073,0.015267365207623146,-0.010734987942497538,0.01546025483983188,1.846842572643562e-15,3.0189590513090084e-15,-1.5803946711550513e-15,6.11896398319007e-15
IND231217AAA,1.824364756191894e-06,1,1,0.0,14.0,2.47921888053467,Renukoot_Govind_D (Uttar Pradesh),2.554110658668652e-05,-0.003986190069564493,0.024507991924112554,-0.010804846630845367,0.019927193339532523,-0.0009443841446011927,-0.012360259799835458,-0.01976091871448656,-0.009573385925536458,-0.022909815625399104,0.015267365207623049,-0.010734987942497559,0.015460254839831811,1.8347986136120328e-15,2.9988597852992623e-15,-1.5304196996519287e-15,6.112143473376239e-15
IND231225AAB,2.9189836099070305e-06,1,1,0.0,7.0,1.6816239316239314,Anpara_Parasi_D (Uttar Pradesh),2.043288526934921e-05,-0.003986190069564498,0.02450799192411259,-0.010804846630845353,0.01992719333953258,-0.0009443841446011946,-0.012360259799835476,-0.019760918714486597,-0.009573385925536462,-0.022909815625399038,0.015267365207623031,-0.010734987942497533,0.015460254839831754,1.8369088749293653e-15,3.034125599456325e-15,-1.5586261641042764e-15,6.123669018080802e-15
IND486886AAA,3.283856561145409e-06,1,1,0.0,7.0,2.367619047619048,Singrauli_Waidhan_D (Madhya Pradesh),2.2986995928017864e-05,-0.0039861900695644945,0.02450799192411253,-0.01080484663084535,0.019927193339532582,-0.0009443841446011962,-0.01236025979983545,-0.019760918714486573,-0.009573385925536452,-0.022909815625399097,0.015267365207623087,-0.010734987942497425,0.015460254839831752,1.804172022355054e-15,3.0780880922735806e-15,-1.5573556183571147e-15,6.1003694882566484e-15
IND486889AAA,2.9189836099070305e-06,1,2,0.1666666666666666,21.0,2.349635490753912,Singrauli_Ward8DPP_D (Madhya Pradesh),6.129865580804765e-05,-0.0039861900695644745,0.024507991924112557,-0.010804846630845362,0.019927193339532537,-0.0009443841446011978,-0.012360259799835436,-0.01976091871448652,-0.009573385925536448,-0.02290981562539898,0.015267365207623163,-0.01073498794249749,0.015460254839831804,1.775617443025028e-15,3.1030244025534237e-15,-1.546491126191674e-15,6.118179991118684e-15
IND231205AAA,0.0,1,1,0.5,3.0,3.060714285714286,Chopan_PreetDPP_D (Uttar Pradesh),0.0,-0.0039861900695644815,0.024507991924112547,-0.010804846630845367,0.01992719333953253,-0.0009443841446011987,-0.012360259799835438,-0.01976091871448654,-0.00957338592553646,-0.02290981562539903,0.015267365207623163,-0.010734987942497507,0.015460254839831771,1.763585917184253e-15,3.121551950621277e-15,-1.5607759753106385e-15,6.104052950714879e-15
IND600076AAB,0.0,2,2,1.0,40.0,1.972893772893773,Chennai_Madhavaram_DPC (Tamil Nadu),0.0,-0.0016339014750701589,-0.002201564827648966,0.0014748078637696698,-0.0021592702293538463,-0.0010393942060210022,0.0011693261878977634,0.0005908324820181671,0.0021835098117719016,0.0010899756375807575,0.0002003729985791115,0.0004150750573760258,-0.0010942842252773788,0.00037701301633286116,0.004836537477811394,0.0004719523255481698,-0.003950387904249231
IND383001AAA,0.0008103828247004,1,1,0.5,0.0,0.0,Himmatnagar_DC (Gujarat),0.0,-0.001633901475069941,-0.002201564827649161,0.0014748078637696468,-0.0021592702293549387,-0.0010393942060216697,0.0011693261878973908,0.0005908324820177419,0.002183509811772019,0.001089975637580849,0.0002003729985812612,0.00041507505737683206,-0.0010942842252770028,-0.001678983186477276,0.0013217108832606216,-0.0031556319543608467,-0.004627143101582752
IND787001AAA,0.0008100179517492,2,1,0.0,24.0,2.173076923076924,LakhimpurN_SashPhkn_D (Assam),0.0194404308419808,-0.0016339014750772606,-0.0022015648276465286,0.0014748078637687476,-0.0021592702293549548,-0.0010393942060208834,0.0011693261878979744,0.0005908324820181293,0.0021835098117766604,0.001089975637582017,0.00020037299858026962,0.00041507505737240223,-0.001094284225273408,-0.005423006847597572,-0.02409497431590602,0.030357958876724888,0.0082111522258549
IND787057AAA,0.00121393230877,1,1,0.0,10.0,2.095833333333333,Dhemaji_WardNo3_D (Assam),0.0121393230877008,-0.001633901475076057,-0.0022015648276468317,0.00147480786376883,-0.002159270229354929,-0.0010393942060208995,0.00116932618789797,0.0005908324820181011,0.00218350981177586,0.00108997563758195,0.00020037299858008582,0.0004150750573726706,-0.0010942842252737264,-0.00525960272782341,-0.023002755131456377,0.028891397383195194,0.007762174825630805
IND791125AAB,0.0,0,1,0.0,16.0,1.951190476190476,Likabali_ZoomCDPP_D (Arunachal Pradesh),0.0,-0.0016339014750728499,-0.0022015648276475395,0.0014748078637690704,-0.002159270229354819,-0.001039394206020948,0.0011693261878978675,0.000590832482018031,0.002183509811773725,0.001089975637581752,0.00020037299857963645,0.00041507505737349337,-0.0010942842252745057,-0.004812109395058128,-0.020023757775862388,0.024894580096328684,0.006540663976873515
IND396191AAC,0.0020213961498606,3,5,0.08,86.0,2.155176249357284,Vapi_IndEstat_I (Gujarat),0.1738400688880132,-0.0016339014750702174,-0.0022015648276480487,0.0014748078637693005,-0.0021592702293547587,-0.0010393942060211033,0.0011693261878977408,0.0005908324820180193,0.0021835098117719896,0.001089975637581634,0.0002003729985797898,0.000415075057375736,-0.001094284225277156,-0.0009826773537235118,0.0016014623545713895,-0.0011196253687404325,-0.003524935367354151
IND713130AAA,0.0005398903435157,2,2,0.1666666666666666,88.0,2.9681818181818183,Katwa_BSarani_D (West Bengal),0.047510350229383,-0.0016339014750705212,-0.002201564827648072,0.0014748078637692155,-0.0021592702293547327,-0.0010393942060209834,0.0011693261878978132,0.0005908324820181964,0.0021835098117721657,0.0010899756375826932,0.0002003729985806129,0.00041507505737633116,-0.0010942842252754425,-0.0025072160384975234,-0.005032650981927698,0.007445515519092275,-0.0011560195857107036
IND741123AAB,0.0002701276082334,2,1,0.3333333333333333,53.0,2.555555555555556,Chapra_NagarDPP_D (West Bengal),0.0143167632363742,-0.0016339014750705251,-0.002201564827648068,0.0014748078637692133,-0.002159270229354729,-0.0010393942060209832,0.0011693261878978174,0.0005908324820181934,0.0021835098117721627,0.0010899756375826956,0.00020037299858060754,0.00041507505737631945,-0.0010942842252754429,-0.002507980159633834,-0.0050348627709028695,0.007448970840768883,-0.0011566142924550667
IND741126AAB,0.0012106484522089,2,1,0.1666666666666666,60.0,2.5,Nakashipara_MaxDPP_D (West Bengal),0.0726389071325364,-0.0016339014750705277,-0.0022015648276480708,0.0014748078637692133,-0.002159270229354732,-0.0010393942060209806,0.0011693261878978156,0.0005908324820181978,0.002183509811772166,0.0010899756375827062,0.0002003729985806173,0.0004150750573763326,-0.001094284225275437,-0.002514518602595112,-0.005054688432825335,0.007480256574650248,-0.0011621229481467007
IND741156AAA,0.0012084592145015,1,2,0.0,103.0,2.461363636363636,Plassey_BtaiRoad_D (West Bengal),0.1244712990936555,-0.0016339014750705204,-0.0022015648276480725,0.001474807863769213,-0.002159270229354732,-0.0010393942060209832,0.001169326187897817,0.0005908324820181872,0.0021835098117721575,0.0010899756375826839,0.00020037299858059447,0.00041507505737631035,-0.0010942842252754663,-0.002496078853843155,-0.004999005712146552,0.007392464367198478,-0.0011466954263146844
IND363001AAA,7.297459024767576e-07,1,1,0.0,0.0,0.0,Surendranagar_DC (Gujarat),0.0,-0.06864052934321661,0.09303431691523549,0.04579745211922064,0.004221715030140142,-0.08967818523947997,-0.05581205745129773,-0.039721753197186495,0.05170083815255992,0.14681493854409636,-0.1510022984937147,-0.07218853815573115,0.12893283747327194,8.958015696867993e-15,1.048204682790928e-14,-1.5239952749358707e-14,2.6660758685927405e-14
IND363421AAB,7.297459024767576e-07,1,1,0.0,39.0,2.0,Limbdi_Busstand_D (Gujarat),2.8460090196593547e-05,-0.06864052934321671,0.09303431691523588,0.045797452119220594,0.0042217150301401395,-0.08967818523948001,-0.05581205745129773,-0.039721753197186495,0.05170083815255968,0.14681493854409608,-0.15100229849371474,-0.07218853815573092,0.12893283747327214,9.0159315664126e-15,1.0439503381588545e-14,-1.5256223397575727e-14,2.6619750618965897e-14
IND689101AAA,0.0012237838784535,1,2,0.1666666666666666,18.0,1.423951048951049,Tiruvalla_TKRoad_D (Kerala),0.0220281098121634,-0.0016339014750694218,-0.0022015648276489685,0.0014748078637685249,-0.002159270229354144,-0.0010393942060212282,0.00116932618789599,0.0005908324820180592,0.0021835098117739277,0.0010899756375836846,0.0002003729985755923,0.000415075057371615,-0.00109428422528272,0.0039430752398526975,0.03747438333166191,0.01817412374625813,0.016408789194333515
IND670643AAA,0.0016255089977669,1,1,0.0,45.0,1.8,Kuthuparamba_IdstrlAr_D (Kerala),0.0731479048995139,-0.0016339014750706606,-0.002201564827647508,0.0014748078637700024,-0.0021592702293552085,-0.001039394206021119,0.0011693261878990967,0.0005908324820184553,0.0021835098117703898,0.0010899756375832112,0.00020037299857785364,0.00041507505737417593,-0.0010942842252769228,0.0037748420080802258,0.035032079686588564,0.01690859933738393,0.015109307285529477
IND174021AAA,0.0,0,1,0.0,12.0,2.1986039886039888,Ghumarwin_Gndhichk_D (Himachal Pradesh),0.0,-0.0016339014750704187,-0.002201564827648334,0.0014748078637689336,-0.0021592702293551517,-0.0010393942060209175,0.0011693261878977794,0.0005908324820183004,0.0021835098117720764,0.0010899756375823697,0.0002003729985806194,0.0004150750573763029,-0.00109428422527624,-0.001959802819073917,0.0005351599671131909,-0.00408164862327386,-0.004045020886495638
IND176048AAA,0.0004042792299721,1,1,0.0,32.0,1.856837606837607,Jahu_Sulgwan_D (Himachal Pradesh),0.0129369353591079,-0.0016339014750704102,-0.002201564827648347,0.001474807863768963,-0.002159270229355128,-0.0010393942060209279,0.0011693261878977796,0.000590832482018284,0.0021835098117720772,0.0010899756375823818,0.00020037299858059895,0.0004150750573763547,-0.0010942842252762465,-0.0019518208339049982,0.0005318838841536233,-0.0040550245076865785,-0.004015167728325331
IND175015AAA,0.0008078287140417,1,1,0.0,49.0,1.9905844155844157,JognderNgr_Dhelu_D (Himachal Pradesh),0.0395836069880467,-0.0016339014750704163,-0.00220156482764834,0.001474807863769001,-0.0021592702293551052,-0.001039394206020942,0.0011693261878978065,0.0005908324820182391,0.0021835098117720807,0.0010899756375823454,0.00020037299858057718,0.0004150750573763579,-0.0010942842252762786,-0.001929126769522926,0.0005225823789982843,-0.003979453476085483,-0.003930480525674125
IND134109AAA,0.0,0,1,0.0,60.0,1.5414141414141411,Chandigarh_Panchkula (Chandigarh),0.0,-0.0016339014750703725,-0.002201564827648216,0.0014748078637691197,-0.0021592702293549526,-0.0010393942060209322,0.0011693261878978078,0.0005908324820180775,0.0021835098117720616,0.0010899756375821635,0.00020037299858034475,0.00041507505737640576,-0.0010942842252764772,-0.0018003822444270605,0.00047018188326954547,-0.0035543061860510284,-0.00345545235869178
IND600044AAE,0.0,1,1,0.0,87.0,1.6766098484848484,Chennai_Chrompet_L (Tamil Nadu),0.0,-0.0016339014750701801,-0.0022015648276488622,0.001474807863769616,-0.002159270229353958,-0.001039394206021005,0.001169326187897764,0.000590832482018135,0.0021835098117719055,0.001089975637580809,0.0002003729985791689,0.0004150750573759764,-0.001094284225277382,0.00036945015615363257,0.004688973170765356,0.0004565731824512094,-0.003804003719996762
IND442001AAA,0.0,0,1,0.0,5.0,3.7142857142857135,Wardha_RamaNgr_D (Maharashtra),0.0,0.009578874371167091,-0.012680428315643623,0.01028984957280292,0.015084223718048616,-0.029619494066940595,-0.028374157067262772,0.027972957282559524,0.024342890971156994,-0.014684253421399394,0.025507972946675755,-0.02661940368427397,0.023410870662574912,1.4460910283348558e-15,2.5670960769993677e-15,-3.359187433156255e-15,5.310612501506406e-15
IND442101AAB,3.648729512383788e-07,1,1,0.0,35.0,2.210526315789474,Deoli_Central_DPP_2 (Maharashtra),1.2770553293343258e-05,0.00957887437116708,-0.012680428315643614,0.010289849572802894,0.015084223718048592,-0.029619494066940585,-0.028374157067262575,0.027972957282559517,0.024342890971157015,-0.014684253421399436,0.02550797294667584,-0.026619403684273926,0.023410870662574843,1.4826186617345993e-15,2.561362461394391e-15,-3.329628664339064e-15,5.359333809038904e-15
IND743513AAA,0.0004053738488258,1,1,0.5,62.0,1.9,Fatepur_NH117_D (West Bengal),0.025133178627202,-0.0016339014750703042,-0.0022015648276480716,0.001474807863769254,-0.002159270229354712,-0.0010393942060210044,0.0011693261878978009,0.0005908324820181841,0.0021835098117720256,0.0010899756375823346,0.00020037299858006235,0.0004150750573763691,-0.0010942842252757794,-0.002251275649453944,-0.004238637835320009,0.006186760466199382,-0.0009321678435885961
IND148101AAA,0.0004053738488258,1,1,0.5,0.0,0.0,Barnala_DC (Punjab),0.0,-0.0016339014750704434,-0.0022015648276483995,0.0014748078637689434,-0.0021592702293552085,-0.001039394206020876,0.0011693261878978074,0.0005908324820181119,0.0021835098117720855,0.0010899756375824417,0.00020037299858066777,0.0004150750573763733,-0.001094284225276219,-0.001984867654200272,0.0005462175165492567,-0.004172802579604475,-0.004150411518207227
IND251001AAA,0.0004053738488258,1,1,0.0,24.0,3.204710144927536,Muzaffrngr_MhmodNgr_D (Uttar Pradesh),0.0097289723718201,-0.001633901475070265,-0.0022015648276476523,0.001474807863769544,-0.0021592702293541676,-0.0010393942060210994,0.0011693261878977705,0.0005908324820180096,0.0021835098117720005,0.0010899756375819547,0.00020037299858054143,0.00041507505737865065,-0.0010942842252757612,-0.002528400668639618,-0.000861899622166169,-0.004549739249046044,-0.0030941056095677316
IND247554AAA,0.0004031846111184,1,2,0.0,56.0,1.546593757120073,Deoband_Ramvlg_D (Uttar Pradesh),0.0225783382226308,-0.001633901475070259,-0.0022015648276476544,0.0014748078637695494,-0.0021592702293541585,-0.0010393942060210946,0.001169326187897771,0.0005908324820180021,0.002183509811772,0.0010899756375819685,0.00020037299858053934,0.0004150750573786918,-0.001094284225275749,-0.0025363967532654533,-0.0008660143355880588,-0.004572903035200481,-0.003111961730936929
IND274001AAA,0.0004247121152414,2,2,0.0,27.0,2.482648479681728,Deoria_CCRoad_D (Uttar Pradesh),0.0114672271115197,-0.0016339014750704638,-0.002201564827648075,0.0014748078637691151,-0.0021592702293549344,-0.0010393942060209515,0.0011693261878978193,0.0005908324820184049,0.002183509811772108,0.0010899756375801794,0.00020037299857994767,0.0004150750573749864,-0.0010942842252826474,-0.0038224162332839476,-0.0051295697194149205,-0.011552636893873449,0.016415012423916558
IND274304AAA,2.3716741830494622e-06,2,1,0.0,6.0,5.038461538461538,Kushinagar_KasyaDPP_D (Uttar Pradesh),1.4230045098296772e-05,-0.0016339014750705138,-0.002201564827648086,0.0014748078637690796,-0.002159270229354995,-0.0010393942060209361,0.0011693261878978295,0.0005908324820184585,0.0021835098117721384,0.001089975637579927,0.0002003729985800437,0.00041507505737495255,-0.00109428422528301,-0.003961217981311391,-0.005414328082140248,-0.012238285909850547,0.017525264136482418
IND274304AAB,0.0004086577053869,2,2,0.1,27.0,2.46173128342246,Padrauna_BawliDPPP_D (Uttar Pradesh),0.0110337580454485,-0.0016339014750705154,-0.002201564827648083,0.001474807863769082,-0.0021592702293549942,-0.0010393942060209365,0.001169326187897827,0.0005908324820184554,0.0021835098117721436,0.0010899756375799367,0.00020037299858000656,0.0004150750573749136,-0.0010942842252830071,-0.003954214178212892,-0.0053999551364013664,-0.012203676320355704,0.01746921488145639
IND274301AAB,0.0012234190055022,3,1,0.1,30.0,2.6164736164736166,Kaptanganj_Subshngr_D (Uttar Pradesh),0.0367025701650685,-0.001633901475070502,-0.002201564827648078,0.001474807863769106,-0.0021592702293549717,-0.0010393942060209459,0.0011693261878978252,0.0005908324820184316,0.002183509811772133,0.0010899756375800638,0.0002003729985800058,0.0004150750573749566,-0.001094284225282826,-0.0038871604235733307,-0.005262425171668223,-0.011872543955703446,0.016933077442665777
IND474003AAA,0.0077795804239059,8,6,0.0898876404494382,347.0,1.6211711408610596,Gwalior_HrihrNgr_I (Madhya Pradesh),2.699514407095354,-0.001633901475070041,-0.002201564827648029,0.0014748078637695022,-0.002159270229354332,-0.0010393942060211347,0.0011693261878977488,0.0005908324820179856,0.002183509811771866,0.001089975637581737,0.00020037299857945576,0.00041507505737563234,-0.001094284225279973,-0.0028962364294520407,-0.0027707903419408476,-0.007674068377916175,0.007430774476909129
IND641664AAA,1.7149028708203805e-05,2,1,0.1666666666666666,74.0,1.3875,Tirpur_Palladam_DC (Tamil Nadu),0.001269028124407,0.020794586572540515,-0.005910785269691716,-0.004365995946928607,0.0173624933217552,0.026387289057818213,-0.019847780345015602,-0.033258087411745296,0.023497990580929003,9.395019813817398e-05,-0.03651570701036942,0.02268186401726319,-0.025389488428085874,-9.57301953758931e-16,-2.5641672666118015e-15,3.4992952775024454e-15,-5.703289564654599e-15
IND638657AAA,1.6784155756965425e-05,1,1,0.0,63.0,1.5,Dharapuram_Techrcly_D (Tamil Nadu),0.0010574018126888,0.0207945865725405,-0.005910785269691695,-0.004365995946928696,0.017362493321755226,0.02638728905781819,-0.01984778034501562,-0.03325808741174538,0.023497990580929003,9.395019813819241e-05,-0.03651570701036922,0.022681864017263208,-0.025389488428085832,-9.78072146457075e-16,-2.5853462376962145e-15,3.5199501787074225e-15,-5.745440720929633e-15
IND638701AAA,1.6419282805727048e-05,1,1,0.0,51.0,1.75,Kangayam_Thvlrsrt_D (Tamil Nadu),0.000837383423092,0.02079458657254052,-0.0059107852696917255,-0.00436599594692868,0.017362493321755226,0.026387289057818227,-0.019847780345015612,-0.03325808741174533,0.023497990580928985,9.395019813818444e-05,-0.03651570701036935,0.02268186401726314,-0.02538948842808586,-9.795245925644045e-16,-2.583645150018473e-15,3.5449343510867985e-15,-5.711924622163744e-15
IND400037AAA,0.0,1,1,0.0,14.0,3.0008361204013374,Mumbai Antop Hill (Maharashtra),0.0,-0.0016339014750704095,-0.0022015648276479463,0.0014748078637693534,-0.0021592702293546716,-0.0010393942060212009,0.0011693261878978273,0.0005908324820179581,0.0021835098117721006,0.0010899756375823196,0.00020037299857987635,0.0004150750573755529,-0.001094284225277352,-0.001272078931958088,0.0012430951833875764,-0.0009561859081583128,-0.003948137952066398
IND343001AAA,0.0020305179736415,1,1,0.0,6.0,1.2219887955182074,Jalore_RoopNgr_D (Rajasthan),0.0121831078418494,-0.0016339014750703263,-0.0022015648276482573,0.001474807863769217,-0.00215927022935478,-0.001039394206021001,0.0011693261878977744,0.0005908324820183109,0.0021835098117720343,0.0010899756375786932,0.00020037299858021,0.00041507505737658996,-0.001094284225274997,-0.0015195654780433712,0.0018341234330941612,-0.004153292501036075,-0.004966467865702816
IND343029AAB,0.0016258738707182,1,1,0.0,6.0,1.2404092071611252,Bhinmal_RwStnDPP_D (Rajasthan),0.0097552432243092,-0.0016339014750703376,-0.002201564827648359,0.001474807863769197,-0.0021592702293548103,-0.0010393942060209858,0.001169326187897774,0.0005908324820183937,0.0021835098117720404,0.0010899756375781873,0.00020037299858031816,0.00041507505737661566,-0.0010942842252745393,-0.001590682843684319,0.001970112079183775,-0.004484940323697462,-0.005425750600708523
IND360575AAA,7.662331976005956e-06,1,1,0.0,41.0,1.5,Porbandar_DC (Gujarat),0.0003141556110162,-0.005311017640626091,-0.013135942306193726,0.015167636239420444,0.011361124035081159,-0.009994206360163547,-0.00323388612682117,0.015297544700170597,0.01828118703006049,-0.009668263821182804,0.013187906197033016,-0.008471403499950203,0.01347138551135454,2.0915705924843093e-16,7.380498727297861e-16,-1.9228141421118112e-15,2.0137925890272555e-15
IND360530AAB,7.662331976005956e-06,1,1,0.0,99.0,1.7142857142857142,Jamjodhpur_Court_D (Gujarat),0.0007585708656245,-0.005311017640626096,-0.013135942306193762,0.015167636239420457,0.01136112403508116,-0.009994206360163555,-0.0032338861268211643,0.01529754470017056,0.018281187030060587,-0.00966826382118281,0.013187906197033068,-0.00847140349995027,0.013471385511354529,2.0687048337595126e-16,7.822806456117343e-16,-1.9645205924095253e-15,2.013211289945219e-15
IND205135AAA,0.0,1,1,0.5,15.0,2.27109133126935,Shikohabad_Katrmira_D (Uttar Pradesh),0.0,-0.0016339014750700646,-0.0022015648276480144,0.0014748078637694736,-0.002159270229354397,-0.0010393942060210927,0.0011693261878977566,0.0005908324820180214,0.002183509811771885,0.0010899756375818712,0.00020037299857963238,0.0004150750573760762,-0.0010942842252779034,-0.002473379594429478,-0.001786749399633225,-0.003779357272975101,0.00047652600288438285
IND500055AAC,0.0,0,1,0.0,34.0,2.375,Hyderabad_North_D_2 (Telangana),0.0,-0.0016339014750702057,-0.002201564827648096,0.001474807863769284,-0.002159270229354641,-0.0010393942060210298,0.0011693261878977586,0.0005908324820179512,0.002183509811771967,0.0010899756375809518,0.00020037299857978856,0.00041507505737584756,-0.0010942842252774135,-0.00044217713659631155,0.0033200524528628145,0.00035747608321457446,-0.004468777582585153
IND501401AAC,0.0004035494840696,3,1,0.4,11.0,10.076923076923077,Medchal_MROoffce_D (Telangana),0.0044390443247661,-0.0016339014750702122,-0.002201564827648102,0.0014748078637692851,-0.002159270229354638,-0.0010393942060210322,0.0011693261878977608,0.0005908324820179597,0.002183509811771973,0.001089975637580952,0.00020037299857977964,0.00041507505737584365,-0.0010942842252774016,-0.0004403762149362616,0.0032997281238133745,0.0003551443086210908,-0.004435797005291712
IND641006AAD,0.0,0,1,0.0,15.0,1.45,Coimbatore_ElngoNgr_C (Tamil Nadu),0.0,0.02079458657254054,-0.0059107852696917255,-0.004365995946928604,0.017362493321755185,0.026387289057818168,-0.019847780345015588,-0.03325808741174532,0.023497990580928912,9.395019813816846e-05,-0.03651570701036934,0.02268186401726315,-0.025389488428085707,-9.309012638700547e-16,-2.5986780722199033e-15,3.5479836021281612e-15,-5.5594850492851185e-15
IND144001AAA,0.0,1,1,0.5,30.0,1.7777777777777777,Jalandhar_DC (Punjab),0.0,-0.0016339014750704028,-0.002201564827648346,0.0014748078637690303,-0.0021592702293550844,-0.0010393942060209225,0.001169326187897781,0.0005908324820180876,0.0021835098117720755,0.0010899756375823313,0.00020037299858053324,0.0004150750573764069,-0.0010942842252763111,-0.0019145779658026208,0.0005165838219054233,-0.0039306697492927315,-0.003875709252744878
IND600016AAC,0.0012113781981114,2,2,0.0,26.0,2.4686032566467357,Chennai_Perungudi_DPC (Tamil Nadu),0.0314958331508968,-0.001633901475070202,-0.002201564827648967,0.001474807863769719,-0.002159270229353812,-0.0010393942060209895,0.0011693261878978798,0.0005908324820181849,0.002183509811771935,0.0010899756375806991,0.0002003729985791414,0.00041507505737590697,-0.0010942842252774445,0.00038055101713099787,0.004905001284949814,0.00047907549103728893,-0.0040179363479301905
IND203001AAA,0.0,0,1,0.0,5.0,3.615384615384616,Bulndshahr_Ymunpurm_D (Uttar Pradesh),0.0,-0.0016339014750704178,-0.0022015648276480886,0.001474807863769129,-0.002159270229354897,-0.0010393942060209543,0.0011693261878978171,0.0005908324820182575,0.002183509811772103,0.0010899756375839613,0.00020037299857861757,0.0004150750573751111,-0.0010942842252777338,-0.0028526146863853503,-0.0018588277092145028,-0.0049994398864669325,-0.0012557778192108732
IND462001AAA,0.0004035494840696,2,1,0.0,56.0,5.356195887445887,Bhopal_Old City (Madhya Pradesh),0.0225987711079002,-0.0016339014750702645,-0.002201564827648046,0.0014748078637692734,-0.002159270229354684,-0.001039394206021023,0.0011693261878977892,0.0005908324820180342,0.002183509811771986,0.0010899756375818265,0.0002003729985798047,0.0004150750573754953,-0.001094284225278851,-0.0011136294214059987,0.0014874694571670726,-0.0027642755977689355,-0.0006012412934115604
IND125001AAA,0.0089838958877316,7,8,0.0637254901960784,269.0,1.8881544604359823,Hisar_ModelTwn_P (Haryana),2.416667993799813,-0.0016339014750701333,-0.002201564827648081,0.0014748078637694135,-0.0021592702293544877,-0.0010393942060210888,0.001169326187897757,0.0005908324820179796,0.002183509811771924,0.0010899756375817736,0.000200372998579395,0.000415075057375887,-0.0010942842252775478,-0.002191649776670725,-0.000989562042661681,-0.0033587669047292212,-0.0012445675224570887
IND335513AAA,0.0048385802063721,3,3,0.0333333333333333,49.0,1.533820346320346,Hanumangarh_DC (Rajasthan),0.2370904301122349,-0.0016339014750701133,-0.0022015648276480873,0.0014748078637694408,-0.002159270229354447,-0.0010393942060210961,0.0011693261878977534,0.0005908324820179543,0.0021835098117719155,0.0010899756375818263,0.00020037299857938063,0.00041507505737589217,-0.0010942842252775358,-0.002241794862827952,-0.000984519148411377,-0.0035444184769646255,-0.001370295527716742
IND400015AAB,0.0,2,2,1.0,100.0,2.3428451178451177,Mumbai_CotnGren_M (Maharashtra),0.0,-0.0016339014750702105,-0.0022015648276479424,0.0014748078637692751,-0.0021592702293547483,-0.001039394206021065,0.0011693261878977736,0.0005908324820179679,0.0021835098117719705,0.001089975637581752,0.00020037299857971174,0.0004150750573755372,-0.001094284225277221,-0.0011953061520632623,0.0013540316780558776,-0.000913312556296665,-0.0038939687334642484
IND686507AAA,0.0,1,2,0.5,26.0,1.95900974025974,Parakkdavu_KeRoad_D (Kerala),0.0,-0.001633901475069424,-0.002201564827649138,0.0014748078637683737,-0.0021592702293539425,-0.0010393942060210994,0.0011693261878956572,0.0005908324820180821,0.002183509811774438,0.001089975637583231,0.0002003729985746755,0.0004150750573705789,-0.0010942842252831164,0.004081083458014005,0.03949991176446186,0.01922649990489789,0.017496426167760877
IND686513AAA,0.0,1,2,0.5,26.0,3.6672008547008543,Mundakayam_Central_D_1 (Kerala),0.0,-0.0016339014750692555,-0.002201564827649206,0.0014748078637683492,-0.0021592702293539447,-0.0010393942060210966,0.001169326187895637,0.0005908324820180772,0.002183509811774432,0.0010899756375832514,0.0002003729985746935,0.0004150750573705975,-0.0010942842252831275,0.004079176421444158,0.03947213893809288,0.019212092554348727,0.017481585307693188
IND788151AAA,0.0008100179517492,1,2,0.6666666666666666,25.0,2.603163892637577,Hailakandi_kalibari_D (Assam),0.02025044879373,-0.0016339014750666834,-0.0022015648276489793,0.001474807863769403,-0.0021592702293547817,-0.0010393942060210315,0.001169326187897724,0.0005908324820179401,0.0021835098117696018,0.0010899756375817866,0.00020037299857934867,0.0004150750573738647,-0.0010942842252745573,-0.004850718258033443,-0.020141021429204008,0.025010871715791368,0.006547726351148523
IND788713AAA,0.0002014098690835,2,2,0.5,11.0,6.01111111111111,Karimganj_Alngjuri_D (Assam),0.0022155085599194,-0.00163390147506672,-0.0022015648276489334,0.0014748078637694135,-0.0021592702293547696,-0.0010393942060210294,0.0011693261878977224,0.0005908324820179396,0.002183509811769634,0.0010899756375817766,0.00020037299857934282,0.0004150750573738584,-0.0010942842252745731,-0.004840092957406393,-0.020074625942197864,0.0249229974294341,0.006521683802369231
IND781018AAA,0.0,0,1,0.0,1.0,1.2647058823529411,Guwahati_East (Assam),0.0,-0.0016339014750696222,-0.002201564827648224,0.0014748078637693072,-0.0021592702293547045,-0.00103939420602103,0.0011693261878977668,0.000590832482017953,0.0021835098117715763,0.0010899756375814817,0.0002003729985791776,0.0004150750573743917,-0.0010942842252755192,-0.004157146787641018,-0.015811765325025113,0.01928233807171672,0.00485078714582821
IND638401AAA,1.20408073908665e-05,1,1,0.0,0.0,0.0,Sathyamangalam_Mlydpthr_D (Tamil Nadu),0.0,0.020794586572540515,-0.005910785269691723,-0.004365995946928616,0.01736249332175518,0.02638728905781817,-0.019847780345015636,-0.03325808741174528,0.023497990580928926,9.395019813818027e-05,-0.036515707010369214,0.022681864017263118,-0.025389488428085735,-9.487310166614446e-16,-2.5760815753922946e-15,3.5441631865269785e-15,-5.5787753861998736e-15
IND638501AAB,1.1311061488389744e-05,1,1,0.0,87.0,1.35,Anthiyour_TherSRT_D (Tamil Nadu),0.0009840623494899,0.020794586572540505,-0.005910785269691734,-0.004365995946928616,0.017362493321755188,0.026387289057818168,-0.019847780345015647,-0.033258087411745324,0.02349799058092896,9.3950198138176e-05,-0.036515707010369235,0.02268186401726317,-0.02538948842808585,-9.490743211533121e-16,-2.5894112715170594e-15,3.5533996814851874e-15,-5.5704260707340256e-15
IND209101AAA,0.0016193061575959,1,1,0.0,0.0,0.0,Akbarpur_NehruNGR_D (Uttar Pradesh),0.0,-0.0016339014750701808,-0.0022015648276480647,0.0014748078637693246,-0.002159270229354598,-0.0010393942060210478,0.0011693261878977753,0.0005908324820180083,0.002183509811771945,0.001089975637581564,0.00020037299857954068,0.0004150750573753449,-0.0010942842252803506,-0.0029494004010960067,-0.0033528287087971477,-0.007281328246860456,0.009522126711287101
IND136118AAA,0.0012183107841849,1,1,0.0,44.0,1.380952380952381,Kurukshetra_DC (Haryana),0.0536056745041376,-0.001633901475070273,-0.0022015648276476293,0.0014748078637695592,-0.002159270229354143,-0.0010393942060211118,0.0011693261878977716,0.0005908324820180531,0.002183509811772018,0.0010899756375820076,0.00020037299858056165,0.0004150750573786196,-0.0010942842252757068,-0.002537030055232064,-0.0008668826126502809,-0.004578411934090157,-0.0031172517424059975
IND136128AAA,0.0008129369353591,1,1,0.0,44.0,2.0588235294117645,Pehowa_WdN14DPP_D (Haryana),0.0357692251558007,-0.0016339014750702888,-0.0022015648276475426,0.001474807863769611,-0.0021592702293540284,-0.001039394206021142,0.0011693261878977677,0.0005908324820180723,0.0021835098117720213,0.0010899756375820967,0.00020037299858065912,0.00041507505737881485,-0.0010942842252754884,-0.0026090144790431617,-0.0009045511070849732,-0.004791183061482048,-0.0032824726275606556
IND136027AAA,0.0004068333406307,1,1,0.0,42.0,1.89010989010989,Kaithal_DC (Haryana),0.0170870003064932,-0.0016339014750703052,-0.002201564827647484,0.001474807863769631,-0.002159270229353983,-0.0010393942060211527,0.0011693261878977616,0.0005908324820180716,0.0021835098117720373,0.0010899756375821533,0.00020037299858068826,0.0004150750573788881,-0.0010942842252753967,-0.0026395443242325464,-0.0009205656162944561,-0.0048816841635319404,-0.003352819740187906
IND126112AAA,0.0,0,1,0.0,64.0,1.8888888888888888,Safidon_HatRDDPP_D (Haryana),0.0,-0.0016339014750702558,-0.0022015648276477082,0.0014748078637695082,-0.0021592702293542296,-0.0010393942060210864,0.001169326187897777,0.0005908324820180482,0.0021835098117719983,0.0010899756375819184,0.00020037299858049,0.000415075057378433,-0.0010942842252758842,-0.0024748216865758963,-0.0008343386521206975,-0.004394596699612492,-0.0029745321275742418
IND000000ABG,0.0,0,1,0.0,41.0,2.090909090909091,Hyderabad_Bownplly_C (Telangana),0.0,-0.015867236464820564,-0.013240636908228109,0.01625326755360255,-0.004056401632179578,-0.027869621033327952,0.0036340893228708165,-0.02437736841803301,0.01828193679819881,0.005852617274755318,0.027547635378781087,-0.004040437786787322,-0.0049502195607059474,1.3896271885218612e-15,1.4887934927183867e-15,8.085792216697765e-16,1.789911274082057e-15
IND643217AAA,1.7149028708203805e-05,2,1,0.1666666666666666,0.0,0.0,Kotagiri_CroslySRT_D (Tamil Nadu),0.0,0.02079458657254046,-0.005910785269691719,-0.004365995946928605,0.017362493321755174,0.026387289057818175,-0.019847780345015612,-0.03325808741174528,0.02349799058092895,9.395019813817096e-05,-0.03651570701036916,0.022681864017263135,-0.0253894884280858,-9.288545106329748e-16,-2.6025814139779995e-15,3.56462512731617e-15,-5.556224393525016e-15
IND465001AAA,0.001614927682181,1,3,0.25,24.0,1.65,Shajapur_MhpraRD_D (Madhya Pradesh),0.0387582643723455,-0.0016339014750702552,-0.002201564827648042,0.001474807863769274,-0.0021592702293546854,-0.0010393942060210233,0.0011693261878977846,0.0005908324820180308,0.002183509811771988,0.0010899756375818217,0.0002003729985797946,0.00041507505737549546,-0.001094284225278856,-0.0011140910996354809,0.0014883840476098732,-0.0027660818264631827,-0.0006016832473570905
IND465333A1B,0.0,1,2,0.5,0.0,0.0,Unknown_Source,0.0,-0.0016339014750702636,-0.002201564827648047,0.001474807863769274,-0.002159270229354681,-0.0010393942060210268,0.0011693261878977835,0.0005908324820180366,0.002183509811771985,0.0010899756375818237,0.0002003729985797932,0.0004150750573755055,-0.0010942842252788455,-0.001111065304065272,0.0014822940712362889,-0.002754016702017355,-0.0005987109802460001
IND400072AAC,0.0,0,1,0.0,34.0,2.844444444444444,BOM_Sakinaka_RP (Maharashtra),0.0,-0.0016339014750701996,-0.0022015648276479246,0.0014748078637692732,-0.002159270229354756,-0.0010393942060210575,0.0011693261878977712,0.0005908324820179529,0.0021835098117719627,0.0010899756375817708,0.0002003729985796966,0.00041507505737547996,-0.0010942842252771809,-0.0011927202027058174,0.0014790191432921122,-0.000938279077439817,-0.00409591841693497
IND584101AAA,0.0012172161653312,2,3,0.5,56.0,1.7168885475337088,Raichur_LSRoad_DC (Karnataka),0.0681641052585489,-0.0016339014750704252,-0.002201564827648003,0.0014748078637692118,-0.002159270229354678,-0.0010393942060208659,0.001169326187897892,0.0005908324820179851,0.002183509811772042,0.001089975637580733,0.0002003729985792973,0.00041507505737510417,-0.0010942842252764362,0.0007336187160215415,0.00519840776536927,0.000883549245711089,-0.004584435364571719
IND335804AAD,0.0016171169198884,2,2,0.1666666666666666,0.0,0.0,Suratgarh_Central_DPP_2 (Rajasthan),0.0,-0.0016339014750700958,-0.0022015648276480903,0.0014748078637694597,-0.0021592702293544187,-0.0010393942060211016,0.0011693261878977493,0.0005908324820179435,0.0021835098117719107,0.0010899756375818703,0.00020037299857938217,0.00041507505737594215,-0.0010942842252775204,-0.0022853309827748527,-0.0010135634486460774,-0.00365606848323715,-0.0014193531449350812
IND335703AAA,0.0,1,1,0.5,0.0,0.0,Srivijaynagar_BhwanDPP_D (Rajasthan),0.0,-0.0016339014750700975,-0.002201564827648089,0.001474807863769467,-0.0021592702293544022,-0.0010393942060211061,0.0011693261878977488,0.0005908324820179323,0.0021835098117719085,0.0010899756375818842,0.00020037299857938022,0.0004150750573759407,-0.0010942842252775122,-0.002301189396510763,-0.0010241701507024339,-0.003696862435271335,-0.0014372967128703496
IND585330AAE,0.0040143322095246,1,1,0.0,42.0,1.7735042735042734,Humnabad_EBroad_D (Karnataka),0.168601952800035,-0.0016339014750701949,-0.00220156482764813,0.001474807863769324,-0.0021592702293545844,-0.0010393942060210163,0.0011693261878978013,0.000590832482017872,0.0021835098117719528,0.0010899756375808358,0.00020037299857976473,0.0004150750573757937,-0.0010942842252774092,-0.00046826243311483235,0.0036289486774057048,0.0003932604579010715,-0.004985670151946517
IND585401AAA,0.0040121429718172,1,1,0.0,44.0,1.8867521367521367,Bidar (Karnataka),0.1765342907599573,-0.0016339014750701964,-0.0022015648276481215,0.0014748078637693168,-0.002159270229354592,-0.0010393942060210213,0.0011693261878977898,0.0005908324820178918,0.002183509811771947,0.0010899756375808453,0.0002003729985797758,0.0004150750573757791,-0.0010942842252774111,-0.00046496992552680426,0.0035899155112073242,0.0003887376400916554,-0.0049203095279737015
IND502286AAB,0.0040099537341097,1,1,0.0,46.0,1.6625,Narayankhed_Datatrya_D (Telangana),0.18445787176905,-0.001633901475070205,-0.0022015648276481124,0.001474807863769303,-0.0021592702293546048,-0.0010393942060210224,0.0011693261878977731,0.0005908324820179133,0.0021835098117719554,0.0010899756375808806,0.00020037299857975945,0.00041507505737580993,-0.001094284225277402,-0.0004582012044675687,0.00351059160405122,0.00037956711250026646,-0.004788425655462143
IND502220AAC,0.0040077644964023,1,1,0.0,110.0,1.4791666666666663,Zahirabad_Mohim_D (Telangana),0.4408540946042587,-0.001633901475070222,-0.002201564827648106,0.0014748078637692949,-0.002159270229354629,-0.0010393942060210183,0.0011693261878977723,0.0005908324820179488,0.0021835098117719645,0.0010899756375809325,0.00020037299857976655,0.00041507505737581584,-0.001094284225277395,-0.0004465353632061736,0.003374687457607392,0.0003638738759508638,-0.004563305949057366
IND423106AAA,0.0,2,1,0.5,16.0,1.4488871635610767,Manmad_Malegaon_D (Maharashtra),0.0,-0.0016339014750703174,-0.0022015648276481367,0.0014748078637692298,-0.0021592702293546464,-0.0010393942060209398,0.0011693261878978122,0.0005908324820180457,0.0021835098117719957,0.0010899756375829163,0.00020037299857815963,0.00041507505737399384,-0.0010942842252790262,-0.0018350686711880084,0.002345657766269229,-0.0019229944010009821,-0.00925784162704205
IND423105AAA,4.013602463622167e-06,2,2,0.2,16.0,1.4736150323106845,Malegaon_Rawlgaon_D (Maharashtra),6.421763941795467e-05,-0.0016339014750703152,-0.0022015648276481384,0.0014748078637692333,-0.0021592702293546386,-0.0010393942060209396,0.0011693261878978054,0.0005908324820180561,0.0021835098117719957,0.001089975637582935,0.00020037299857816312,0.00041507505737398625,-0.0010942842252790591,-0.0018373053594123454,0.002349971113548383,-0.0019267650371624463,-0.009278412729967841
IND402107AAA,3.648729512383788e-07,1,1,0.5,70.0,1.6649305555555556,Pen_BljiMrkt_D (Maharashtra),2.554110658668652e-05,-0.04071929077406575,0.0035781372526164385,-0.003389847989834812,-0.018344253777412986,0.031097847618704006,0.016552876492995205,-0.02054938325981031,0.039702604325145205,-0.00858275758328869,-0.013033562802390566,-0.016578001938078627,0.029154532921966438,2.3683246957206104e-15,3.621456441881535e-15,-3.253054922841763e-15,8.229950915907367e-15
IND402109AAA,3.648729512383788e-07,1,1,0.5,119.0,1.6984126984126984,Roha_DataSagr_D (Maharashtra),4.341988119736708e-05,-0.040719290774065796,0.0035781372526164363,-0.0033898479898348114,-0.01834425377741299,0.031097847618703975,0.016552876492995184,-0.020549383259810317,0.03970260432514518,-0.008582757583288643,-0.013033562802390583,-0.016578001938078676,0.029154532921966365,2.3736781804383486e-15,3.620702604882523e-15,-3.2406871711339204e-15,8.21959308552534e-15
IND402301AAA,3.648729512383788e-07,1,1,0.5,113.0,1.875,Mahad_Govndsgr_D (Maharashtra),4.123064348993681e-05,-0.04071929077406572,0.003578137252616446,-0.00338984798983481,-0.01834425377741302,0.031097847618704016,0.016552876492995156,-0.02054938325981031,0.03970260432514511,-0.008582757583288667,-0.013033562802390519,-0.016578001938078624,0.029154532921966396,2.3717460095044465e-15,3.616079413538916e-15,-3.2493886296358732e-15,8.223313124162294e-15
IND576101AAA,0.0003807629556348,2,1,0.3333333333333333,6.0,1.5964912280701755,Udupi (Karnataka),0.0022845777338092,-0.0016339014750705427,-0.002201564827647363,0.0014748078637688456,-0.002159270229355288,-0.0010393942060207902,0.0011693261878979557,0.0005908324820182848,0.0021835098117720694,0.0010899756375811335,0.00020037299857896256,0.0004150750573750917,-0.0010942842252758564,0.0014533479445142357,0.005420054306466586,0.0007782827367462153,-0.003397485878883031
IND576201AAA,0.0011625212846807,2,1,0.1666666666666666,8.0,2.0434726522187825,Kundapura_DC (Karnataka),0.0093001702774459,-0.0016339014750705449,-0.0022015648276473222,0.0014748078637688337,-0.0021592702293553013,-0.0010393942060207856,0.0011693261878979579,0.0005908324820182902,0.0021835098117720785,0.0010899756375811382,0.00020037299857898045,0.00041507505737504736,-0.0010942842252758382,0.0014304257594181693,0.005430741770417888,0.0007626218103014619,-0.0034507144622381875
IND581320AAA,0.0015038047561362,2,2,0.0,14.0,1.9057486631016043,Bhatkal_KmkshBul_D (Karnataka),0.0210532665859081,-0.0016339014750705394,-0.0022015648276473496,0.0014748078637688451,-0.002159270229355287,-0.0010393942060207934,0.0011693261878979555,0.0005908324820182918,0.0021835098117720724,0.001089975637581134,0.00020037299857898438,0.00041507505737510043,-0.001094284225275859,0.0013754665005953528,0.005355317097713212,0.00072227770843217,-0.003468765680866097
IND581334AAA,0.0004742987745746,2,3,0.125,12.0,1.7952764404423445,Honnavar_Prbhtngr_D (Karnataka),0.0056915852948954,-0.0016339014750705193,-0.002201564827647372,0.0014748078637688712,-0.00215927022935526,-0.0010393942060208112,0.0011693261878979496,0.0005908324820182845,0.0021835098117720664,0.001089975637581156,0.00020037299857904827,0.0004150750573751165,-0.001094284225275921,0.0011738874653185439,0.005154900708808014,0.0005768785395609425,-0.003616334421604128
IND581343AAC,0.0,1,1,1.0,10.0,1.7966666666666666,Kumta_Central_DPP_2 (Karnataka),0.0,-0.0016339014750705071,-0.0022015648276473786,0.0014748078637688807,-0.002159270229355235,-0.001039394206020823,0.0011693261878979492,0.000590832482018278,0.00218350981177206,0.001089975637581158,0.00020037299857905027,0.000415075057375169,-0.001094284225275941,0.0011162374361005914,0.005088502577388428,0.0005351279515327168,-0.0036484675074552084
IND581314AAA,0.0013964126469052,3,2,0.1666666666666666,48.0,1.634992784992785,Ankola_Kakrmath_D (Karnataka),0.0670278070514499,-0.0016339014750704913,-0.0022015648276474354,0.001474807863768913,-0.002159270229355206,-0.0010393942060208342,0.0011693261878979347,0.00059083248201826,0.002183509811772056,0.001089975637581173,0.00020037299857910494,0.00041507505737518755,-0.0010942842252760446,0.0010332592987407783,0.004934340196926492,0.00047458656610401586,-0.0036281066951277447
IND303008AAB,2.736547134287841e-06,1,1,0.0,15.0,1.5555555555555556,Dudu_NrainaRD_D (Rajasthan),4.104820701431761e-05,0.0061902133724995746,-0.004692625825373566,0.013342019140760416,-0.0077941799410994935,-0.009692031391717442,-0.004497363920442511,0.007607952112082363,-0.008988039169708783,0.013518004607779304,-0.002096211131806201,0.009676212933406366,-0.01477423420303011,-1.1196042609744922e-15,-1.922044946725224e-15,1.7131706787425455e-15,-4.121249979812079e-15
IND303338AAB,6.567713122290818e-06,2,1,0.0,0.0,0.0,Phulera_NarenaRD_D (Rajasthan),0.0,0.00619021337249958,-0.004692625825373556,0.013342019140760423,-0.0077941799410995004,-0.00969203139171743,-0.004497363920442508,0.007607952112082361,-0.008988039169708787,0.01351800460777928,-0.0020962111318062085,0.00967621293340637,-0.01477423420303013,-1.1324696815461097e-15,-1.9162066979302856e-15,1.7019212177316301e-15,-4.145599866920145e-15
IND303603AAB,1.5507100427631098e-05,2,2,0.0,40.0,1.4176587301587302,Renwal_ChomuRD_D (Rajasthan),0.0006202840171052,0.006190213372499575,-0.00469262582537356,0.013342019140760417,-0.007794179941099494,-0.009692031391717437,-0.0044973639204425086,0.007607952112082355,-0.008988039169708782,0.01351800460777928,-0.0020962111318062046,0.009676212933406387,-0.014774234203030114,-1.121380060203583e-15,-1.9213577912042918e-15,1.7039816550412326e-15,-4.114693307276108e-15
IND756032AAA,0.0022038326254798,1,1,0.0,63.0,1.9,Jaleswar_NaturDPP_D (Orissa),0.1388414554052279,-0.001633901475070329,-0.002201564827648038,0.001474807863769241,-0.002159270229354757,-0.0010393942060210055,0.0011693261878977972,0.0005908324820181714,0.0021835098117720417,0.001089975637582139,0.0002003729985800653,0.00041507505737624497,-0.0010942842252760067,-0.002078470670359109,-0.003563232245163589,0.005666137693544686,-0.001240628398648992
IND431122AAA,0.0012150269276238,1,1,0.0,14.0,2.1213235294117645,Beed_JalnaRd_D (Maharashtra),0.0170103769867332,-0.0016339014750703484,-0.0022015648276475486,0.0014748078637690939,-0.0021592702293550185,-0.0010393942060209812,0.0011693261878978525,0.0005908324820178733,0.0021835098117720156,0.0010899756375813087,0.00020037299857940594,0.00041507505737567495,-0.0010942842252765457,-0.0002866750288075935,0.003572704387235107,-0.0005644808237045357,-0.00464058621515238
IND431127AAA,0.0012128376899163,1,1,0.0,21.0,2.095238095238096,Georai_Bazarrd_D (Maharashtra),0.0254695914882437,-0.001633901475070354,-0.0022015648276475282,0.0014748078637690848,-0.002159270229355028,-0.001039394206020977,0.0011693261878978607,0.0005908324820178625,0.0021835098117720143,0.0010899756375813059,0.00020037299857941776,0.0004150750573756343,-0.001094284225276516,-0.00028909484920075593,0.003618227270202287,-0.0005721511994786733,-0.004712061256278626
IND414502AAA,0.0012106484522089,1,1,0.0,10.0,1.5091666666666668,Shevgaon_VidyaNgr_D (Maharashtra),0.0121064845220894,-0.0016339014750703564,-0.0022015648276475287,0.001474807863769085,-0.0021592702293550363,-0.0010393942060209814,0.0011693261878978581,0.0005908324820178626,0.002183509811772018,0.0010899756375812976,0.00020037299857938293,0.0004150750573756887,-0.0010942842252765037,-0.00028917525648100535,0.0036197418214563427,-0.0005724064561357487,-0.004714441064394856
IND431107AAB,0.0012084592145015,1,1,0.0,12.0,1.810483870967742,Paithan_SantaNGR_D (Maharashtra),0.0145015105740181,-0.001633901475070346,-0.0022015648276475525,0.0014748078637690932,-0.0021592702293550202,-0.0010393942060209816,0.0011693261878978573,0.0005908324820178703,0.0021835098117720065,0.0010899756375813124,0.00020037299857941874,0.0004150750573756411,-0.0010942842252765525,-0.00028647397803696466,0.0035689214421243663,-0.0005638433942407298,-0.004634645996706149
IND700028AAB,0.0004035494840696,2,1,0.0,19.0,10.752192982456142,CCU_DumDum_DPC (West Bengal),0.0076674401973232,-0.0016339014750702836,-0.0022015648276480677,0.00147480786376926,-0.0021592702293547145,-0.0010393942060210246,0.0011693261878977994,0.0005908324820181231,0.002183509811772029,0.001089975637582274,0.00020037299858004614,0.0004150750573761896,-0.0010942842252759139,-0.002193481690882022,-0.0040742417438867804,0.005930820146392964,-0.0008884410333381471
IND842003AAB,0.01204773997694,5,8,0.0259740259740259,136.0,3.910867000490206,Jabalpur_Adhartal_IP (Madhya Pradesh),1.6384926368638442,-0.0016339014750702972,-0.0022015648276481163,0.00147480786376924,-0.0021592702293547553,-0.0010393942060210176,0.0011693261878977918,0.0005908324820178142,0.0021835098117720087,0.0010899756375827103,0.00020037299858035272,0.00041507505737533614,-0.0010942842252810454,-0.0014118012838582848,0.002189546097130038,-0.004203226347163247,-0.0009840308372786896
IND160055AAA,0.0,2,1,1.0,0.0,0.0,Chandigarh_Mohali (Chandigarh),0.0,-0.0016339014750703616,-0.0022015648276482256,0.001474807863769104,-0.0021592702293549673,-0.0010393942060209483,0.0011693261878978017,0.000590832482018091,0.002183509811772063,0.0010899756375821847,0.0002003729985803726,0.000415075057376393,-0.0010942842252764516,-0.0018188601611444776,0.00047749470117470566,-0.0036133048584574036,-0.0035205735831990736
IND282001AAF,0.0,0,1,0.0,40.0,2.138888888888889,Agra_Central_D_3 (Uttar Pradesh),0.0,-0.0016339014750699694,-0.0022015648276480057,0.0014748078637695828,-0.0021592702293541603,-0.0010393942060211631,0.0011693261878977228,0.0005908324820178371,0.002183509811771827,0.0010899756375818618,0.00020037299857953496,0.0004150750573760347,-0.0010942842252787922,-0.002682397721800389,-0.0019909073252513962,-0.005704606111768742,0.002659282998337758
IND679329AAA,0.0,0,1,0.0,7.0,1.6363636363636365,Nilambur_StteHW28_D (Kerala),0.0,-0.0016339014750715666,-0.002201564827646466,0.001474807863771215,-0.002159270229356021,-0.001039394206021317,0.0011693261879014306,0.0005908324820186941,0.002183509811767544,0.0010899756375845667,0.00020037299857832752,0.00041507505737413685,-0.0010942842252724628,0.0043155353232455585,0.04311525776319096,0.021124943881468274,0.019506044522988927
IND742101AAC,0.0091589191976684,6,6,0.0307692307692307,144.0,2.317996513720198,Baharampur_Chuanpur_I (West Bengal),1.3188843644642634,-0.0016339014750705067,-0.002201564827648074,0.0014748078637692168,-0.002159270229354732,-0.0010393942060209851,0.0011693261878978139,0.0005908324820181812,0.002183509811772151,0.001089975637582635,0.00020037299858054333,0.0004150750573763023,-0.001094284225275494,-0.0024695330012817975,-0.004918650577867867,0.007265702812570257,-0.0011243917248817837
IND391110AAD,0.0,1,2,1.0,20.0,2.2184343434343434,Dabhoi_Central_DPP_3 (Gujarat),0.0,-0.0016339014750701019,-0.002201564827648451,0.0014748078637694421,-0.0021592702293547544,-0.0010393942060212932,0.0011693261878976224,0.0005908324820178993,0.0021835098117719874,0.0010899756375812835,0.00020037299858015803,0.0004150750573761636,-0.0010942842252771518,-0.0014851403645767046,0.0009225285359391518,-0.002570340519153668,-0.003222905891842587
IND523230AAA,0.0,1,1,0.5,57.0,1.3361111111111112,Kanigiri_Tiglgndi_D (Andhra Pradesh),0.0,-0.0016339014750701812,-0.0022015648276484555,0.0014748078637694736,-0.002159270229354276,-0.0010393942060210144,0.0011693261878978015,0.0005908324820179677,0.0021835098117719306,0.0010899756375808937,0.00020037299857943817,0.00041507505737588046,-0.0010942842252773274,-0.0002697612940148283,0.0037751702003812272,3.4806706852935015e-05,-0.004348565335706996
IND523105AAA,0.000808193586993,2,1,0.3333333333333333,0.0,0.0,Kandukur_LICOffce_D (Andhra Pradesh),0.0,-0.0016339014750701801,-0.0022015648276484568,0.001474807863769474,-0.0021592702293542726,-0.0010393942060210137,0.0011693261878978041,0.0005908324820179593,0.002183509811771931,0.0010899756375808908,0.00020037299857944283,0.0004150750573758813,-0.0010942842252773222,-0.0002699619583969368,0.0037793965611494537,3.484823784375648e-05,-0.004354439182625799
IND506002AAA,0.0068519491513055,3,3,0.0,38.0,1.9447167755991288,Warangal_HunterRd_I (Telangana),0.2603740677496096,-0.0016339014750703371,-0.002201564827648137,0.0014748078637693558,-0.0021592702293546386,-0.0010393942060210326,0.0011693261878977994,0.0005908324820179427,0.0021835098117720347,0.0010899756375806248,0.00020037299857990847,0.0004150750573760129,-0.001094284225277465,-0.0004722745642748404,0.00368468252431681,0.00039991837598003744,-0.0050883218203202855
IND506132AAA,0.0012150269276238,1,1,0.0,38.0,1.7894736842105263,Khanpur_Nrsampt_D (Telangana),0.0461710232497044,-0.0016339014750703742,-0.002201564827648138,0.001474807863769365,-0.0021592702293546455,-0.0010393942060210367,0.0011693261878978067,0.0005908324820179423,0.0021835098117720655,0.0010899756375805636,0.0002003729985799426,0.00041507505737605523,-0.001094284225277479,-0.0004805281968389184,0.0037823810282071315,0.0004112378895808392,-0.005251919033081377
IND122001AAJ,0.0012128376899163,1,1,0.0,0.0,0.0,Mahbubabad_Yellanda_D (Telangana),0.0,-0.0016339014750703807,-0.0022015648276481384,0.0014748078637693708,-0.0021592702293546442,-0.0010393942060210378,0.0011693261878978004,0.0005908324820179426,0.0021835098117720672,0.0010899756375805515,0.00020037299857995208,0.0004150750573760445,-0.0010942842252774775,-0.0004826761564060887,0.003807826194896365,0.00041418645551097706,-0.005294547444796457
IND140001AAA,0.0004053738488258,1,1,0.0,38.0,1.707142857142857,RoopNagar_ChotiHvl_DC (Punjab),0.0154042062553818,-0.001633901475070371,-0.002201564827648251,0.0014748078637691006,-0.0021592702293549808,-0.0010393942060209467,0.0011693261878978059,0.0005908324820180787,0.0021835098117720716,0.001089975637582208,0.00020037299858038842,0.00041507505737638467,-0.001094284225276433,-0.001829059619144431,0.00048153487695477425,-0.003645906151767138,-0.0035565717491106742
IND140118AAA,0.0004031846111184,1,1,0.0,85.0,1.5416666666666667,AnandprShb_PnjPiara_D (Punjab),0.0342706919450647,-0.0016339014750703618,-0.002201564827648259,0.0014748078637691103,-0.0021592702293549626,-0.001039394206020954,0.0011693261878978022,0.0005908324820180823,0.0021835098117720633,0.0010899756375822003,0.0002003729985803654,0.00041507505737642077,-0.0010942842252764334,-0.0018193817339673892,0.00047770602568531146,-0.0036150175784442876,-0.0035224824493522004
IND683572AAA,0.0,0,1,0.0,22.0,1.5104166666666663,Angamaly_CivilStn_D (Kerala),0.0,-0.001633901475070229,-0.0022015648276481293,0.0014748078637692738,-0.0021592702293547006,-0.0010393942060210075,0.0011693261878977504,0.0005908324820182952,0.0021835098117721323,0.0010899756375820887,0.00020037299857769122,0.00041507505737432403,-0.001094284225279446,0.003296509827697027,0.02814093045711477,0.01334087382023888,0.011449085609379985
IND680307AAA,0.0004042792299721,1,2,0.1666666666666666,25.0,1.6294261294261294,Chalakudy_SurbhiTh_D (Kerala),0.010106980749303,-0.001633901475070228,-0.0022015648276481293,0.0014748078637692715,-0.0021592702293546993,-0.0010393942060210085,0.0011693261878977484,0.0005908324820183027,0.0021835098117721262,0.0010899756375820874,0.0002003729985777135,0.000415075057374376,-0.0010942842252794273,0.003283083633848526,0.027968660428707725,0.013253852863902679,0.011364588798808998
IND680712AAA,0.0,1,1,0.5,36.0,1.4852941176470589,Irinjlkuda_Greens_D (Kerala),0.0,-0.001633901475070224,-0.0022015648276481206,0.0014748078637692734,-0.0021592702293546976,-0.0010393942060210127,0.0011693261878977508,0.0005908324820183129,0.0021835098117721262,0.0010899756375820822,0.0002003729985777283,0.0004150750573743832,-0.0010942842252794167,0.0032760821805508707,0.027878792666576665,0.01320845355768141,0.011320499588243872
IND151302AAA,0.0008103828247004,1,1,0.0,0.0,0.0,TalwandiSabo_Wardno3_D (Punjab),0.0,-0.0016339014750704312,-0.002201564827648433,0.0014748078637689356,-0.0021592702293552314,-0.0010393942060208737,0.0011693261878978124,0.000590832482018138,0.0021835098117720833,0.0010899756375824486,0.00020037299858069704,0.00041507505737638326,-0.0010942842252761884,-0.0019992938531140005,0.0005522477929665159,-0.004221991671611465,-0.004206013804077199
IND151506AAA,0.0008060043492855,1,1,0.0,0.0,0.0,Jhunir_BhaRDDPP_D (Punjab),0.0,-0.0016339014750704438,-0.002201564827648447,0.0014748078637689308,-0.0021592702293552384,-0.0010393942060208763,0.001169326187897808,0.0005908324820181274,0.002183509811772095,0.0010899756375824627,0.00020037299858069192,0.0004150750573763836,-0.0010942842252761958,-0.0020041299730269133,0.0005542635898200997,-0.004238425390911532,-0.004224567948494546
IND246001AAA,0.0,0,1,0.0,12.0,1.2886424731182795,Pauri_Khndyusn_D (Uttarakhand),0.0,-0.001633901475070343,-0.002201564827647432,0.0014748078637696956,-0.002159270229353934,-0.0010393942060211488,0.0011693261878977768,0.0005908324820179141,0.0021835098117720516,0.0010899756375821125,0.00020037299858070327,0.0004150750573791563,-0.0010942842252755034,-0.002674743063514915,-0.0009399328257364653,-0.004992187083652802,-0.0034405174066554204
IND804452AAA,0.0,0,1,0.0,6.0,2.962121212121212,Masaurhi_Blockrd_D (Bihar),0.0,-0.0052829982241302306,-0.006694182519287409,0.0019786983299977827,-0.00926787790707216,0.011517427450346788,0.005427518585444589,0.00727790652995428,0.007185791198337053,0.0003897149233329198,-0.010245314783745865,0.002782331234496719,-0.000616593447387475,-4.885222044670033e-16,-7.070604056927312e-16,-1.864663935183967e-17,-1.1691946836829197e-15
IND804420AAA,1.4594918049535152e-06,1,1,0.0,33.0,2.625,Jehanabad_Madarpur_D (Bihar),4.8163229563466e-05,-0.0052829982241302175,-0.006694182519287422,0.0019786983299977853,-0.009267877907072158,0.011517427450346774,0.005427518585444601,0.007277906529954294,0.007185791198337067,0.00038971492333290323,-0.010245314783745968,0.002782331234496792,-0.0006165934473874669,-4.934987293167566e-16,-7.331649544093374e-16,-2.01822184647215e-17,-1.1757059629266853e-15
IND803116AAA,1.4594918049535152e-06,1,1,0.0,26.0,2.414285714285714,Rajgir_PnditNGR_D (Bihar),3.79467869287914e-05,-0.005282998224130221,-0.006694182519287417,0.0019786983299977844,-0.009267877907072163,0.011517427450346757,0.005427518585444595,0.00727790652995434,0.007185791198337056,0.00038971492333291543,-0.010245314783745926,0.0027823312344967674,-0.0006165934473874664,-5.221555636888471e-16,-7.435996903764892e-16,2.149592252694348e-17,-1.1942179181635268e-15
IND843329AAB,0.0,1,1,0.5,13.0,2.776315789473684,Sheohar_Ward9DPP_D (Bihar),0.0,-0.001633901475070345,-0.0022015648276480383,0.001474807863769153,-0.002159270229354843,-0.0010393942060209732,0.0011693261878978026,0.0005908324820180069,0.0021835098117720495,0.0010899756375812608,0.0002003729985724138,0.00041507505737236716,-0.0010942842252786998,-0.003935707821697757,-0.0025058503112504265,-0.015035574147766316,-0.01300743535533335
IND135001AAA,0.0008085584599442,2,1,0.1666666666666666,36.0,2.1589473684210527,YamunaNagar_DC (Haryana),0.0291081045579929,-0.00163390147507037,-0.0022015648276482477,0.0014748078637691051,-0.0021592702293549626,-0.0010393942060209463,0.0011693261878978065,0.0005908324820180751,0.0021835098117720625,0.001089975637582192,0.00020037299858036525,0.0004150750573764094,-0.0010942842252764423,-0.0018166406287190352,0.0004766067150065084,-0.0036061254460678527,-0.003512612924716643
IND173025AAA,0.0008063692222368,1,1,0.5,44.0,2.163440860215053,PaontSahib_Gurudwar_D (Himachal Pradesh),0.0354802457784199,-0.0016339014750703653,-0.002201564827648236,0.0014748078637691084,-0.0021592702293549626,-0.0010393942060209422,0.0011693261878978028,0.0005908324820180843,0.002183509811772063,0.0010899756375821914,0.00020037299858035495,0.00041507505737641703,-0.0010942842252764536,-0.0018122137063373144,0.0004748572381681057,-0.003592014961000995,-0.0034970476622716985
IND731237AAB,0.0016193061575959,2,1,0.0,45.0,3.35,Morgram_Kntgorya_D (West Bengal),0.0728687770918166,-0.0016339014750705178,-0.0022015648276480777,0.0014748078637692133,-0.0021592702293547358,-0.0010393942060209814,0.0011693261878978115,0.0005908324820181945,0.002183509811772154,0.0010899756375826776,0.00020037299858059277,0.0004150750573763309,-0.00109428422527546,-0.0024987834481764635,-0.005007334023154411,0.007405647409220977,-0.0011490321739670915
IND731224AAA,0.0016171169198884,1,1,0.0,33.0,2.113636363636364,Rampurhat_SrifoDPP_D (West Bengal),0.0533648583563203,-0.0016339014750705301,-0.002201564827648075,0.0014748078637692116,-0.002159270229354735,-0.0010393942060209801,0.0011693261878978178,0.0005908324820181989,0.0021835098117721705,0.001089975637582723,0.0002003729985806248,0.0004150750573763414,-0.0010942842252754305,-0.002521727229569851,-0.005076796243304963,0.007515222446704582,-0.001168309558865864
IND506143AAA,0.0036045798852839,1,1,0.0,25.0,2.078125,Ghanpur_Palakrty_D (Telangana),0.0901144971320985,-0.0016339014750702979,-0.0022015648276481298,0.0014748078637693465,-0.0021592702293546334,-0.0010393942060210346,0.0011693261878977837,0.0005908324820179468,0.002183509811772013,0.0010899756375807139,0.00020037299857986104,0.00041507505737600493,-0.0010942842252774376,-0.00046284427777460856,0.0035716653923260617,0.0003867914195171465,-0.00489757766401651
IND506167AAB,0.0036023906475765,1,1,0.0,76.0,1.775,Jangaon_Hanmkond_D (Telangana),0.273781689215815,-0.0016339014750702482,-0.002201564827648118,0.001474807863769317,-0.0021592702293546616,-0.0010393942060210246,0.001169326187897786,0.0005908324820179672,0.0021835098117719783,0.001089975637580832,0.00020037299857982033,0.0004150750573759224,-0.0010942842252774142,-0.0004480273163818777,0.0033956501873749715,0.00036638276549600947,-0.004602130304538795
IND533201AAA,0.000403367047594,3,2,0.375,20.0,4.229134491634492,Amalapuram_Vijdurg_D (Andhra Pradesh),0.0080673409518805,-0.001633901475070161,-0.00220156482764791,0.0014748078637692023,-0.002159270229354944,-0.0010393942060211317,0.0011693261878977575,0.0005908324820181266,0.0021835098117719744,0.001089975637580364,0.0002003729985795516,0.0004150750573763384,-0.0010942842252782488,-0.00044641285803340884,0.00401681867171782,0.000636132089594387,-0.005551073314956284
IND533262AAA,0.0008056394763343,2,2,0.5,24.0,1.870564892623716,Draksharamam_Anaipeta_D (Andhra Pradesh),0.0193353474320241,-0.0016339014750701597,-0.002201564827647903,0.001474807863769201,-0.002159270229354939,-0.0010393942060211271,0.0011693261878977586,0.0005908324820181226,0.0021835098117719796,0.0010899756375803758,0.00020037299857958503,0.00041507505737629934,-0.001094284225278262,-0.0004463532941111837,0.004016021533937203,0.0006359978553008292,-0.005549753895170351
IND503111AAC,0.004031846111184,3,3,0.3076923076923077,142.0,1.52996632996633,Kamareddy_Devenply_I (Telangana),0.5725221477881401,-0.0016339014750702881,-0.0022015648276480842,0.001474807863769262,-0.002159270229354747,-0.0010393942060210268,0.001169326187897792,0.0005908324820178246,0.0021835098117720148,0.0010899756375804114,0.00020037299858135255,0.000415075057375486,-0.001094284225277211,-0.0005150312865343247,0.004325124060009303,0.00047802190772587176,-0.006356734675317693
IND503185AAA,0.0016193061575959,1,1,0.0,38.0,1.606060606060606,Bodhan_SuryaDPP_D (Telangana),0.0615336339886451,-0.001633901475070275,-0.002201564827648086,0.0014748078637692604,-0.00215927022935476,-0.0010393942060210248,0.0011693261878978002,0.0005908324820178016,0.002183509811772012,0.0010899756375803444,0.00020037299858146655,0.0004150750573754497,-0.0010942842252771908,-0.0005252295445801461,0.004455705894633162,0.0004934435245814851,-0.006590180961075738
IND503187AAA,0.0016171169198884,1,1,0.0,40.0,1.5951086956521738,Banswada_Menagrdn_D (Telangana),0.0646846767955398,-0.0016339014750702794,-0.0022015648276480808,0.0014748078637692606,-0.0021592702293547557,-0.001039394206021026,0.0011693261878978052,0.0005908324820177838,0.002183509811772013,0.0010899756375803134,0.00020037299858155407,0.0004150750573754184,-0.0010942842252771809,-0.0005317576712877131,0.004539531469546625,0.0005033487696799726,-0.0067403011001426595
IND503122AAA,0.001614927682181,1,1,0.0,38.0,1.5788177339901477,Yellareddy_JKRoad_D (Telangana),0.0613672519228804,-0.0016339014750702814,-0.0022015648276480816,0.0014748078637692606,-0.002159270229354759,-0.001039394206021028,0.0011693261878978057,0.0005908324820177849,0.0021835098117720156,0.0010899756375802845,0.00020037299858159283,0.00041507505737542764,-0.0010942842252771889,-0.0005339842099599722,0.004568162582732329,0.0005067329106556393,-0.006791620551702985
IND502110AAA,0.0016127384444736,1,1,0.0,38.0,1.2857142857142858,Medak_Dwaraka_D (Telangana),0.061284060889998,-0.0016339014750702766,-0.002201564827648079,0.0014748078637692613,-0.002159270229354763,-0.0010393942060210257,0.0011693261878978085,0.0005908324820177929,0.0021835098117720143,0.0010899756375802926,0.00020037299858155047,0.00041507505737546434,-0.0010942842252771956,-0.0005318616056922022,0.004540870827948641,0.0005035071457646101,-0.006742704986722597
IND603001AAA,0.0004053738488258,1,1,0.5,0.0,0.0,Chennai_Chnglptu_DC (Tamil Nadu),0.0,-0.0016339014750701556,-0.002201564827649141,0.0014748078637697756,-0.0021592702293536446,-0.001039394206020985,0.0011693261878977996,0.0005908324820181371,0.0021835098117718764,0.0010899756375806551,0.0002003729985790231,0.00041507505737602943,-0.001094284225277317,0.00038983203857836316,0.005088375936370871,0.000498234516869574,-0.004201281284389018
IND603301AAA,0.0004031846111184,1,1,0.5,112.0,1.6666666666666667,Malemruvathur_Achipkam_D (Tamil Nadu),0.0451566764452617,-0.001633901475070169,-0.0022015648276491264,0.0014748078637697758,-0.002159270229353644,-0.0010393942060209858,0.001169326187897805,0.0005908324820181435,0.0021835098117718847,0.0010899756375806486,0.00020037299857902,0.0004150750573760289,-0.001094284225277315,0.0003899341878656493,0.005090383112193717,0.0004984439960051592,-0.004203281154539666
IND802213AAB,0.000808193586993,1,1,0.0,5.0,3.5,Dinara_Wardno7_D (Bihar),0.004040967934965,-0.0016339014750701244,-0.0022015648276480755,0.0014748078637693387,-0.0021592702293545644,-0.001039394206021046,0.001169326187897774,0.0005908324820180381,0.002183509811771908,0.0010899756375819377,0.00020037299857969478,0.00041507505737558437,-0.0010942842252780406,-0.002601304069880817,-0.003302144571257215,-0.0013302578323191126,0.0029761016902637564
IND802212AAA,0.0008060043492855,1,1,0.0,14.0,1.7727272727272727,Bikramgang_Dehrird_D (Bihar),0.0112840608899981,-0.0016339014750701203,-0.0022015648276480747,0.0014748078637693367,-0.0021592702293545657,-0.0010393942060210391,0.0011693261878977755,0.0005908324820180443,0.0021835098117719094,0.0010899756375819375,0.00020037299857969808,0.0004150750573755979,-0.001094284225278043,-0.00258683440367126,-0.0032745288548353354,-0.0013184032042970239,0.0029460907056174657
IND560064AAD,0.0,0,1,0.0,82.0,2.1117424242424243,Bengaluru_Bagaluru_D (Karnataka),0.0,-0.0016339014750703545,-0.0022015648276480578,0.0014748078637692188,-0.0021592702293547032,-0.001039394206020938,0.001169326187897826,0.000590832482018202,0.0021835098117720365,0.0010899756375811929,0.0002003729985791842,0.00041507505737568026,-0.0010942842252768953,0.0018869166088995002,0.006013378286660997,0.0015046055557857631,-0.001946659871528584
IND562108AAA,0.0,1,1,0.5,14.0,1.85,Gauribidanur_Gurukrpa_D (Karnataka),0.0,-0.001633901475070421,-0.0022015648276479454,0.0014748078637691717,-0.0021592702293547965,-0.0010393942060209012,0.0011693261878978828,0.0005908324820184655,0.002183509811772072,0.0010899756375810912,0.00020037299857921407,0.00041507505737565197,-0.001094284225276709,0.00203313572615608,0.0055200528898574144,0.0011841907051826823,-0.0024308477128502045
IND143001AAA,0.0,3,1,1.0,76.0,2.072916666666667,Amritsar_DPC (Punjab),0.0,-0.0016339014750703918,-0.0022015648276482967,0.001474807863769061,-0.0021592702293550415,-0.0010393942060209311,0.0011693261878977872,0.000590832482018082,0.00218350981177207,0.0010899756375822682,0.00020037299858046334,0.00041507505737639546,-0.0010942842252763731,-0.001871864137683667,0.000499305047953581,-0.0037906502707547927,-0.00371967084115076
IND110078AAA,0.0,1,1,0.0,28.0,2.500452488687783,Janakpuri (Delhi),0.0,-0.0016339014750701853,-0.0022015648276481024,0.0014748078637693606,-0.002159270229354581,-0.0010393942060209797,0.001169326187897763,0.0005908324820180318,0.0021835098117719536,0.001089975637581764,0.00020037299857920878,0.0004150750573757167,-0.0010942842252774808,-0.0019874992382941646,-0.0006458481190909587,-0.0031518467582611967,-0.0013954633657905966
IND144401AAB,0.0,1,1,0.0,34.0,1.91875,Phagwara_Lovely_D (Punjab),0.0,-0.001633901475070402,-0.002201564827648319,0.0014748078637690524,-0.00215927022935506,-0.0010393942060209287,0.001169326187897789,0.000590832482018083,0.002183509811772074,0.0010899756375822983,0.0002003729985804851,0.0004150750573764096,-0.0010942842252763246,-0.0018916895521025525,0.0005072969414735209,-0.0038553678647905766,-0.003791683942250401
IND632006AAA,0.0032745523008888,4,5,0.1617647058823529,129.0,1.8947271632371832,Vellore_GndhiNgr_IP (Tamil Nadu),0.4224172468146592,-0.0016339014750702092,-0.002201564827648514,0.0014748078637693703,-0.002159270229354306,-0.0010393942060209751,0.0011693261878976931,0.0005908324820181797,0.0021835098117719367,0.0010899756375810545,0.00020037299857917268,0.0004150750573758071,-0.0010942842252771106,0.001219255325886824,0.005412764129183202,0.0009949025798648235,-0.002913463034704076
IND632301AAA,0.0008103828247004,1,2,0.0,18.0,3.020361801940749,Arani_KrthiKyn_D (Tamil Nadu),0.0145868908446079,-0.0016339014750701994,-0.0022015648276485435,0.001474807863769356,-0.002159270229354291,-0.0010393942060209754,0.0011693261878976669,0.0005908324820181717,0.0021835098117719246,0.0010899756375810585,0.000200372998579159,0.0004150750573757906,-0.001094284225277108,0.0012281625691815347,0.005472452125339164,0.001006602404854523,-0.002952297227880433
IND606803AAA,0.0004053738488258,1,1,0.0,22.0,1.3298336627140974,Polur_StationRD_D (Tamil Nadu),0.0089182246741684,-0.001633901475070182,-0.0022015648276485626,0.0014748078637693588,-0.002159270229354269,-0.0010393942060209747,0.0011693261878976454,0.0005908324820181678,0.0021835098117719146,0.001089975637581069,0.00020037299857915907,0.000415075057375792,-0.0010942842252771045,0.0012337998829021288,0.005510298479517428,0.0010140236172172835,-0.002976949024914176
IND606801AAB,0.0004031846111184,1,1,0.0,39.0,2.1166666666666667,Chetpet_Blmrgnst_D (Tamil Nadu),0.0157241998336179,-0.0016339014750701877,-0.002201564827648543,0.0014748078637693742,-0.002159270229354286,-0.001039394206020974,0.0011693261878976534,0.0005908324820181821,0.002183509811771922,0.001089975637581065,0.0002003729985791642,0.00041507505737578207,-0.0010942842252771048,0.0012296721666509621,0.005482596204143053,0.0010085918950969884,-0.002958908472189687
IND507159AAA,0.0,2,2,1.0,11.0,2.111111111111111,Kusumnchi_SKRoad_D (Telangana),0.0,-0.0016339014750701626,-0.0022015648276481675,0.0014748078637693445,-0.0021592702293545024,-0.0010393942060210226,0.0011693261878977894,0.0005908324820178831,0.0021835098117719194,0.0010899756375810075,0.00020037299857960362,0.00041507505737574304,-0.0010942842252773186,-0.0006268445635922064,0.0032109508724888344,-0.0002796197823932991,-0.004580840692262394
IND585104AAA,0.0064473050483821,5,5,0.0,309.0,1.6316991341991345,Gulbarga_Nehrugnj_I (Karnataka),1.9922172599500856,-0.001633901475070199,-0.0022015648276481324,0.0014748078637693168,-0.002159270229354589,-0.0010393942060210168,0.0011693261878977978,0.0005908324820178704,0.002183509811771952,0.0010899756375808301,0.00020037299857975232,0.0004150750573757874,-0.0010942842252773984,-0.00046770769976523283,0.003623151674450663,0.00039260638049880823,-0.004976761370559808
IND585211AAA,0.0004039143570208,2,2,0.0,60.0,1.6071428571428572,Chittapur_GlbrgaRD_D (Karnataka),0.0242348614212531,-0.0016339014750701966,-0.00220156482764813,0.001474807863769311,-0.0021592702293545788,-0.0010393942060210155,0.0011693261878977965,0.0005908324820178622,0.002183509811771944,0.0010899756375808158,0.00020037299857976574,0.00041507505737579183,-0.0010942842252774085,-0.0004725743067160987,0.0036801400952683463,0.0003991937530549009,-0.005071466404172358
IND142401AAA,0.0,2,1,0.5,12.0,1.7086397058823528,Khanna_DC (Punjab),0.0,-0.0016339014750704074,-0.002201564827648371,0.001474807863769005,-0.0021592702293551256,-0.001039394206020931,0.001169326187897771,0.0005908324820180881,0.0021835098117720833,0.0010899756375823764,0.00020037299858057512,0.0004150750573764142,-0.0010942842252762831,-0.0019355448948873417,0.0005253717377844833,-0.004002388255363207,-0.003956860505357164
IND201001AAC,5.091518278193721e-05,2,2,0.5,4.0,1.5520833333333337,Ghaziabad_Central_L_8 (Uttar Pradesh),0.0002036607311277,-0.001633901475070168,-0.002201564827648065,0.001474807863769364,-0.0021592702293545675,-0.0010393942060210582,0.001169326187897773,0.000590832482018039,0.0021835098117719484,0.0010899756375817218,0.0002003729985794481,0.0004150750573759121,-0.001094284225277511,-0.0021231441897905825,-0.0011213394538577355,-0.0029230205062823235,-0.0008511867925805928
IND411036AAA,0.0,1,1,0.0,99.0,2.520475357975358,Pune_Mundhawa_L (Maharashtra),0.0,-0.001633901475070293,-0.002201564827647852,0.0014748078637691901,-0.0021592702293548433,-0.0010393942060209983,0.0011693261878978026,0.0005908324820180205,0.0021835098117719883,0.001089975637581328,0.00020037299857952247,0.00041507505737561765,-0.0010942842252768818,-0.00025831997917220005,0.0030419755052818,-0.0004751449677014352,-0.003809905444075352
IND415003AAA,0.0011544194831006,1,2,0.1666666666666666,10.0,1.3571428571428572,Satara_DC (Maharashtra),0.0115441948310068,-0.0016339014750702794,-0.002201564827647881,0.0014748078637692107,-0.002159270229354843,-0.0010393942060210211,0.0011693261878977978,0.000590832482018071,0.0021835098117720044,0.001089975637581313,0.00020037299857956597,0.0004150750573757042,-0.0010942842252768398,-7.824097790555308e-05,0.003221548495045743,-0.00044470815947759485,-0.003684090553362056
IND421802AAA,0.0004031846111184,1,1,0.0,28.0,1.3708333333333331,Khandala_Satara_D (Maharashtra),0.0112891691113154,-0.0016339014750702703,-0.002201564827647855,0.0014748078637692053,-0.0021592702293548394,-0.0010393942060210133,0.0011693261878977929,0.000590832482018035,0.0021835098117719922,0.0010899756375813223,0.00020037299857954933,0.00041507505737565815,-0.0010942842252768556,-0.0002072351155925444,0.003116287644859262,-0.0004698882517992676,-0.003806140757483134
IND285205AAB,0.0016127384444736,1,1,0.0,15.0,1.8387096774193548,Konch_Central_D_2 (Uttar Pradesh),0.0241910766671045,-0.0016339014750701695,-0.0022015648276480695,0.0014748078637693304,-0.0021592702293545883,-0.0010393942060210539,0.001169326187897777,0.0005908324820179748,0.002183509811771942,0.001089975637581584,0.0002003729985795619,0.00041507505737530773,-0.0010942842252804521,-0.002998740648711591,-0.003437932448959957,-0.0074786264623024025,0.00981522017751015
IND210431AAA,0.0016105492067662,1,1,0.0,25.0,2.4285714285714284,Rath_Mughlpra_D (Uttar Pradesh),0.0402637301691551,-0.0016339014750701775,-0.002201564827648038,0.0014748078637693272,-0.002159270229354592,-0.0010393942060210476,0.001169326187897776,0.0005908324820180017,0.002183509811771944,0.0010899756375815659,0.00020037299857954524,0.00041507505737532557,-0.001094284225280397,-0.0029634697872939508,-0.0033770935630062014,-0.007337580936747263,0.009605688380123115
IND110093AAA,0.0,1,1,0.0,2.0,1.6111111111111112,Delhi_Shahdara (Delhi),0.0,-0.0016339014750701632,-0.0022015648276480578,0.0014748078637693725,-0.0021592702293545597,-0.0010393942060210899,0.0011693261878977705,0.0005908324820180081,0.0021835098117719406,0.0010899756375817487,0.00020037299857949878,0.0004150750573759467,-0.0010942842252774985,-0.0021730462621530324,-0.0012316498592914575,-0.00293169286318632,-0.0007642074673463961
IND400016AAB,0.0,0,2,0.0,26.0,2.498931623931624,Mumbai_MhimWest_C (Maharashtra),0.0,-0.0016339014750702062,-0.002201564827647926,0.0014748078637692725,-0.0021592702293547553,-0.001039394206021063,0.0011693261878977664,0.0005908324820179585,0.0021835098117719658,0.0010899756375817588,0.0002003729985797126,0.0004150750573754876,-0.0010942842252771943,-0.0011866747694245416,0.0014543731262159753,-0.0009277526487087328,-0.004035791028447584
IND123401AAB,0.0016134681903761,1,2,0.0,39.0,1.8854515050167224,Rewari_YuktiDPP_D (Haryana),0.0629252594246683,-0.0016339014750701806,-0.002201564827648096,0.001474807863769357,-0.0021592702293545775,-0.0010393942060210875,0.001169326187897765,0.0005908324820180238,0.002183509811771956,0.0010899756375816136,0.00020037299857932718,0.00041507505737578885,-0.0010942842252776057,-0.0019891908581916836,-0.0006467245023898402,-0.0031564557494590854,-0.0013978280431600027
IND110024AAA,0.0004061035947283,3,1,0.1,13.0,2.103174603174604,Delhi_Lajpat_IP (Delhi),0.0052793467314681,-0.001633901475070178,-0.0022015648276480634,0.0014748078637693706,-0.0021592702293545592,-0.0010393942060210558,0.0011693261878977703,0.0005908324820180367,0.002183509811771951,0.0010899756375817489,0.0002003729985794589,0.0004150750573759146,-0.001094284225277494,-0.0021608653816036446,-0.0012073214171414506,-0.002925772298264777,-0.0007809196941426758
IND110014AAA,0.0,1,1,0.0,20.0,2.784090909090909,Delhi_Bhogal (Delhi),0.0,-0.0016339014750701676,-0.0022015648276480612,0.0014748078637693758,-0.0021592702293545575,-0.0010393942060210421,0.0011693261878977731,0.0005908324820180358,0.0021835098117719475,0.0010899756375817393,0.00020037299857945408,0.0004150750573759168,-0.0010942842252775044,-0.002169702255935673,-0.0012147577866936418,-0.0029449820711535636,-0.0007867259071641363
IND134203AAA,0.0004053738488258,1,2,0.5,61.0,1.7665343915343914,Naraingarh_Ward2DPP_D (Haryana),0.0247278047783761,-0.0016339014750703673,-0.0022015648276482486,0.0014748078637691112,-0.0021592702293549543,-0.0010393942060209515,0.0011693261878977996,0.0005908324820180761,0.002183509811772059,0.0010899756375821888,0.00020037299858033882,0.00041507505737640554,-0.001094284225276457,-0.0018083675521826307,0.0004733307913985789,-0.0035796930368026023,-0.003483431012824638
IND140501AAA,0.0,1,1,1.0,0.0,0.0,Lalru_OnkarDPP_D (Punjab),0.0,-0.0016339014750703631,-0.0022015648276482364,0.0014748078637691101,-0.0021592702293549613,-0.001039394206020947,0.0011693261878978035,0.0005908324820180794,0.002183509811772055,0.0010899756375821713,0.0002003729985803591,0.00041507505737638716,-0.0010942842252764612,-0.0018100196710955961,0.00047398176597509233,-0.0035849404475186038,-0.0034892122127978373
IND583201AAA,0.0020206664039581,3,3,0.1538461538461538,72.0,2.386077158135982,Hospet (Karnataka),0.1454879810849862,-0.0016339014750705563,-0.0022015648276479125,0.0014748078637691511,-0.0021592702293548793,-0.0010393942060208797,0.001169326187897893,0.000590832482018169,0.002183509811772145,0.0010899756375808733,0.0002003729985793058,0.0004150750573758035,-0.0010942842252765566,0.0020953447067852144,0.00578618587995886,0.0012456092949408538,-0.0025764968761636383
IND583227AAA,0.0004053738488258,1,2,0.5,78.0,2.077777777777778,Gangavathi_PhrmPlza_D (Karnataka),0.0316191602084154,-0.0016339014750705659,-0.0022015648276479008,0.0014748078637691474,-0.0021592702293548897,-0.0010393942060208778,0.0011693261878978913,0.0005908324820181665,0.0021835098117721522,0.0010899756375808475,0.00020037299857931493,0.00041507505737581357,-0.0010942842252765295,0.002109052561075905,0.005843270746937799,0.0012587120210235388,-0.002607204383698066
IND583231AAA,0.0,1,1,1.0,45.0,2.379464285714286,Koppal_Banikatt_D (Karnataka),0.0,-0.001633901475070566,-0.0022015648276479025,0.0014748078637691448,-0.0021592702293548867,-0.0010393942060208784,0.0011693261878978928,0.0005908324820181693,0.0021835098117721535,0.0010899756375808464,0.0002003729985793113,0.00041507505737581416,-0.0010942842252765251,0.0021094191989153126,0.005844799874676651,0.001259063106451084,-0.002608027706523728
IND421302AAF,0.0,1,1,0.0,12.0,2.9444444444444446,Mumbai_Kalyan (Maharashtra),0.0,-0.00163390147507015,-0.002201564827647807,0.0014748078637692775,-0.0021592702293547947,-0.001039394206021103,0.001169326187897785,0.000590832482017806,0.002183509811771928,0.0010899756375818183,0.00020037299857983388,0.00041507505737532345,-0.001094284225277226,-0.0012554666959841425,0.0016617798284729417,-0.0010345020880338442,-0.004617306784278765
IND845401AAA,0.000808193586993,2,1,0.3333333333333333,44.0,2.585139318885449,Motihari_RajaBzr_D (Bihar),0.0355605178276923,-0.0016339014750703406,-0.002201564827648043,0.001474807863769154,-0.002159270229354836,-0.0010393942060209725,0.0011693261878978041,0.0005908324820180001,0.0021835098117720404,0.001089975637581261,0.00020037299857244575,0.00041507505737239264,-0.0010942842252786658,-0.003925794348829481,-0.0024963139724568624,-0.01497454230968749,-0.012947566270506595
IND845305AAA,0.0008060043492855,1,1,0.5,113.0,2.6787280701754383,Raxaul_KairiyaT_D (Bihar),0.0910784914692704,-0.001633901475070333,-0.00220156482764804,0.001474807863769156,-0.002159270229354835,-0.0010393942060209715,0.0011693261878978022,0.0005908324820180008,0.002183509811772039,0.0010899756375812688,0.00020037299857245892,0.00041507505737240917,-0.001094284225278672,-0.003920290648015212,-0.002491048174405386,-0.014940877359812964,-0.01291461764567693
IND505209AAA,0.0004053738488258,2,2,0.7,19.0,1.5752297410192149,Ramagundam_Pdmavati_D (Telangana),0.0077021031276909,-0.001633901475070313,-0.0022015648276480595,0.001474807863769229,-0.0021592702293548463,-0.0010393942060210248,0.0011693261878977822,0.0005908324820176916,0.0021835098117720477,0.0010899756375799155,0.00020037299858284674,0.0004150750573751784,-0.0010942842252770445,-0.0005851813830292673,0.0052912112532094106,0.0005938634777366023,-0.008170254601647144
IND843320AAA,0.0012106484522089,2,1,0.3333333333333333,8.0,2.425,Pupri_SngihiRD_D (Bihar),0.0096851876176715,-0.0016339014750703376,-0.0022015648276480404,0.0014748078637691487,-0.002159270229354836,-0.0010393942060209756,0.0011693261878977996,0.000590832482017997,0.0021835098117720456,0.0010899756375812592,0.00020037299857246426,0.0004150750573723955,-0.0010942842252786693,-0.003923178327027024,-0.0024938098633980007,-0.014958531806975178,-0.012931893581628983
IND713103AAA,0.0,1,1,1.0,15.0,1.8333333333333333,Bardhaman_Bankura_D (West Bengal),0.0,-0.0016339014750702539,-0.0022015648276480725,0.0014748078637692834,-0.0021592702293547076,-0.0010393942060210363,0.0011693261878977907,0.0005908324820181171,0.0021835098117720044,0.0010899756375827676,0.00020037299857977818,0.00041507505737686817,-0.0010942842252746356,-0.002444569157583615,-0.0049281908297061985,0.007314332832166088,-0.0011475522053138916
IND713364AAB,0.0004031846111184,1,1,0.0,52.0,1.719607843137255,Rupnarayanpur_Salanpur_D (West Bengal),0.0209655997781572,-0.0016339014750702677,-0.0022015648276480764,0.0014748078637692751,-0.0021592702293547136,-0.0010393942060210352,0.001169326187897793,0.0005908324820181026,0.002183509811772003,0.0010899756375827203,0.00020037299857982214,0.0004150750573767597,-0.0010942842252747878,-0.002421742120416517,-0.004844976106454442,0.007177732297484483,-0.00112125345966927
IND421401AAC,0.0004053738488258,1,1,0.5,26.0,3.273109243697479,Murbad_SnkunDPP_D (Maharashtra),0.0105397200694718,-0.0016339014750702268,-0.0022015648276479728,0.001474807863769283,-0.002159270229354731,-0.0010393942060210732,0.0011693261878977697,0.0005908324820179812,0.0021835098117719757,0.00108997563758178,0.00020037299857971478,0.00041507505737558507,-0.0010942842252772533,-0.0012355654191839366,0.001189265831425168,-0.0009120349196727994,-0.0037415547979557733
IND421601AAB,0.0004031846111184,1,1,0.5,61.0,2.125,Asangaon_Shahapur_D (Maharashtra),0.0245942612782229,-0.0016339014750702244,-0.0022015648276479693,0.0014748078637692843,-0.002159270229354731,-0.0010393942060210734,0.0011693261878977681,0.0005908324820179825,0.0021835098117719757,0.0010899756375817814,0.0002003729985797135,0.00041507505737558507,-0.0010942842252772518,-0.0012357413965577392,0.0011895207596369808,-0.0009122432878715772,-0.0037425225029342536
IND560300AAB,5.169033475877033e-06,3,4,0.1842105263157894,129.0,1.547222222222222,Bangalore_East_I_20 (Karnataka),0.0006668053183881,-0.0016339014750704033,-0.0022015648276480335,0.0014748078637692342,-0.0021592702293547084,-0.0010393942060209155,0.0011693261878979175,0.0005908324820181911,0.0021835098117720855,0.001089975637581102,0.00020037299857914414,0.000415075057375656,-0.0010942842252767446,0.001966719145821102,0.006523417882114698,0.0016595094291883747,-0.0020826555814392775
IND473443AAA,0.0,1,1,0.5,14.0,1.7105676328502415,Mungaoli_AshkngRd_D (Madhya Pradesh),0.0,-0.0016339014750703044,-0.00220156482764803,0.001474807863769294,-0.0021592702293546837,-0.0010393942060210246,0.0011693261878977894,0.0005908324820180755,0.0021835098117720174,0.0010899756375819332,0.0002003729985798873,0.0004150750573754748,-0.0010942842252792604,-0.001213815593456749,0.0016995969788809694,-0.0031888680984048633,-0.0007082034828878807
IND470113AAA,1.277055329334326e-06,2,2,0.25,7.0,1.9780730897009968,Bina_Srvdycwk_D (Madhya Pradesh),8.93938730534028e-06,-0.0016339014750703118,-0.0022015648276480304,0.0014748078637692955,-0.002159270229354691,-0.001039394206021023,0.001169326187897793,0.0005908324820180738,0.002183509811772016,0.0010899756375819432,0.00020037299857989698,0.00041507505737547014,-0.001094284225279292,-0.0012188076047738594,0.0017101518575886633,-0.0032099887449607467,-0.0007135209414725065
IND470117AAA,5.473094268575683e-07,2,1,0.3333333333333333,24.0,1.594187675070028,Khurai_Talaiya_D (Madhya Pradesh),1.3135426244581638e-05,-0.0016339014750703107,-0.002201564827648028,0.0014748078637692949,-0.0021592702293546867,-0.0010393942060210257,0.0011693261878977907,0.0005908324820180709,0.0021835098117720195,0.0010899756375819403,0.00020037299857989134,0.00041507505737546684,-0.0010942842252792916,-0.001219806157179483,0.0017122672731286588,-0.003214223376724089,-0.0007145879488416686
IND416602AAC,0.0008056394763343,1,1,0.0,82.0,1.6754385964912282,Kankavali_NrdawDPP_D (Maharashtra),0.0660624370594159,-0.001633901475070353,-0.002201564827647699,0.0014748078637691032,-0.0021592702293549595,-0.0010393942060209463,0.0011693261878978462,0.0005908324820181189,0.0021835098117720156,0.0010899756375812772,0.00020037299857939445,0.0004150750573754943,-0.0010942842252766028,0.00015271275705487275,0.0036762052733544503,-0.0001747695588536091,-0.0038011352645198966
IND335051AAA,0.0016105492067662,1,1,0.0,82.0,1.256105006105006,RaisingNgr_BisnolDPP_D (Rajasthan),0.1320650349548286,-0.0016339014750701016,-0.0022015648276480864,0.0014748078637694527,-0.0021592702293544235,-0.0010393942060211026,0.0011693261878977488,0.0005908324820179415,0.0021835098117719133,0.0010899756375818642,0.00020037299857938204,0.0004150750573759253,-0.0010942842252775237,-0.002275436207754731,-0.001006952176018118,-0.003630646246480368,-0.001408175735280758
IND851127AAA,0.000405738721777,1,2,0.1666666666666666,84.0,3.2243871038998244,Manjhaul_Purbari_D (Bihar),0.0340820526292744,-0.0016339014750703512,-0.002201564827648042,0.00147480786376915,-0.0021592702293548364,-0.0010393942060209812,0.0011693261878978017,0.0005908324820180038,0.002183509811772047,0.001089975637581259,0.00020037299857244485,0.00041507505737239833,-0.0010942842252787044,-0.003926872129101866,-0.0024973663191290925,-0.014981296745074825,-0.01295423288100161
IND302020AAA,0.0,1,1,0.0,38.0,3.45,Jaipur_VarunCly_DC (Rajasthan),0.0,0.006190213372499589,-0.004692625825373557,0.013342019140760423,-0.007794179941099483,-0.009692031391717437,-0.0044973639204425155,0.007607952112082341,-0.008988039169708775,0.013518004607779296,-0.002096211131806203,0.009676212933406474,-0.014774234203030104,-1.1274261994033004e-15,-1.9393095134211312e-15,1.6731297762848977e-15,-4.105546452511402e-15
IND246701AAA,0.0020210312769093,1,1,0.0,24.0,2.1666666666666665,Bijnor_NaginaRd_D (Uttar Pradesh),0.0485047506458251,-0.001633901475070319,-0.0022015648276486376,0.001474807863768911,-0.0021592702293554674,-0.0010393942060209476,0.0011693261878978145,0.0005908324820180538,0.002183509811772091,0.0010899756375798949,0.0002003729985829643,0.00041507505738934945,-0.0010942842252710284,-0.003556702861429857,-0.001529803465861641,-0.00851440969693118,-0.006554042587030818
IND246763AAA,0.0020188420392019,1,2,0.1666666666666666,40.0,1.879481940637547,Najibabad_KotdwrRD_D (Uttar Pradesh),0.080753681568078,-0.0016339014750703113,-0.002201564827648653,0.0014748078637689109,-0.002159270229355454,-0.0010393942060209428,0.001169326187897815,0.0005908324820180483,0.0021835098117720894,0.0010899756375799038,0.0002003729985829572,0.0004150750573892509,-0.0010942842252710725,-0.0035487105384006917,-0.0015246403937288265,-0.008483794903737825,-0.0065273875842310584
IND246761AAA,0.0008103828247004,1,3,0.25,6.0,1.3225793650793651,Dhampur_NaginaRD_D (Uttar Pradesh),0.0048622969482026,-0.001633901475070345,-0.0022015648276486667,0.0014748078637689197,-0.0021592702293554513,-0.0010393942060209415,0.0011693261878978171,0.0005908324820180484,0.0021835098117720785,0.001089975637579936,0.00020037299858296484,0.00041507505738922596,-0.00109428422527105,-0.0035477161586455527,-0.0015239979040638093,-0.008479985091069193,-0.006524070316907148
IND244501AAA,0.0,1,1,0.5,0.0,0.0,Kanth_Dayanand_D (Uttar Pradesh),0.0,-0.0016339014750703343,-0.0022015648276486463,0.0014748078637689004,-0.0021592702293554812,-0.0010393942060209472,0.0011693261878978202,0.00059083248201804,0.002183509811772105,0.0010899756375799057,0.0002003729985829847,0.0004150750573893712,-0.0010942842252710317,-0.0035603831362855084,-0.0015321919011363806,-0.008528584898738478,-0.006566408245231766
IND244601AAB,0.0004031846111184,2,1,0.3333333333333333,0.0,0.0,Thakurdwara_Fathuluh_D (Uttar Pradesh),0.0,-0.0016339014750703536,-0.0022015648276486584,0.0014748078637689139,-0.0021592702293554526,-0.001039394206020943,0.001169326187897806,0.0005908324820180442,0.0021835098117721015,0.0010899756375799142,0.00020037299858290241,0.0004150750573892008,-0.001094284225271078,-0.00354407267149133,-0.0015216424535508602,-0.008466016252883606,-0.00651190445492612
IND803101AAA,2.189237707430273e-06,1,1,0.0,18.0,2.3428571428571425,BiharSarif_Soghra_D (Bihar),3.940627873374492e-05,-0.0052829982241302175,-0.006694182519287415,0.0019786983299977822,-0.00926787790707217,0.011517427450346781,0.005427518585444603,0.007277906529954314,0.007185791198337067,0.0003897149233329139,-0.01024531478374592,0.0027823312344967483,-0.0006165934473874673,-5.016233545769885e-16,-7.214819005560051e-16,-1.2452762037644102e-17,-1.1736728220479566e-15
IND805110AAD,2.189237707430273e-06,1,1,0.0,9.0,2.333333333333333,Nawada_Central_DPP_2 (Bihar),1.9703139366872458e-05,-0.0052829982241302245,-0.006694182519287409,0.001978698329997784,-0.009267877907072153,0.011517427450346767,0.0054275185854446,0.007277906529954335,0.0071857911983370425,0.00038971492333291646,-0.010245314783745896,0.0027823312344967127,-0.0006165934473874737,-5.11971813895635e-16,-7.227846991565777e-16,7.620926350707534e-18,-1.1840512940678231e-15
IND621802AAA,4.7433483660989244e-06,1,2,0.1666666666666666,16.0,2.0694444444444446,Jayamkondan_Chithbrm_D (Tamil Nadu),7.589357385758279e-05,0.0022698780257623687,-0.0012637054261883445,0.0017770653115270084,0.0024618320465052486,-0.0033193194308151794,-0.0018242839482014877,0.0027168013715436036,0.002024672571099216,-0.0028196933049282453,0.0031370940255117216,-0.0014509980177066747,0.002080491926240033,-1.130400193792746e-16,-1.4985384623494538e-17,8.811595248641583e-17,-4.86339548916441e-16
IND532001AAB,0.0072449173197892,5,4,0.0714285714285714,316.0,1.804022841193894,Srikakulam_Kuslpram_I (Andhra Pradesh),2.289393873053403,-0.0016339014750701574,-0.0022015648276469003,0.0014748078637687504,-0.0021592702293562983,-0.0010393942060213958,0.0011693261878976465,0.0005908324820184528,0.002183509811772116,0.0010899756375791615,0.00020037299857903677,0.00041507505737787393,-0.0010942842252808416,-0.0004118729541864228,0.00490708964064428,0.0011403821405941692,-0.006917775565129078
IND620020AAA,0.0,0,1,0.0,50.0,1.9722222222222223,Tiruchi (Tamil Nadu),0.0,0.0022698780257623765,-0.0012637054261883526,0.0017770653115270162,0.0024618320465052594,-0.0033193194308151984,-0.0018242839482014992,0.0027168013715438734,0.002024672571099227,-0.0028196933049282574,0.0031370940255117104,-0.00145099801770666,0.0020804919262401114,-1.4092120063542444e-16,4.479133393486307e-16,-6.915153309242016e-16,1.3695376797815896e-15
IND614602AAA,0.0,0,1,0.0,16.0,1.5,Pattukotai_anthniyr_D (Tamil Nadu),0.0,-0.04274170222655575,0.003280334155498722,-0.002978813084759572,-0.024722501429328903,-0.0014616006432847976,0.023844674480831708,-0.008204845870038693,-0.052628129198481824,0.01589413241679415,0.01337434614107392,-0.005076944515494414,-0.007832859582250476,6.700182110829418e-16,4.69535203387226e-16,9.28447438372026e-16,-1.03396892450279e-16
IND614804AAA,1.4594918049535152e-06,1,1,0.0,30.0,1.28,Peravurani_SH71_D (Tamil Nadu),4.3784754148605455e-05,-0.04274170222655547,0.003280334155498692,-0.002978813084759567,-0.02472250142932882,-0.0014616006432847865,0.02384467448083158,-0.00820484587003868,-0.052628129198481755,0.015894132416794174,0.01337434614107393,-0.0050769445154945315,-0.007832859582250508,6.714845155014158e-16,5.368556888181765e-16,9.030828253763124e-16,-8.947594813636274e-17
IND614616AAA,2.189237707430273e-06,1,1,0.0,32.0,1.5151515151515151,Aranthangi_HsptlRod_D (Tamil Nadu),7.005560663776874e-05,-0.04274170222655547,0.0032803341554987096,-0.002978813084759566,-0.024722501429328865,-0.0014616006432847917,0.023844674480831697,-0.008204845870038661,-0.05262812919848178,0.015894132416794195,0.01337434614107394,-0.005076944515494416,-0.007832859582250523,6.970983805358903e-16,5.530377635869279e-16,8.809175633870577e-16,6.951881831205285e-17
IND630002AAA,2.189237707430273e-06,1,1,0.0,28.0,1.3484848484848484,Karaikudi_Sbrmnprm_D (Tamil Nadu),6.129865580804765e-05,-0.04274170222655544,0.003280334155498669,-0.002978813084759554,-0.024722501429328827,-0.001461600643284775,0.02384467448083164,-0.008204845870038604,-0.052628129198481755,0.015894132416794216,0.013374346141073886,-0.005076944515494488,-0.00783285958225052,7.024086846743979e-16,6.181425418264455e-16,8.108635996429824e-16,1.6914348159430102e-16
IND622407AAA,1.4594918049535152e-06,1,1,0.0,28.0,1.3846153846153846,Ponnamaravathi_Puduvalvu_D (Tamil Nadu),4.086577053869843e-05,-0.04274170222655549,0.003280334155498695,-0.0029788130847595703,-0.024722501429328848,-0.0014616006432847752,0.02384467448083165,-0.008204845870038594,-0.05262812919848177,0.015894132416794205,0.013374346141073936,-0.005076944515494466,-0.007832859582250528,7.48536566091561e-16,6.768028687336039e-16,8.069169086141727e-16,3.3263024711403476e-16
IND415709AAA,0.0016127384444736,1,2,0.0,35.0,1.3068181818181817,Khed_Mahad_D (Maharashtra),0.0564458455565772,-0.0016339014750702645,-0.0022015648276479684,0.0014748078637692383,-0.0021592702293548364,-0.0010393942060210565,0.0011693261878977798,0.0005908324820181004,0.002183509811772,0.0010899756375813332,0.0002003729985796637,0.0004150750573757883,-0.0010942842252768589,-0.00013452404922583284,0.0030169089717088098,-0.0006515556546884117,-0.003502829755079641
IND246174AAA,0.0008125720624078,2,1,0.1666666666666666,4.0,1.219294003868472,SrinagarUK_Srikot_D (Uttarakhand),0.0032502882496314,-0.0016339014750703764,-0.0022015648276473656,0.0014748078637697578,-0.0021592702293538424,-0.0010393942060211731,0.001169326187897781,0.0005908324820178666,0.0021835098117720885,0.0010899756375821765,0.00020037299858076274,0.00041507505737936725,-0.0010942842252754013,-0.0027274283475982822,-0.00096818687023757,-0.005152566164724,-0.0035663843762591967
IND246444AAB,0.0004064684676795,1,1,0.5,15.0,1.4820925198832176,Karnaprayag_Umalodge_D (Uttarakhand),0.0060970270151933,-0.0016339014750703848,-0.002201564827647318,0.001474807863769768,-0.0021592702293537947,-0.0010393942060211861,0.0011693261878977731,0.0005908324820178442,0.002183509811772096,0.0010899756375822047,0.00020037299858079448,0.00041507505737947226,-0.0010942842252753687,-0.002751556360245215,-0.0009811178154073485,-0.00522595701472617,-0.003623966457068809
IND246424AAA,3.648729512383788e-07,1,1,0.5,42.0,1.5161234556518532,Chamoli_CGRoad_D (Uttarakhand),1.532466395201191e-05,-0.0016339014750703959,-0.0022015648276473244,0.001474807863769772,-0.002159270229353792,-0.0010393942060211861,0.001169326187897776,0.0005908324820178471,0.002183509811772103,0.0010899756375821936,0.00020037299858078448,0.00041507505737946174,-0.0010942842252753648,-0.0027513146336122433,-0.0009809880937250068,-0.0052252205740703234,-0.003623388326522051
IND570020AAA,0.0028580498270502,4,3,0.0476190476190476,48.0,2.318199233716475,Mysore_Yadvgiri_IP (Karnataka),0.1371863916984106,-0.0016339014750702961,-0.0022015648276481397,0.0014748078637692957,-0.002159270229354759,-0.0010393942060210395,0.0011693261878978154,0.0005908324820203614,0.0021835098117720707,0.001089975637581601,0.00020037299857913617,0.0004150750573809961,-0.0010942842252781653,0.0572170560156728,-0.008969105527575901,-0.0015585146325751708,0.0022306183962088506
IND571105AAA,0.0,0,2,0.5,26.0,41.65842391304348,Hunsur_RatnaDPP_D (Karnataka),0.0,-0.0016339014750702794,-0.0022015648276481736,0.0014748078637693157,-0.002159270229354756,-0.0010393942060210606,0.0011693261878978076,0.0005908324820207027,0.002183509811772075,0.0010899756375816543,0.00020037299857911535,0.0004150750573818307,-0.0010942842252783854,0.06608080078366266,-0.01123005852863731,-0.001984020247685666,0.002944762340145697
IND571213AAA,1.4594918049535152e-06,1,2,0.3333333333333333,25.0,4.91943661971831,Gonikoppal_Thomas_D (Karnataka),3.648729512383788e-05,-0.0016339014750702862,-0.002201564827648151,0.001474807863769303,-0.0021592702293547553,-0.0010393942060210463,0.0011693261878978135,0.0005908324820204554,0.002183509811772079,0.0010899756375816146,0.000200372998579129,0.00041507505738119544,-0.00109428422527823,0.059745997007844075,-0.009610945910714356,-0.001679187721545295,0.0024327194732864004
IND571114AAA,1.4594918049535152e-06,2,1,0.3333333333333333,19.0,3.0869565217391304,HDKote_BegurRD_D (Karnataka),2.773034429411679e-05,-0.001633901475070279,-0.0022015648276481723,0.0014748078637693155,-0.0021592702293547553,-0.0010393942060210604,0.0011693261878978057,0.0005908324820207002,0.002183509811772075,0.0010899756375816548,0.0002003729985791137,0.00041507505738178345,-0.0010942842252783757,0.06593170341662373,-0.01119199342988348,-0.001976855256168837,0.0029327325970909734
IND500039AAD,0.0,1,1,0.0,23.0,1.897058823529412,Hyderabad_Uppal_L (Telangana),0.0,-0.0016339014750702552,-0.0022015648276481107,0.0014748078637692923,-0.0021592702293546516,-0.0010393942060210274,0.0011693261878977811,0.000590832482018012,0.002183509811771983,0.0010899756375809732,0.0002003729985797647,0.0004150750573758273,-0.001094284225277373,-0.0004313175500264848,0.003197635684310711,0.0003434345511240461,-0.004270268984163842
IND201301AAM,0.0,1,1,0.0,207.0,1.6696428571428572,Noida_Sector63_L (Uttar Pradesh),0.0,-0.0016339014750701947,-0.002201564827648097,0.0014748078637693489,-0.0021592702293545844,-0.0010393942060210562,0.0011693261878977686,0.0005908324820180498,0.002183509811771959,0.0010899756375816418,0.00020037299857929083,0.00041507505737578966,-0.0010942842252775619,-0.0019564766932356702,-0.0006306844265212735,-0.0030729838135957065,-0.0013559453287605022
IND410206AAA,0.0004024548652159,2,1,0.5,25.0,2.4285714285714284,Jasai_JNPT_D (Maharashtra),0.0100613716303982,-0.0016339014750701426,-0.0022015648276479164,0.0014748078637692446,-0.0021592702293547453,-0.00103939420602104,0.001169326187897754,0.0005908324820179533,0.0021835098117719237,0.0010899756375816322,0.00020037299857971616,0.00041507505737548993,-0.0010942842252771908,-0.001252338617350116,0.001405636244769674,-0.0009745403824190841,-0.004161797452504955
IND764020AAC,0.0,1,1,0.5,0.0,0.0,Koraput_GhtimDPP_D (Orissa),0.0,-0.0016339014750701793,-0.0022015648276477793,0.001474807863769137,-0.002159270229355199,-0.001039394206021182,0.0011693261878977154,0.0005908324820182269,0.002183509811772024,0.0010899756375801176,0.00020037299857934615,0.00041507505737679905,-0.001094284225278821,-0.00036623086049558483,0.0040818979238414635,0.0009356585132350449,-0.005506967407135377
IND764001AAC,0.0016174817928397,2,1,0.1666666666666666,35.0,2.4375,Jeypore_Kelasahi_D (Orissa),0.0566118627493906,-0.0016339014750701786,-0.002201564827647764,0.0014748078637691355,-0.00215927022935522,-0.0010393942060211842,0.0011693261878977202,0.0005908324820182398,0.0021835098117720174,0.001089975637580096,0.00020037299857934027,0.00041507505737681277,-0.0010942842252788553,-0.00036793875952662774,0.0041106250419758565,0.0009426804840030588,-0.005553807613998299
IND641607AAA,4.159551644117518e-05,2,3,0.0555555555555555,70.0,2.7404444444444445,Tirupur_Koliplm_I (Tamil Nadu),0.0029116861508822,0.02079458657254056,-0.0059107852696917255,-0.004365995946928606,0.017362493321755223,0.026387289057818213,-0.019847780345015564,-0.0332580874117453,0.023497990580929,9.395019813817288e-05,-0.036515707010369367,0.02268186401726321,-0.025389488428085805,-9.335666171589432e-16,-2.5786815799066407e-15,3.5470028262389306e-15,-5.683624706733004e-15
IND413709AAA,0.0005384916638693,4,3,0.3421052631578947,51.0,1.976515151515152,Shrirampur_DavkharRd_D (Maharashtra),0.0274630748573347,-0.0016339014750701712,-0.0022015648276475413,0.001474807863769261,-0.0021592702293549092,-0.0010393942060211642,0.0011693261878977393,0.0005908324820177529,0.002183509811771956,0.0010899756375819661,0.0002003729985799786,0.00041507505737432187,-0.001094284225277677,-0.0014253455539853467,0.0014884097396143825,-0.0011608426483534799,-0.0049422244585754
IND423109AAA,0.000538126790918,3,3,0.4285714285714285,31.0,2.206349206349206,Shirdi_SaiBansi_D (Maharashtra),0.0166819305184601,-0.0016339014750701628,-0.0022015648276475226,0.001474807863769261,-0.002159270229354909,-0.001039394206021164,0.0011693261878977371,0.0005908324820177433,0.002183509811771951,0.0010899756375819685,0.00020037299857998477,0.00041507505737428766,-0.0010942842252776965,-0.0014279473392327662,0.0014925057155915254,-0.001164248562743839,-0.004958651633276217
IND423601AAA,0.0004022724287403,3,2,0.3888888888888889,48.0,1.48257992007992,Kopargaon_NkshtrPz_D (Maharashtra),0.019309076579535,-0.0016339014750701643,-0.0022015648276475248,0.0014748078637692593,-0.002159270229354913,-0.0010393942060211673,0.0011693261878977452,0.000590832482017747,0.0021835098117719475,0.0010899756375819726,0.0002003729985799921,0.00041507505737426375,-0.0010942842252777056,-0.0014331566906047404,0.0015007069467779931,-0.0011710681375403916,-0.004991543658304351
IND423701AAB,0.0020111797072259,3,1,0.5833333333333334,180.0,1.6666666666666667,Vaijiapur_YeolaRD_D (Maharashtra),0.3620123473006699,-0.0016339014750701615,-0.0022015648276475378,0.0014748078637692563,-0.002159270229354906,-0.0010393942060211618,0.0011693261878977452,0.0005908324820177511,0.0021835098117719445,0.0010899756375819596,0.00020037299857998,0.0004150750573743082,-0.001094284225277681,-0.001425969848549868,0.0014893903085166982,-0.0011616576497283954,-0.004946151518662938
IND246149AAA,0.0,1,1,0.0,30.0,2.713333333333333,Kotdwara_Nzbadrd_D (Uttarakhand),0.0,-0.0016339014750703412,-0.0022015648276474628,0.0014748078637696694,-0.002159270229353969,-0.001039394206021147,0.0011693261878977792,0.000590832482017936,0.002183509811772069,0.0010899756375821032,0.00020037299858068883,0.0004150750573790755,-0.0010942842252755394,-0.0026557915501774065,-0.0009298783007639576,-0.004935235267133945,-0.0033960238859158075
IND722202AAA,0.0,1,2,0.5,17.0,1.9375,Barjora_Central_DPP_1 (West Bengal),0.0,-0.0016339014750702116,-0.002201564827648085,0.0014748078637693003,-0.0021592702293547106,-0.0010393942060210625,0.0011693261878977798,0.0005908324820180991,0.002183509811771971,0.0010899756375832665,0.00020037299857954678,0.0004150750573774761,-0.001094284225273402,-0.0027140126004654643,-0.00582888516464101,0.008768592216441216,-0.0014179146020682437
IND722101AAA,0.0,1,1,1.0,27.0,1.8571428571428568,Bankura_KeranDPP_D (West Bengal),0.0,-0.0016339014750702114,-0.002201564827648083,0.0014748078637692999,-0.002159270229354711,-0.001039394206021062,0.0011693261878977772,0.0005908324820181032,0.002183509811771972,0.0010899756375832778,0.0002003729985795509,0.0004150750573774905,-0.0010942842252733903,-0.0027181357983420804,-0.005842248948842206,0.008790030276206163,-0.0014218434960911967
IND577598AAC,0.0,1,1,0.5,22.0,1.8333333333333333,Hiriyur_TahurDPP_D (Karnataka),0.0,-0.0016339014750703551,-0.0022015648276479693,0.0014748078637691782,-0.0021592702293547826,-0.0010393942060209376,0.0011693261878978178,0.0005908324820182023,0.0021835098117720304,0.0010899756375812317,0.00020037299857926828,0.00041507505737566573,-0.0010942842252768242,0.001808851135841449,0.004962376034526404,0.0010005046895788868,-0.002288802837327466
IND303702AAB,0.0038287943138199,1,2,0.3333333333333333,32.0,1.4926470588235294,Chomu_ShsmlDPP_D (Rajasthan),0.1225214180422376,-0.0016339014750703837,-0.0022015648276477143,0.0014748078637691563,-0.0021592702293546807,-0.0010393942060208602,0.001169326187897895,0.0005908324820183126,0.002183509811772017,0.0010899756375790065,0.0002003729985797506,0.0004150750573769969,-0.0010942842252755487,-0.0013978858999958764,0.0017186682036469073,-0.003838885183715243,-0.004392048380334396
IND332404AAA,0.0038287943138199,2,1,0.3333333333333333,36.0,1.41640866873065,Reengus_Shop2DPP_D (Rajasthan),0.1378365952975174,-0.0016339014750703933,-0.0022015648276476865,0.0014748078637691466,-0.0021592702293546815,-0.0010393942060208492,0.0011693261878979071,0.000590832482018317,0.002183509811772014,0.0010899756375789497,0.00020037299857975321,0.00041507505737703926,-0.0010942842252755266,-0.001407186567105614,0.0017368463467456734,-0.0038826485116658796,-0.004450137656430033
IND332001AAB,0.0096705926996219,3,6,0.0416666666666666,172.0,2.213905609824708,Sikar_FatehpRd_I (Rajasthan),1.6633419443349828,-0.0016339014750704729,-0.0022015648276473444,0.001474807863769054,-0.0021592702293546703,-0.0010393942060207232,0.0011693261878980004,0.0005908324820184168,0.00218350981177202,0.001089975637578233,0.00020037299857965902,0.0004150750573775941,-0.0010942842252751306,-0.0015224558125836452,0.0019630357724564535,-0.004427621230725654,-0.005174732530220316
IND334001AAC,0.004596669439701,1,2,0.1666666666666666,22.0,1.6185197563874034,Bikaner_ITICollg_L (Rajasthan),0.1011267276734241,-0.0016339014750704755,-0.0022015648276473444,0.0014748078637690629,-0.0021592702293546763,-0.0010393942060207227,0.0011693261878980067,0.0005908324820184393,0.002183509811772028,0.0010899756375782165,0.00020037299857968483,0.00041507505737755295,-0.0010942842252751395,-0.001527724002699402,0.0019720135387561,-0.004448582049385928,-0.005200654885109327
IND341303AAA,0.0051939664608783,2,1,0.1666666666666666,28.0,1.6875,Didwana_KatlaDPP_D (Rajasthan),0.145431060904593,-0.0016339014750704273,-0.002201564827647545,0.0014748078637691086,-0.0021592702293546763,-0.0010393942060207956,0.0011693261878979453,0.0005908324820183821,0.0021835098117720187,0.0010899756375785969,0.0002003729985797333,0.00041507505737720893,-0.0010942842252753444,-0.0014653177621509832,0.0018488708089004408,-0.004151554738271586,-0.004804772479209511
IND341306AAA,0.0051917772231708,1,1,0.0,32.0,1.765880217785844,Sujangarh_LdnunDPP_D (Rajasthan),0.1661368711414685,-0.00163390147507037,-0.0022015648276477815,0.0014748078637691674,-0.0021592702293546867,-0.0010393942060208832,0.0011693261878978748,0.0005908324820183133,0.002183509811772018,0.0010899756375791253,0.00020037299857978276,0.0004150750573768542,-0.001094284225275621,-0.0013832075789159007,0.0016889476160601357,-0.0037668256822869913,-0.004294925531804387
IND756100AAC,0.0060422960725075,3,4,0.2631578947368421,108.0,1.883373630153816,Bhadrak_Central_I_2 (Orissa),0.6525679758308157,-0.0016339014750703785,-0.0022015648276479177,0.0014748078637692155,-0.002159270229354903,-0.0010393942060210062,0.0011693261878977723,0.0005908324820182603,0.0021835098117720846,0.0010899756375812853,0.00020037299857991015,0.000415075057376497,-0.0010942842252769642,-0.0011105379792795292,0.00016456523477015203,0.0029391278455173434,-0.003014177292419668
IND758001AAA,0.0008085584599442,4,2,0.3076923076923077,15.0,1.9147323646807648,Kendujhar_Sirjudin_D (Orissa),0.0121283768991637,-0.0016339014750704108,-0.00220156482764792,0.0014748078637692454,-0.0021592702293549283,-0.0010393942060209973,0.001169326187897794,0.0005908324820182796,0.002183509811772105,0.0010899756375812436,0.0002003729985799457,0.0004150750573765751,-0.0010942842252769755,-0.0011286899742904417,0.0001686411265121768,0.0030168176563888202,-0.0031046314083412047
IND757037AAA,0.0008056394763343,3,2,0.625,61.0,2.0278993555464147,Karanjia_Sarubali_D (Orissa),0.0491440080563947,-0.0016339014750704048,-0.0022015648276479077,0.0014748078637692181,-0.002159270229354926,-0.0010393942060209986,0.0011693261878977694,0.0005908324820182793,0.002183509811772102,0.0010899756375812573,0.00020037299857994506,0.0004150750573765588,-0.0010942842252769718,-0.0011255660161716592,0.0001679378917337456,0.0030034067893564905,-0.00308900061168587
IND303106AAA,0.0004042792299721,1,2,0.1666666666666666,21.0,1.63,Paota_SmClyDPP_D (Rajasthan),0.0084898638294145,-0.0016339014750703148,-0.0022015648276480036,0.001474807863769227,-0.002159270229354695,-0.0010393942060209758,0.0011693261878978074,0.0005908324820182225,0.0021835098117720104,0.0010899756375796026,0.00020037299857984545,0.0004150750573765423,-0.0010942842252758447,-0.0013096899914526983,0.0015442005185556963,-0.0034178610225969915,-0.0038303488037149374
IND530026AAA,0.0,0,1,0.0,16.0,2.111111111111111,Vizag_Gajuwaka (Andhra Pradesh),0.0,-0.0016339014750701758,-0.0022015648276477555,0.0014748078637691294,-0.002159270229355229,-0.001039394206021187,0.0011693261878977152,0.0005908324820182354,0.0021835098117720143,0.0010899756375800818,0.00020037299857932238,0.00041507505737683445,-0.0010942842252788928,-0.0003691155125278017,0.004130456027532014,0.000947529740601306,-0.005586180912343724
IND531036AAA,0.0004035494840696,2,1,0.0,16.0,2.3639705882352944,Chodavaram_BaljiDPP_D (Andhra Pradesh),0.0064567917451143,-0.0016339014750701734,-0.00220156482764776,0.0014748078637691318,-0.002159270229355208,-0.0010393942060211824,0.0011693261878977163,0.0005908324820182267,0.0021835098117720135,0.0010899756375801074,0.0002003729985793397,0.0004150750573768068,-0.0010942842252788592,-0.0003676121599874814,0.00410517065971941,0.0009413491151568864,-0.0055449536487465045
IND785621AAA,2.134506764744516e-05,2,1,0.5,6.0,1.606837606837607,Golaghat_BaruaRd_D (Assam),0.0001280704058846,-0.0016339014750698818,-0.0022015648276481536,0.0014748078637692999,-0.0021592702293546898,-0.0010393942060210213,0.0011693261878977716,0.0005908324820179451,0.00218350981177175,0.0010899756375808522,0.0002003729985786019,0.00041507505737371563,-0.0010942842252753887,-0.004807420263700243,-0.020545919806138856,0.025789474803168358,0.006967311019836981
IND785682AAA,0.0080056774231212,2,2,0.0,40.0,2.3633540372670807,Sivasagar_Babupaty_D (Assam),0.3202270969248508,-0.0016339014750708584,-0.00220156482764795,0.0014748078637692391,-0.002159270229354702,-0.0010393942060210226,0.0011693261878977883,0.0005908324820178434,0.002183509811772395,0.0010899756375797405,0.00020037299857722247,0.0004150750573720468,-0.0010942842252751129,-0.005978372553967261,-0.02928546569639768,0.03786503782177647,0.01094091516785635
IND221010AAB,0.0028675365237824,2,3,0.05,14.0,6.352213840081487,Varanasi_MahmurGj_IP (Uttar Pradesh),0.0401455113329538,-0.0016339014750704425,-0.002201564827648077,0.0014748078637690709,-0.0021592702293549374,-0.0010393942060209597,0.0011693261878977961,0.0005908324820176192,0.0021835098117720907,0.0010899756375810342,0.00020037299857848922,0.00041507505737318026,-0.0010942842252910738,-0.005772976537406395,-0.01103705249749284,-0.02914545505813245,0.05332024696657514
IND506001AAC,0.0,0,2,0.5,30.0,1.8249458874458877,Warangal_Central_D_2 (Telangana),0.0,-0.0016339014750703935,-0.002201564827648141,0.0014748078637693794,-0.0021592702293546464,-0.001039394206021031,0.001169326187897806,0.0005908324820179194,0.0021835098117720685,0.001089975637580505,0.00020037299857995615,0.0004150750573760779,-0.0010942842252774931,-0.00048672870582800294,0.0038566059717010472,0.00041985685177032173,-0.005377082233147191
IND505467AAA,0.0,1,1,0.5,26.0,1.5657407407407409,Husnabad_Greenmkt_D (Telangana),0.0,-0.0016339014750703898,-0.0022015648276481454,0.0014748078637693792,-0.0021592702293546373,-0.0010393942060210326,0.0011693261878978115,0.0005908324820179188,0.0021835098117720655,0.0010899756375805094,0.00020037299857995311,0.00041507505737606884,-0.0010942842252774838,-0.000486912539545619,0.003858798614395345,0.0004201112768169986,-0.005380771230054315
IND505122AAA,0.0008078287140417,2,1,0.1666666666666666,29.0,2.3157894736842106,Jammikunta_ConduDPP_D (Telangana),0.0234270327072113,-0.0016339014750703876,-0.0022015648276481376,0.0014748078637693738,-0.0021592702293546442,-0.0010393942060210307,0.001169326187897806,0.0005908324820179255,0.0021835098117720607,0.0010899756375805252,0.00020037299857993517,0.0004150750573760717,-0.0010942842252774782,-0.0004831497097347374,0.0038139797385698857,0.00041491208198195007,-0.005305429657318492
IND500008AAD,0.0,0,1,0.0,12.0,3.0996031746031747,Hyderabad_Tolichwk_L (Telangana),0.0,-0.0016339014750702487,-0.002201564827648106,0.0014748078637692905,-0.0021592702293546503,-0.0010393942060210283,0.0011693261878977816,0.0005908324820179928,0.002183509811771984,0.0010899756375809698,0.00020037299857976468,0.00041507505737582804,-0.0010942842252773793,-0.0004313175500264975,0.003197635684310716,0.0003434345511240416,-0.004270268984163861
IND577432AAA,0.0004053738488258,1,1,0.5,1.0,2.1,Thirthahalli_NadthiCx_D (Karnataka),0.0004053738488258,-0.0016339014750703493,-0.0022015648276479186,0.001474807863769102,-0.0021592702293548186,-0.00103939420602093,0.001169326187897755,0.0005908324820182289,0.0021835098117720213,0.0010899756375812267,0.00020037299857928405,0.00041507505737562144,-0.0010942842252767233,0.0016893558461886261,0.005042603133623076,0.0009287950071380028,-0.002578669375844901
IND577126AAA,0.0004031846111184,1,1,0.5,3.0,2.807017543859649,Koppa_Sangetha_D (Karnataka),0.0012095538333552,-0.0016339014750703519,-0.0022015648276479376,0.0014748078637691043,-0.0021592702293548134,-0.0010393942060209374,0.0011693261878977556,0.0005908324820182263,0.0021835098117720204,0.0010899756375812412,0.00020037299857926928,0.0004150750573756378,-0.0010942842252767123,0.0016889331219545082,0.00504070402221574,0.0009284221874426164,-0.0025774975839990637
IND843109AAB,0.0,2,2,1.0,32.0,1.834249084249084,Kanti_Central_DPP_2 (Bihar),0.0,-0.0016339014750703376,-0.002201564827648039,0.0014748078637691624,-0.0021592702293548338,-0.0010393942060209806,0.0011693261878978022,0.0005908324820179988,0.002183509811772043,0.0010899756375812692,0.00020037299857249594,0.00041507505737241904,-0.0010942842252786634,-0.003908198912441669,-0.002479457308314302,-0.01486674800849072,-0.01284200821766859
IND843126AAA,0.0,2,2,1.0,37.0,1.9833333333333332,Saraiya_Wardno4_D (Bihar),0.0,-0.0016339014750703356,-0.0022015648276480426,0.0014748078637691659,-0.0021592702293548346,-0.0010393942060209793,0.0011693261878978033,0.0005908324820180002,0.0021835098117720434,0.001089975637581268,0.00020037299857249727,0.000415075057372422,-0.00109428422527867,-0.003908733441978871,-0.002479967836173366,-0.014870010754909254,-0.012845199178557335
IND522647AAA,0.0012106484522089,1,1,0.0,38.0,1.342313873305283,Vinukonda_Kothapet_D (Andhra Pradesh),0.0460046411839397,-0.0016339014750701827,-0.0022015648276484685,0.0014748078637694816,-0.002159270229354263,-0.0010393942060210111,0.0011693261878978098,0.0005908324820179665,0.0021835098117719315,0.0010899756375808765,0.00020037299857943438,0.00041507505737588713,-0.00109428422527732,-0.0002710060222879983,0.003801439116476102,3.506494437786184e-05,-0.004385119516338843
IND813102AAA,0.0,0,2,0.5,37.0,2.495157715260017,Banka_Wardno6_D (Bihar),0.0,0.008315118172720726,-0.005764586461257123,0.012027103246181892,0.010150994259775753,-0.006118466443921008,-0.010278722788946456,0.014934177876856787,0.005941612267055541,-0.00871814413800988,0.008736071299013257,-0.005708862737497093,0.010837349338841413,7.71990715879562e-18,6.576335544456289e-16,-1.456299308114599e-15,2.084492171614932e-15
IND812002AAA,0.0,1,1,0.5,36.0,3.1480978260869565,Bhagalpur_Pbroad_DC (Bihar),0.0,0.008315118172720707,-0.005764586461257123,0.012027103246181885,0.01015099425977574,-0.006118466443921002,-0.010278722788946459,0.014934177876856787,0.005941612267055536,-0.008718144138009885,0.008736071299013246,-0.005708862737497086,0.010837349338841437,1.9898778482673114e-17,6.586856125327654e-16,-1.4415353028005538e-15,2.0825520449644744e-15
IND509358AAA,0.0012150269276238,1,2,0.1666666666666666,42.0,1.884932920536636,Kadthal_GndhiDPP_D (Telangana),0.0510311309601996,-0.0016339014750702168,-0.002201564827648128,0.001474807863769278,-0.002159270229354646,-0.0010393942060210378,0.0011693261878977382,0.0005908324820179727,0.0021835098117719554,0.0010899756375809828,0.0002003729985797918,0.0004150750573758552,-0.001094284225277372,-0.00044191445911931473,0.003317622513110661,0.00035720952139337025,-0.004465380108316633
IND509324AAA,0.0,1,1,0.5,20.0,2.064583333333333,Kalwakurthy_VidyaNGR_D (Telangana),0.0,-0.001633901475070209,-0.002201564827648124,0.0014748078637692769,-0.0021592702293546447,-0.0010393942060210454,0.0011693261878977282,0.0005908324820179673,0.002183509811771951,0.00108997563758098,0.00020037299857979227,0.00041507505737585786,-0.001094284225277371,-0.00044484493490186703,0.0033507830253520655,0.0003610160149228088,-0.004519281823510213
IND508248AAB,0.0012106484522089,2,1,0.1666666666666666,38.0,1.6672794117647058,Devarakonda_DindiRD_D (Telangana),0.0460046411839397,-0.0016339014750702187,-0.002201564827648128,0.0014748078637692819,-0.0021592702293546416,-0.0010393942060210428,0.001169326187897733,0.000590832482017968,0.0021835098117719423,0.0010899756375809865,0.00020037299857978392,0.00041507505737585666,-0.0010942842252773717,-0.0004439124610396831,0.003340212221315844,0.00035980216097420727,-0.004502080003283576
IND508377AAB,0.0012084592145015,1,1,0.0,57.0,1.4782608695652173,Haliya_PeroorRD_D (Telangana),0.068882175226586,-0.001633901475070223,-0.002201564827648123,0.0014748078637692843,-0.0021592702293546477,-0.0010393942060210354,0.0011693261878977525,0.0005908324820179764,0.0021835098117719423,0.0010899756375809789,0.00020037299857977671,0.0004150750573758366,-0.0010942842252773686,-0.0004389556613363656,0.0032841127230739393,0.0003533622852563194,-0.004410881790538179
IND560067AAC,0.0,1,1,0.0,37.0,2.340909090909091,Bengaluru_Kadugodi_D (Karnataka),0.0,-0.00163390147507035,-0.0022015648276480617,0.001474807863769218,-0.0021592702293547045,-0.0010393942060209361,0.0011693261878977963,0.0005908324820181986,0.0021835098117720412,0.0010899756375811604,0.00020037299857916295,0.00041507505737568015,-0.0010942842252768257,0.0019153513991950707,0.006192004934615609,0.0015586173183518872,-0.0019942246659931328
IND562114AAA,0.0004039143570208,1,2,0.0,29.0,4.026551226551226,Hoskote_DC (Karnataka),0.0117135163536056,-0.0016339014750703573,-0.00220156482764806,0.0014748078637692185,-0.0021592702293547093,-0.0010393942060209326,0.001169326187897797,0.0005908324820182024,0.0021835098117720434,0.0010899756375811755,0.000200372998579192,0.0004150750573756412,-0.0010942842252768493,0.0019075504580428357,0.006154099405244146,0.0015484506402592313,-0.0019795068422657634
IND508001AAA,0.0025414252423972,2,1,0.1666666666666666,70.0,1.6666666666666667,Nalgonda_HydRoad_DC (Telangana),0.1778997669678084,-0.0016339014750701957,-0.002201564827648151,0.0014748078637693259,-0.0021592702293545545,-0.0010393942060210287,0.0011693261878977885,0.0005908324820179241,0.0021835098117719467,0.0010899756375809932,0.0002003729985796637,0.00041507505737580213,-0.0010942842252773387,-0.000553578239124795,0.00321977918751814,-4.143905136307238e-05,-0.004485507776043207
IND412105AAC,0.0,1,1,0.0,66.0,2.125,Pune_North_D_3 (Maharashtra),0.0,-0.01974542832949763,-0.026542111972443338,0.002660551061287173,-0.029661690826071358,0.012466472103810168,0.03372104891064854,-0.00837543640557152,0.03905092455007667,0.01909561503264342,-0.027255238226938094,-0.010992301042796134,0.017167496322081297,1.3806605786528592e-15,1.6558323515928312e-15,-1.9377818123272317e-15,3.996950868023482e-15
IND586128AAA,0.0004039143570208,2,2,0.0,107.0,1.9121732026143792,Sindagi_KalyanNg_D (Karnataka),0.0432188362012347,-0.0016339014750701938,-0.0022015648276481324,0.0014748078637693179,-0.0021592702293545788,-0.001039394206021016,0.0011693261878977965,0.000590832482017859,0.002183509811771949,0.0010899756375808039,0.0002003729985797553,0.0004150750573757712,-0.0010942842252774049,-0.00047265494298078106,0.003681103570914141,0.0003993055617556179,-0.005073087410258159
IND586211AAA,3.648729512383788e-07,2,2,0.0,158.0,1.657142857142857,Indi_SindgiRD_D (Karnataka),5.764992629566385e-05,-0.0016339014750701908,-0.0022015648276481246,0.001474807863769316,-0.002159270229354576,-0.0010393942060210153,0.0011693261878977965,0.0005908324820178522,0.0021835098117719397,0.001089975637580802,0.00020037299857975617,0.0004150750573757669,-0.0010942842252774036,-0.0004746720287737698,0.00370476729191365,0.0004020418720889027,-0.005112457055686796
IND585314AAA,0.0004039143570208,2,2,0.0,97.0,1.7164772727272726,Aland_RazaviRd_D (Karnataka),0.0391796926310258,-0.0016339014750701927,-0.0022015648276481315,0.0014748078637693168,-0.002159270229354582,-0.001039394206021015,0.0011693261878977963,0.0005908324820178552,0.0021835098117719475,0.0010899756375808102,0.00020037299857976113,0.000415075057375775,-0.0010942842252774036,-0.00047282856447666973,0.00368314245174432,0.00039954136970880665,-0.005076481590489346
IND854105AAB,0.0006091553920924,1,2,0.1666666666666666,35.0,2.210457516339869,Katihar_Central_D_2 (Bihar),0.0213204387232365,-0.0016339014750702393,-0.002201564827648048,0.0014748078637692916,-0.0021592702293545996,-0.0010393942060210187,0.0011693261878977866,0.0005908324820178225,0.0021835098117719866,0.0010899756375813538,0.000200372998573287,0.00041507505737304023,-0.0010942842252783024,-0.0037397231540359753,-0.0022990745542699315,-0.01368668620669851,-0.011627364534524454
IND521301AAA,0.0,1,1,1.0,38.0,2.102430555555556,Gudivada_GvrCompx_D (Andhra Pradesh),0.0,-0.0016339014750701869,-0.002201564827648152,0.0014748078637693484,-0.002159270229354515,-0.0010393942060210237,0.001169326187897802,0.0005908324820179222,0.0021835098117719293,0.001089975637581093,0.00020037299857952458,0.0004150750573757453,-0.0010942842252772784,-0.0006901946808206966,0.0028307540520100087,-0.000607747728155103,-0.004093740140062471
IND226004AAA,0.0,0,2,0.0,13.0,2.895833333333333,Lucknow_Hub (Uttar Pradesh),0.0,0.03842731229609484,-0.017089915537849058,0.040696662900538444,0.022215356619769342,-0.06653914056456872,-0.034545954914046294,-0.09053033508620997,-6.666085118658194e-05,0.0024859430551444177,0.05414352831755615,0.014469375292137054,-0.04360791785048369,1.43970832199686e-15,1.879905695337319e-15,6.351889949122874e-15,-2.1913011172643597e-16
IND583119AAA,0.0,1,1,1.0,18.0,2.8566666666666665,Sandur_WrdN1DPP_D (Karnataka),0.0,-0.0016339014750705488,-0.0022015648276479133,0.0014748078637691546,-0.0021592702293548767,-0.001039394206020885,0.0011693261878978865,0.0005908324820181694,0.002183509811772148,0.0010899756375809101,0.00020037299857929002,0.00041507505737579974,-0.0010942842252765783,0.0020807913850529685,0.005725568292032701,0.001231695167009397,-0.0025438850923232416
IND212601AAA,0.0008103828247004,1,1,0.0,64.0,2.283422459893048,Fatehpur_Kotwali_D (Uttar Pradesh),0.0518645007808281,-0.0016339014750701775,-0.0022015648276480526,0.0014748078637693272,-0.00215927022935459,-0.001039394206021042,0.001169326187897774,0.0005908324820180078,0.0021835098117719445,0.0010899756375815572,0.00020037299857955524,0.00041507505737530713,-0.0010942842252803836,-0.0029630695447185004,-0.003376122579680278,-0.007335201006407429,0.0096017413449196
IND210001AAA,0.000808193586993,1,1,0.0,30.0,3.9,Banda_GayatriN_D (Uttar Pradesh),0.0242458076097902,-0.001633901475070184,-0.002201564827648053,0.0014748078637693263,-0.002159270229354591,-0.0010393942060210432,0.0011693261878977766,0.0005908324820180167,0.002183509811771939,0.001089975637581548,0.0002003729985795476,0.00041507505737531754,-0.0010942842252803986,-0.002973896639529504,-0.0033946966261260616,-0.007378215493023531,0.009665493521192602
IND210427AAA,0.0008060043492855,1,1,0.0,49.0,2.909090909090909,Mahoba_Mlkpura_D (Uttar Pradesh),0.0394942131149933,-0.001633901475070185,-0.002201564827648055,0.0014748078637693246,-0.0021592702293545913,-0.001039394206021038,0.0011693261878977766,0.0005908324820180202,0.002183509811771941,0.00108997563758156,0.00020037299857955895,0.0004150750573752997,-0.0010942842252803806,-0.00296103195870699,-0.0033726230304709443,-0.007327094780090732,0.009589721205972637
IND643001AAA,1.6784155756965425e-05,1,1,0.0,18.0,2.5166666666666666,Ooty_Davisdle_D (Tamil Nadu),0.0003021148036253,0.020794586572540436,-0.005910785269691726,-0.004365995946928612,0.017362493321755205,0.02638728905781814,-0.019847780345015553,-0.03325808741174527,0.02349799058092898,9.395019813816941e-05,-0.03651570701036924,0.022681864017263062,-0.02538948842808572,-9.454212681859519e-16,-2.5715124227849592e-15,3.552567640404301e-15,-5.589373087569433e-15
IND509001AAA,0.0008103828247004,1,1,0.0,38.0,1.5833333333333333,Mahabubnagar_DC (Telangana),0.0307945473386166,-0.001633901475070249,-0.002201564827648123,0.0014748078637692925,-0.00215927022935465,-0.0010393942060210233,0.001169326187897779,0.0005908324820179962,0.0021835098117719788,0.0010899756375809587,0.00020037299857976864,0.00041507505737584284,-0.001094284225277385,-0.0004351435510350541,0.003240583079483351,0.0003483566091989506,-0.004339728174184769
IND509203AAA,0.000808193586993,1,1,0.0,38.0,1.5238095238095235,Bijnapally_nagar_D (Telangana),0.0307113563057343,-0.001633901475070251,-0.002201564827648124,0.0014748078637692925,-0.002159270229354645,-0.0010393942060210252,0.0011693261878977762,0.0005908324820179949,0.002183509811771974,0.0010899756375809594,0.0002003729985797655,0.0004150750573758512,-0.0010942842252773892,-0.0004369811460676751,0.0032611831699845177,0.0003507169060343608,-0.004373017809427347
IND509301AAA,0.0008060043492855,1,2,0.1666666666666666,51.0,1.5580495356037152,Jadcherla_Badeplly_D (Telangana),0.0411062218135645,-0.001633901475070251,-0.0022015648276481198,0.0014748078637692912,-0.0021592702293546464,-0.001039394206021027,0.0011693261878977777,0.000590832482017995,0.0021835098117719796,0.0010899756375809659,0.00020037299857977194,0.00041507505737583926,-0.0010942842252773858,-0.0004352614819857877,0.0032418802105402956,0.00034850466871312044,-0.004341799426297061
IND425406AAA,3.648729512383788e-07,2,3,0.625,12.0,2.099225801431684,Shindkheda_KakaCplx_D (Maharashtra),4.378475414860546e-06,-0.0016339014750703215,-0.0022015648276481332,0.0014748078637692316,-0.0021592702293546442,-0.0010393942060209413,0.0011693261878978074,0.000590832482018056,0.0021835098117719944,0.0010899756375829176,0.00020037299857816667,0.00041507505737398186,-0.001094284225279056,-0.001835316506821095,0.0023460736684501647,-0.0019233473217326737,-0.00925964263905165
IND123001AAA,0.0016156574280835,2,1,0.1666666666666666,26.0,1.75,Narnaul_DC (Haryana),0.042007093130172,-0.0016339014750701834,-0.002201564827648098,0.0014748078637693578,-0.002159270229354572,-0.0010393942060210957,0.0011693261878977616,0.0005908324820180203,0.0021835098117719575,0.0010899756375816068,0.00020037299857934287,0.00041507505737578586,-0.0010942842252776195,-0.0019997482760198936,-0.0006518975418194504,-0.0031833726151184825,-0.0014113301158827753
IND209721AAB,0.0,1,1,0.5,20.0,1.458343508343508,Chhibramau_Bhainpura_D (Uttar Pradesh),0.0,-0.0016339014750700537,-0.00220156482764801,0.0014748078637695072,-0.002159270229354359,-0.0010393942060210966,0.0011693261878977497,0.0005908324820180132,0.00218350981177188,0.0010899756375818985,0.00020037299857965336,0.00041507505737610603,-0.001094284225277956,-0.00251225500805516,-0.001829759805615368,-0.003883136087207695,0.0004988161941768107
IND207247AAB,0.0024136345724418,2,1,0.1666666666666666,20.0,2.2321271929824564,Aliganj_KaimgnjRD_D (Uttar Pradesh),0.0482726914488375,-0.0016339014750700195,-0.002201564827647987,0.001474807863769551,-0.0021592702293542895,-0.0010393942060211057,0.0011693261878977443,0.0005908324820179885,0.0021835098117718474,0.001089975637581962,0.00020037299857968757,0.00041507505737616224,-0.0010942842252780638,-0.002584378626737653,-0.0019107316971204696,-0.004067156895735402,0.0005258520006076062
IND305802AAA,0.0016193061575959,1,1,0.0,12.0,2.1059782608695654,Kishangarh_Central_D_2 (Rajasthan),0.0194316738911511,-0.0016339014750703644,-0.0022015648276481822,0.0014748078637691643,-0.0021592702293547696,-0.0010393942060209268,0.0011693261878977523,0.0005908324820182481,0.00218350981177203,0.001089975637578315,0.00020037299858014106,0.0004150750573764565,-0.0010942842252746519,-0.001547367884369017,0.0019455313207042467,-0.004404386244070906,-0.005228997336165833
IND341512AAA,0.0016171169198884,1,1,0.0,6.0,1.681818181818182,Parbatsar_AjmhwDPP_D (Rajasthan),0.0097027015193309,-0.0016339014750703627,-0.0022015648276481965,0.0014748078637691554,-0.00215927022935477,-0.0010393942060209214,0.0011693261878977326,0.0005908324820182503,0.0021835098117720334,0.0010899756375782582,0.00020037299858017085,0.00041507505737645796,-0.001094284225274581,-0.0015629866194642184,0.001975232063315434,-0.004476118532412596,-0.0053256062002894535
IND431001AAB,0.0,0,1,0.0,36.0,2.871212121212121,Aurangabad_Pratpngr_D (Maharashtra),0.0,-0.0016339014750703402,-0.0022015648276475994,0.0014748078637691095,-0.002159270229354998,-0.0010393942060209862,0.0011693261878978464,0.0005908324820178889,0.0021835098117720087,0.0010899756375813106,0.0002003729985794206,0.0004150750573756506,-0.0010942842252765906,-0.0002832365031087704,0.0035079742397354633,-0.0005535727031470757,-0.0045389125543598445
IND400072AAI,0.0,0,1,0.0,1.0,9.416666666666666,Mumbai_Chndivli_D (Maharashtra),0.0,-0.054761697163169684,-0.022734117158961686,0.0459190022726924,0.09300985503880553,0.06425646766042696,0.012533248132997329,-0.032185264043823845,-0.038673356334277875,0.05805463803338697,0.05653329708480149,0.043792640493404776,0.046021325157109216,-1.6954688260310678e-15,-3.310417164613323e-15,-5.824887032816885e-15,1.1170396716659709e-15
IND853204AAA,3.648729512383788e-07,2,1,0.1666666666666666,33.0,2.063311688311688,Naugchia_Vijayght_D (Bihar),1.20408073908665e-05,-0.001633901475070236,-0.002201564827648049,0.0014748078637692957,-0.0021592702293545987,-0.0010393942060210148,0.0011693261878977872,0.0005908324820178167,0.002183509811771985,0.00108997563758135,0.0002003729985732453,0.000415075057373048,-0.0010942842252782972,-0.003753183152415469,-0.0023115274543498827,-0.013765697563458487,-0.011703349499067095
IND845412AAB,0.0,1,1,0.5,30.0,2.05,Chakia_Wardno10_D (Bihar),0.0,-0.001633901475070335,-0.002201564827648042,0.0014748078637691548,-0.002159270229354834,-0.0010393942060209756,0.0011693261878977996,0.0005908324820179971,0.0021835098117720404,0.0010899756375812673,0.00020037299857245193,0.0004150750573723949,-0.0010942842252786968,-0.003921775929362441,-0.0024924702998450057,-0.0149499705111251,-0.012923520062883803
IND452001AAC,1.20408073908665e-05,2,2,0.1666666666666666,39.0,2.321296296296296,Jalgaon_DC (Maharashtra),0.0004695914882437,-0.0016339014750703378,-0.0022015648276481636,0.001474807863769228,-0.0021592702293546247,-0.0010393942060209212,0.001169326187897815,0.0005908324820180635,0.002183509811772001,0.001089975637583082,0.00020037299857796073,0.00041507505737377234,-0.0010942842252792964,-0.001910950897993816,0.002496036161757396,-0.0020551698676759406,-0.009987470555966306
IND425201AAA,0.0,1,1,0.5,36.0,1.9340909090909089,Bhusawal_Samarth_D (Maharashtra),0.0,-0.0016339014750703345,-0.0022015648276481653,0.0014748078637692311,-0.002159270229354623,-0.0010393942060209172,0.0011693261878978163,0.0005908324820180713,0.002183509811771996,0.0010899756375831243,0.00020037299857787868,0.000415075057373723,-0.0010942842252793777,-0.0019285095123081862,0.0025306806044988247,-0.0020855944656211142,-0.01015510939654329
IND425508AAB,4.7433483660989244e-06,2,1,0.3333333333333333,48.0,2.583333333333333,Raver_Truptingr_D (Maharashtra),0.0002276807215727,-0.001633901475070339,-0.002201564827648167,0.0014748078637692298,-0.0021592702293546204,-0.0010393942060209172,0.0011693261878978176,0.0005908324820180663,0.0021835098117719974,0.0010899756375831087,0.00020037299857786982,0.00041507505737371477,-0.0010942842252793965,-0.0019319966261045663,0.002537572935253187,-0.0020916493480537205,-0.010188496035256105
IND450331AAA,1.0946188537151363e-06,1,1,0.5,115.0,2.216666666666667,Burhanpur_StRoad_D (Madhya Pradesh),0.0001258811681772,-0.0016339014750703276,-0.0022015648276481653,0.0014748078637692313,-0.0021592702293546182,-0.0010393942060209183,0.0011693261878978167,0.0005908324820180637,0.0021835098117719974,0.0010899756375831293,0.00020037299857790023,0.0004150750573737106,-0.001094284225279356,-0.0019302270576845178,0.0025340774154782265,-0.00208857890396122,-0.010171569782650387
IND630561AAA,1.4230045098296772e-05,1,2,0.0,85.0,1.6019927536231884,Sivaganga_Wardno3_D (Tamil Nadu),0.0012095538333552,0.003924301322963906,-0.007718983503482972,0.01065508132839248,-0.009289066971924845,0.000724861099212965,-0.0036166709094503954,0.0130723013669826,-0.005317493490964966,0.011137012538912354,-0.008495777146190323,0.009445492930368596,-0.015446229277296235,2.092637611552808e-15,1.7390539436968182e-15,-4.4071491497596696e-15,-1.1618426169622476e-14
IND641654AAA,0.0,1,1,0.5,33.0,1.5,Avinashi_Valluvar_D (Tamil Nadu),0.0,0.020794586572540467,-0.005910785269691743,-0.00436599594692858,0.017362493321755233,0.02638728905781818,-0.019847780345015484,-0.033258087411745345,0.023497990580929013,9.39501981381553e-05,-0.03651570701036945,0.02268186401726322,-0.025389488428085787,-9.358154507528046e-16,-2.549006679401967e-15,3.5198360694834e-15,-5.6970160197328794e-15
IND422011AAD,0.004833836858006,2,4,0.1428571428571428,132.0,1.899754901960784,Nashik_TgrniaRD_I (Maharashtra),0.6380664652567976,-0.001633901475070182,-0.0022015648276476197,0.0014748078637692632,-0.0021592702293548724,-0.0010393942060211432,0.001169326187897743,0.0005908324820177949,0.0021835098117719562,0.001089975637581926,0.00020037299857992438,0.00041507505737454814,-0.0010942842252776026,-0.0013872680140044826,0.001428581616368275,-0.001111113024498608,-0.004702568499029199
IND411021AAA,0.0,1,1,0.0,0.0,0.0,PNQ Pashan DPC (Maharashtra),0.0,-0.001633901475070289,-0.002201564827647845,0.0014748078637691897,-0.002159270229354841,-0.0010393942060209996,0.001169326187897803,0.0005908324820180597,0.002183509811771982,0.001089975637581324,0.00020037299857952182,0.0004150750573756224,-0.0010942842252768788,-0.00025831997917217874,0.003041975505281803,-0.00047514496770142365,-0.0038099054440753535
IND828401AAB,0.0,1,1,0.0,24.0,2.416666666666667,Gomoh_KhsmiDPP_D (Jharkhand),0.0,-0.001633901475070061,-0.002201564827648074,0.0014748078637693406,-0.002159270229354598,-0.0010393942060210417,0.0011693261878977848,0.0005908324820180556,0.0021835098117718656,0.0010899756375819755,0.00020037299857976492,0.00041507505737550603,-0.0010942842252777544,-0.002696001852233833,-0.00433328257982166,0.0008208025937224393,0.003123056203137935
IND396321AAA,9.12182378095947e-06,2,2,0.0,102.0,1.6083333333333334,Bilimora_DC (Gujarat),0.0009304260256578,-0.007082070974886728,-0.001129066866214838,-0.005278622889405653,-0.0027268751970871102,0.010689807809418505,0.006653295816908378,-0.008275075644317436,0.009624934471828613,-0.00954991974579569,0.002836493108568033,-0.004289070796925635,0.009882663810754807,7.496788395932067e-16,1.2607752545707155e-15,-1.1032758102767857e-15,3.0002864437774355e-15
IND396580AAB,0.0,1,1,0.0,34.0,1.75,Vansda_CikhliRD_D (Gujarat),0.0,-0.00708207097488672,-0.001129066866214841,-0.005278622889405653,-0.0027268751970871063,0.010689807809418505,0.006653295816908388,-0.008275075644317441,0.009624934471828621,-0.009549919745795657,0.002836493108568033,-0.004289070796925674,0.009882663810754817,7.445796636661507e-16,1.2844676574859354e-15,-1.0824021041539796e-15,2.9872238807864286e-15
IND586101AAA,0.0002014098690835,1,1,0.0,12.0,2.1490384615384617,Bijapur_KirtiNgr_D (Karnataka),0.002416918429003,-0.0016339014750702974,-0.002201564827647891,0.00147480786376921,-0.0021592702293548914,-0.001039394206021033,0.0011693261878978282,0.0005908324820181379,0.002183509811772024,0.0010899756375812488,0.0002003729985796184,0.0004150750573757472,-0.0010942842252767053,0.0001016694370356905,0.00356524920227044,-0.00043641842607024874,-0.003772702248984181
IND798601AAA,0.0,1,1,0.0,40.0,2.7702020202020203,Mokokchung_Central_D_1 (Nagaland),0.0,-0.0016339014750698887,-0.002201564827648129,0.0014748078637693142,-0.0021592702293546646,-0.0010393942060210068,0.0011693261878977668,0.0005908324820179647,0.0021835098117717554,0.0010899756375802043,0.00020037299857821522,0.0004150750573733295,-0.0010942842252752703,-0.0054387315005500906,-0.025053605901656843,0.03195869808560368,0.008954261221960805
IND841301AAC,7.297459024767576e-07,1,1,0.0,5.0,1.6,Unknown_Source,3.648729512383788e-06,0.00958214255819777,0.0026410219743536445,0.0001309190686507907,0.00501512017227948,0.0012680796400797616,-0.0052291075445401545,0.011665867237741694,-0.004558195561075399,-0.00511926125460428,-0.0008939094313054656,-0.0007590354017276515,0.006418905378699335,-2.7985048351315823e-16,-1.749334514572957e-16,-9.062719008497632e-16,2.7802756551612866e-16
IND841405AAA,0.0,0,1,0.0,9.0,1.8571428571428568,Barauli_SiwanRd_D (Bihar),0.0,0.00958214255819778,0.0026410219743536532,0.0001309190686507907,0.005015120172279477,0.0012680796400797556,-0.005229107544540132,0.011665867237741687,-0.0045581955610753955,-0.005119261254604271,-0.0008939094313054876,-0.0007590354017276966,0.006418905378699384,-2.812030623634555e-16,-1.5848090811953206e-16,-8.975015685223097e-16,2.7750070658681116e-16
IND518501AAA,0.0004053738488258,1,1,0.5,30.0,1.5742753623188406,Nandyal_SrnvsNgr_D (Andhra Pradesh),0.0121612154647751,-0.001633901475070415,-0.0022015648276480075,0.001474807863769219,-0.002159270229354674,-0.0010393942060208789,0.0011693261878978867,0.0005908324820179881,0.002183509811772042,0.001089975637580754,0.0002003729985793272,0.0004150750573751924,-0.0010942842252765134,0.000723239230424549,0.005085511802616142,0.000863017884391724,-0.004462817407136744
IND271210AAA,3.648729512383788e-07,2,1,0.5,72.0,2.797979797979798,Tulsipur_Central_DPP_1 (Uttar Pradesh),2.6270852489163277e-05,-0.009446895886928345,5.384231989969075e-05,0.010018095551800646,-0.015935644504262065,0.028785781028001636,0.007850474577958932,0.033230543119894256,0.0003327682830981358,0.009956346159909929,-0.03392907784216966,0.006985110142162076,-0.006958336031903496,-1.7335709838853582e-15,-3.2377803929989757e-15,5.123273538525165e-16,-5.788174869230311e-15
IND396445AAA,6.20284017105244e-06,1,1,0.0,21.0,1.7333333333333334,Navsari_DC (Gujarat),0.0001302596435921,-0.007082070974886714,-0.0011290668662148368,-0.005278622889405651,-0.0027268751970871046,0.010689807809418495,0.006653295816908386,-0.008275075644317453,0.00962493447182863,-0.009549919745795664,0.0028364931085680394,-0.004289070796925638,0.009882663810754842,7.411446375794138e-16,1.29042926837055e-15,-1.0860093175327847e-15,2.9933245129326e-15
IND396001AAA,6.20284017105244e-06,1,1,0.0,37.0,1.5384615384615383,Valsad_DC (Gujarat),0.0002295050863289,-0.00708207097488669,-0.001129066866214839,-0.005278622889405657,-0.0027268751970871015,0.010689807809418495,0.006653295816908379,-0.00827507564431742,0.009624934471828644,-0.009549919745795636,0.002836493108568022,-0.004289070796925651,0.0098826638107548,7.510757442552007e-16,1.2907754997960148e-15,-1.0777545333459474e-15,2.9893773629144866e-15
IND621306AAA,0.0,0,1,0.0,9.0,1.3333333333333333,Manapparai_BypassRd_D (Tamil Nadu),0.0,0.0039243013229638395,-0.007718983503482859,0.010655081328392359,-0.009289066971924763,0.0007248610992129855,-0.0036166709094503638,0.013072301366983223,-0.00531749349096491,0.011137012538906836,-0.008495777146193189,0.00944549293039226,-0.015446229277288863,-2.365300499537687e-15,-2.9242553664418807e-15,3.052703264633908e-15,-3.184906949322778e-15
IND625106AAA,2.554110658668652e-06,1,1,0.0,26.0,1.6418308702791462,Melur_MduraiRD_D (Tamil Nadu),6.640687712538495e-05,0.003924301322963832,-0.007718983503482843,0.010655081328392357,-0.009289066971924768,0.0007248610992129907,-0.0036166709094503672,0.01307230136698324,-0.005317493490964929,0.011137012538906865,-0.008495777146193127,0.009445492930392145,-0.015446229277288925,-2.2917561844131876e-15,-2.9349763044183343e-15,3.022664524409743e-15,-3.1753451898065495e-15
IND480886AAA,0.0002025044879373,1,2,0.5,34.0,1.30746336996337,Lakhnadon_Central_DPP_1 (Madhya Pradesh),0.0068851525898682,-0.0016339014750703044,-0.0022015648276481133,0.0014748078637692396,-0.002159270229354759,-0.001039394206021019,0.0011693261878977916,0.0005908324820177892,0.0021835098117720126,0.0010899756375827652,0.00020037299858038978,0.00041507505737533625,-0.0010942842252811885,-0.0014298803865274115,0.002231994013912743,-0.004290176092247325,-0.0010071324008154052
IND480661AAA,0.0008085584599442,3,2,0.3333333333333333,33.0,1.4982085067036524,Seoni_Kidwai_D (Madhya Pradesh),0.0266824291781601,-0.00163390147507031,-0.0022015648276481215,0.0014748078637692396,-0.00215927022935476,-0.0010393942060210174,0.0011693261878977978,0.0005908324820177911,0.0021835098117720104,0.0010899756375827429,0.00020037299858038506,0.00041507505737533207,-0.0010942842252812048,-0.0014321028735605576,0.0022372213861820514,-0.004300887468166864,-0.0010099803932676528
IND480001AAA,0.0002014098690835,2,2,0.4,46.0,1.3574800290486566,Chhindwara_NagpurRd_D (Madhya Pradesh),0.0092648539778449,-0.001633901475070304,-0.00220156482764812,0.0014748078637692383,-0.00215927022935476,-0.0010393942060210157,0.0011693261878977991,0.0005908324820177852,0.0021835098117720126,0.0010899756375827524,0.0002003729985804122,0.00041507505737532654,-0.0010942842252812405,-0.0014367845967895735,0.0022482325376313975,-0.004323450174487065,-0.0010159793749398216
IND481661AAA,0.0012080943415502,2,1,0.5,32.0,3.840909090909091,Mandla_Mharajpr_D (Madhya Pradesh),0.0386590189296087,-0.0016339014750703033,-0.00220156482764812,0.0014748078637692378,-0.0021592702293547587,-0.001039394206021018,0.001169326187897795,0.0005908324820177993,0.0021835098117720126,0.0010899756375827648,0.00020037299858038674,0.00041507505737533847,-0.0010942842252811883,-0.001430307859106584,0.002233000316881212,-0.004292238451919364,-0.001007680950396924
IND643231AAA,0.0,1,1,0.5,0.0,0.0,Coonoor_Fairybnk_D (Tamil Nadu),0.0,0.02079458657254048,-0.005910785269691727,-0.004365995946928606,0.01736249332175519,0.026387289057818186,-0.019847780345015643,-0.03325808741174522,0.023497990580928954,9.395019813817392e-05,-0.03651570701036921,0.02268186401726304,-0.02538948842808584,-9.21702353752407e-16,-2.5945632335553207e-15,3.5625410348878835e-15,-5.568663067962618e-15
IND281401AAA,0.0,0,2,0.5,21.0,1.8571428571428568,Chhata_GvrdnDPP_D (Uttar Pradesh),0.0,-0.001633901475070129,-0.002201564827648051,0.0014748078637694196,-0.002159270229354484,-0.001039394206021084,0.0011693261878977623,0.000590832482018015,0.002183509811771926,0.0010899756375818352,0.0002003729985795285,0.000415075057375993,-0.0010942842252775337,-0.0023130462278865512,-0.0013843886481210317,-0.003203575087768049,-0.0008059781566024175
IND321022AAA,0.0,1,1,0.5,78.0,2.0,Kaman_BsstdDPP_D (Rajasthan),0.0,-0.0016339014750701305,-0.0022015648276480482,0.0014748078637694193,-0.0021592702293544855,-0.0010393942060210853,0.0011693261878977645,0.0005908324820180082,0.0021835098117719254,0.0010899756375818371,0.00020037299857952775,0.0004150750573759995,-0.0010942842252775382,-0.002312856311390575,-0.0013842175477726563,-0.0032031530786337994,-0.0008058579553323066
IND792130AAB,0.0,0,1,0.0,86.0,2.9,Khonsa_Central_D_1 (Arunachal Pradesh),0.0,-0.0016339014750716783,-0.0022015648276477997,0.0014748078637691771,-0.0021592702293547353,-0.0010393942060210337,0.0011693261878978096,0.0005908324820177528,0.0021835098117729454,0.00108997563757941,0.00020037299857640398,0.00041507505737096827,-0.0010942842252749637,-0.006387569659556421,-0.03253218918327138,0.042406929067960085,0.012476224173423422
IND591302AAB,0.0004031846111184,1,2,0.6666666666666666,33.0,1.7213947930724247,Khanapur_StatinRD_D (Karnataka),0.0133050921669074,-0.0016339014750703915,-0.002201564827647712,0.0014748078637690822,-0.0021592702293549517,-0.001039394206020919,0.0011693261878978744,0.0005908324820181808,0.0021835098117720312,0.0010899756375812616,0.00020037299857933046,0.0004150750573754735,-0.0010942842252765583,0.000725316607547235,0.004246390093840383,0.00027005267966548265,-0.0034689141954159504
IND125005AAA,0.0054890704913691,4,5,0.0857142857142857,80.0,1.8002323441453878,Hisar_IndstlAr_I (Haryana),0.4391256393095349,-0.0016339014750701272,-0.0022015648276480855,0.0014748078637694105,-0.002159270229354489,-0.0010393942060210844,0.0011693261878977536,0.0005908324820179795,0.002183509811771926,0.0010899756375817669,0.00020037299857936146,0.0004150750573758698,-0.0010942842252775573,-0.0021668648101875825,-0.0009061254053085562,-0.0033968556207518226,-0.0013387657890119795
IND125104AAA,0.0028091568515842,1,1,0.0,7.0,2.111111111111111,Sirsa_AnprnDPP_D (Haryana),0.0196640979610899,-0.0016339014750701133,-0.0022015648276480894,0.0014748078637694267,-0.002159270229354467,-0.0010393942060210896,0.00116932618789775,0.0005908324820179566,0.002183509811771921,0.0010899756375817914,0.00020037299857936648,0.0004150750573758564,-0.0010942842252775553,-0.0022038693929818183,-0.0009384872462350601,-0.0034785876604642757,-0.001365394512515978
IND181152AAB,0.0008085584599442,3,3,0.3076923076923077,44.0,2.181068912812334,Jammu_Central_I_1 (Jammu & Kashmir),0.0355765722375468,-0.0016339014750703911,-0.0022015648276482616,0.0014748078637691006,-0.0021592702293549764,-0.0010393942060209452,0.0011693261878978065,0.0005908324820180786,0.002183509811772068,0.0010899756375822162,0.00020037299858037568,0.0004150750573763982,-0.0010942842252764258,-0.0018306529399743194,0.0004821854433562255,-0.0036511867692025544,-0.0035624761663167305
IND401104AAB,0.0,2,2,1.0,54.0,2.3345505883005884,Mumbai_MiraRoad_M (Maharashtra),0.0,-0.0016339014750702135,-0.0022015648276479307,0.0014748078637692732,-0.0021592702293547483,-0.001039394206021063,0.0011693261878977736,0.0005908324820179636,0.0021835098117719692,0.0010899756375817556,0.00020037299857971245,0.00041507505737552376,-0.0010942842252772106,-0.0011910737648833318,0.0013765798984860299,-0.0009145944544647439,-0.003918754220333501
IND416404AAA,0.0020126391990308,2,1,0.0,16.0,2.6231481481481485,Jath_Shivprsad_D (Maharashtra),0.0322022271844943,-0.0016339014750703033,-0.0022015648276478977,0.0014748078637692133,-0.00215927022935488,-0.001039394206021033,0.001169326187897823,0.0005908324820181219,0.0021835098117720148,0.0010899756375812562,0.00020037299857960747,0.00041507505737574526,-0.0010942842252767372,0.00010069135372228055,0.0035136784972031325,-0.0004296915274655209,-0.0037068972275226264
IND560085AAA,0.0,3,1,1.0,21.0,1.4,Bengaluru_Banshkri_DC (Karnataka),0.0,-0.0016339014750703488,-0.0022015648276480625,0.0014748078637692246,-0.0021592702293547,-0.0010393942060209441,0.0011693261878978193,0.0005908324820182108,0.002183509811772043,0.0010899756375812026,0.00020037299857918078,0.00041507505737567717,-0.0010942842252769393,0.0018585007251501011,0.006100079481443584,0.001561789099716944,-0.0018587646934390733
IND000000AEM,0.0,0,2,0.0,117.0,1.8177374014874013,Gurgaon_Bilaspur_RP (Haryana),0.0,-0.010804691699032483,0.015857689419330374,-0.004537810526230546,-0.01711769130232853,0.012711842519176156,-0.007113435400426077,-0.002915228371534028,-0.002107777010359776,-0.017240573102928983,0.01814044202989113,0.008793035810112869,-0.032786918699930875,-9.133070331778344e-16,-1.7465508925669802e-15,3.743665611374161e-15,-6.069561307904396e-15
IND485001AAC,0.0028363398864515,2,5,0.119047619047619,104.0,2.323618538324421,Satna_Central_I_2 (Madhya Pradesh),0.2949793481909599,-0.0016339014750700513,-0.002201564827648028,0.0014748078637694558,-0.002159270229354367,-0.001039394206021098,0.0011693261878977454,0.000590832482017825,0.0021835098117718595,0.0010899756375815448,0.00020037299857931986,0.00041507505737483984,-0.0010942842252838825,-0.00395814571186717,-0.005666490979500321,-0.014773676177945401,0.02251437401343643
IND486771AAA,0.0012402639734177,3,1,0.25,6.0,1.6875,Churhat_Central_DPP_1 (Madhya Pradesh),0.0074415838405067,-0.0016339014750700559,-0.0022015648276480252,0.001474807863769449,-0.002159270229354372,-0.0010393942060210942,0.0011693261878977493,0.0005908324820178039,0.002183509811771861,0.0010899756375815264,0.000200372998579307,0.00041507505737476796,-0.0010942842252842464,-0.004056405009724082,-0.005939719143873234,-0.015440892629634911,0.023949874421816394
IND486661AAA,0.0012380747357103,1,1,0.0,21.0,2.8666666666666667,Sidhi_Padra_D (Madhya Pradesh),0.0259995694499175,-0.0016339014750700973,-0.002201564827648031,0.001474807863769398,-0.0021592702293544456,-0.0010393942060210766,0.0011693261878977573,0.0005908324820177839,0.002183509811771889,0.0010899756375814702,0.0002003729985792519,0.00041507505737459584,-0.0010942842252848108,-0.004194198329294844,-0.006397970910640842,-0.016467539641847762,0.026470897979406445
IND827013AAA,0.000808193586993,2,1,0.3333333333333333,14.0,2.0227373990531885,Bokaro_KSClny_DC (Jharkhand),0.0113147102179021,-0.0016339014750700455,-0.0022015648276481007,0.0014748078637693183,-0.0021592702293546507,-0.0010393942060210556,0.001169326187897777,0.0005908324820180291,0.0021835098117718543,0.001089975637581858,0.00020037299857961183,0.00041507505737546017,-0.0010942842252768478,-0.0025418997454244407,-0.004979467583043274,0.004419568273755112,0.000608898258305093
IND733201AAA,0.0,0,1,0.0,3.0,1.6666666666666667,Dalkhola_DltprDPP_D (West Bengal),0.0,-0.04154577471591055,0.13034965072230356,0.009734723114471606,0.08167939255281022,-0.0667108638252145,-0.073760930487515,0.029662044612935534,0.0002591005254027496,0.026378054302823705,0.014406128540775996,0.028484075495795277,-0.042269783186935854,-3.820963657033969e-15,-4.899170402789061e-15,4.9502314217978334e-15,-1.112055245570002e-14
IND370201AAA,0.0020188420392019,2,2,0.1666666666666666,55.0,1.4492753623188406,Gandhidham_Sector1A_IP (Gujarat),0.1110363121561072,-0.0016339014750697287,-0.002201564827649407,0.001474807863769728,-0.0021592702293549188,-0.0010393942060217911,0.0011693261878972826,0.0005908324820178607,0.0021835098117719397,0.0010899756375807588,0.00020037299858165471,0.00041507505737695637,-0.0010942842252770646,-0.0017055501450753013,0.001356569369169399,-0.0032461523679454428,-0.0047841155588221
IND363330AAB,0.0,1,1,0.5,16.0,1.7169076751946606,Halvad_CrossRD_D (Gujarat),0.0,-0.0016339014750697232,-0.002201564827649321,0.0014748078637697045,-0.002159270229354896,-0.0010393942060217486,0.001169326187897316,0.0005908324820178514,0.0021835098117719155,0.0010899756375807985,0.00020037299858151366,0.0004150750573768994,-0.00109428422527705,-0.0016893933074109229,0.0013368538448335907,-0.003195679969906016,-0.0046992238261218565
IND363310AAB,0.002014463563787,2,1,0.3333333333333333,0.0,0.0,Dhrangadhra_NvygRDPP_D (Gujarat),0.0,-0.0016339014750697883,-0.002201564827649225,0.0014748078637696696,-0.0021592702293548906,-0.0010393942060216872,0.0011693261878973603,0.0005908324820178664,0.0021835098117719345,0.0010899756375808223,0.00020037299858135095,0.0004150750573768207,-0.0010942842252770373,-0.001664621979321595,0.0013070037020055066,-0.003119450510140547,-0.004571683265312442
IND673121AAA,0.0,1,1,1.0,24.0,2.2788461538461537,Kalpetta_Ward19_D (Kerala),0.0,-0.0016339014750704054,-0.0022015648276479593,0.0014748078637691823,-0.002159270229354795,-0.0010393942060209183,0.0011693261878979084,0.00059083248201825,0.0021835098117720685,0.0010899756375811502,0.0002003729985792413,0.0004150750573757044,-0.00109428422527674,0.001989305309515115,0.005336030779777683,0.0011418880377845556,-0.002331396599085344
IND670645AAB,0.0004042792299721,2,1,0.5,21.0,2.4,Mananthavady_Central_D_1 (Kerala),0.0084898638294145,-0.001633901475070406,-0.002201564827647958,0.0014748078637691845,-0.002159270229354793,-0.001039394206020917,0.0011693261878979082,0.0005908324820182537,0.002183509811772067,0.001089975637581149,0.00020037299857924266,0.0004150750573757021,-0.0010942842252767366,0.00198880591734181,0.005334014760225307,0.001141428227537069,-0.0023303338340733295
IND752050AAA,3.648729512383788e-07,2,2,0.4166666666666667,7.0,1.861111111111111,Khurdha_JatniDPP_D (Orissa),2.554110658668652e-06,-0.0016339014750702855,-0.002201564827647882,0.0014748078637692253,-0.0021592702293548394,-0.0010393942060210359,0.00116932618789779,0.0005908324820181515,0.002183509811772024,0.0010899756375811435,0.0002003729985796607,0.0004150750573762078,-0.001094284225277263,-0.000690768830136682,0.0014559331936301297,0.0015910688597142967,-0.003200957225759619
IND232101AAB,0.0044748018739874,2,1,0.1666666666666666,13.0,4.75,MughalSarai_Central_D_2 (Uttar Pradesh),0.0581724243618372,-0.0016339014750703837,-0.0022015648276480747,0.0014748078637691275,-0.0021592702293548554,-0.0010393942060209738,0.0011693261878977916,0.0005908324820176323,0.0021835098117720577,0.0010899756375811053,0.0002003729985786519,0.0004150750573734042,-0.0010942842252899777,-0.005483428054509158,-0.010199144632916116,-0.026784500803234534,0.048418606194541615
IND232104AAB,0.0040701577710641,1,3,0.0833333333333333,19.0,1.962768031189084,Chandauli_ShubsNGR_D (Uttar Pradesh),0.0773329976502182,-0.0016339014750703974,-0.0022015648276480747,0.0014748078637691106,-0.00215927022935488,-0.0010393942060209745,0.0011693261878977929,0.0005908324820176205,0.002183509811772066,0.0010899756375810745,0.00020037299857858745,0.0004150750573733838,-0.001094284225290327,-0.00558101362458725,-0.010478496389530467,-0.02756992992694156,0.0500417092184776
IND505302AAB,0.0022197045988586,2,3,0.2,2.0,2.0894607843137254,Vemulawada_Central_DPP_2 (Telangana),0.0044394091977173,-0.0016339014750703252,-0.0022015648276480586,0.0014748078637692257,-0.002159270229354866,-0.0010393942060210265,0.0011693261878977868,0.0005908324820176585,0.0021835098117720534,0.0010899756375798418,0.00020037299858310971,0.0004150750573751142,-0.0010942842252769922,-0.0005970369637265518,0.00545475844704678,0.000613480059266396,-0.008477546183288807
IND505327AAA,0.0010083264007472,4,1,0.2,18.0,4.083118335053319,Jagtial_Aravind_D (Telangana),0.0181498752134506,-0.0016339014750703276,-0.00220156482764806,0.0014748078637692235,-0.00215927022935487,-0.0010393942060210274,0.0011693261878977861,0.0005908324820176518,0.0021835098117720555,0.0010899756375798348,0.0002003729985831226,0.00041507505737508547,-0.0010942842252770106,-0.0005988421545999699,0.005479534729003586,0.0006164488671434686,-0.008523952716540285
IND504215AAA,1.824364756191894e-06,1,2,0.5,48.0,1.7207664884135472,Luxettipet_ShivaDPP_D (Telangana),8.756950829721091e-05,-0.0016339014750703256,-0.002201564827648061,0.001474807863769228,-0.002159270229354861,-0.0010393942060210283,0.001169326187897786,0.0005908324820176629,0.002183509811772051,0.0010899756375798686,0.00020037299858301767,0.0004150750573751228,-0.0010942842252770234,-0.0005928058489227937,0.0053963630311909426,0.0006064752067355751,-0.0083677943017595
IND151505AAA,0.000808193586993,1,1,0.0,5.0,1.7692307692307692,Mansa_GreenVly_D (Punjab),0.004040967934965,-0.0016339014750704432,-0.002201564827648464,0.0014748078637689202,-0.0021592702293552427,-0.0010393942060208732,0.0011693261878978052,0.0005908324820181421,0.002183509811772092,0.0010899756375824779,0.00020037299858070937,0.000415075057376376,-0.0010942842252761882,-0.002010900252031881,0.0005570820627568402,-0.004261397271526022,-0.004250490274632305
IND600083AAA,0.0,0,1,0.0,2.0,2.0357142857142856,Chennai_AshokNagar_DC (Tamil Nadu),0.0,-0.0016339014750701404,-0.0022015648276492014,0.0014748078637697826,-0.002159270229353618,-0.0010393942060209838,0.001169326187897783,0.0005908324820181586,0.002183509811771889,0.0010899756375806575,0.00020037299857902845,0.0004150750573760286,-0.001094284225277375,0.00038983241515774423,0.005090688450570806,0.0004985250051745932,-0.004205079638650745
IND363520AAC,0.0,0,1,0.0,0.0,0.0,Chotila_Central_D_2 (Gujarat),0.0,-0.06864052934321671,0.09303431691523562,0.045797452119220566,0.004221715030140134,-0.08967818523947996,-0.05581205745129773,-0.03972175319718644,0.0517008381525599,0.1468149385440962,-0.15100229849371485,-0.07218853815573101,0.1289328374732724,9.00537733518416e-15,1.0435966361894648e-14,-1.5165661208478092e-14,2.6654798487628164e-14
IND204101AAA,1.281187064507838e-05,1,2,0.5,12.0,3.3284618195104128,Hathras (Uttar Pradesh),0.0001537424477409,-0.0016339014750700721,-0.002201564827648016,0.0014748078637694746,-0.002159270229354392,-0.0010393942060210987,0.0011693261878977543,0.0005908324820180548,0.002183509811771885,0.0010899756375818495,0.00020037299857961243,0.00041507505737604027,-0.001094284225277977,-0.0024729685006528923,-0.001776304419984326,-0.003997878479612252,0.0007841415860167214
IND722122AAA,0.0004031846111184,2,1,0.5,49.0,1.7142857142857142,Bishnupur_StnRdDPP_D (West Bengal),0.019756045944802,-0.0016339014750702111,-0.0022015648276480842,0.001474807863769301,-0.002159270229354711,-0.0010393942060210608,0.0011693261878977781,0.0005908324820181061,0.0021835098117719684,0.0010899756375832717,0.00020037299857956974,0.0004150750573774834,-0.0010942842252733849,-0.0027183196332428686,-0.0058428436608836554,0.0087909839555338,-0.0014220181361669743
IND122001AAD,0.0,1,1,0.5,19.0,1.7763888888888888,Gurgaon_Kadipur (Haryana),0.0,-0.0016339014750701491,-0.002201564827648048,0.0014748078637693862,-0.0021592702293545276,-0.001039394206021068,0.0011693261878977749,0.000590832482017998,0.0021835098117719324,0.0010899756375817794,0.0002003729985795409,0.0004150750573759617,-0.0010942842252775202,-0.0022530954809521276,-0.0013877951594102494,-0.0029800185001914196,-0.0006627148011149793
IND383315AAC,0.000808193586993,1,2,0.3333333333333333,0.0,0.0,Modasa_Central_D_1 (Gujarat),0.0,-0.0016339014750699433,-0.0022015648276491684,0.0014748078637696438,-0.0021592702293549417,-0.001039394206021677,0.0011693261878973863,0.0005908324820177352,0.002183509811772025,0.0010899756375808516,0.0002003729985812765,0.00041507505737684014,-0.0010942842252770015,-0.0016808474790190873,0.0013239203356662068,-0.0031612546109363476,-0.004636477679596013
IND383255AAB,0.0,1,1,0.5,0.0,0.0,Khedbrahma_Patelfli_D (Gujarat),0.0,-0.0016339014750699436,-0.0022015648276491615,0.0014748078637696392,-0.002159270229354936,-0.0010393942060216706,0.0011693261878973757,0.0005908324820177325,0.0021835098117720347,0.0010899756375808574,0.00020037299858126256,0.00041507505737683277,-0.0010942842252770145,-0.0016792002722640224,0.0013219683613702312,-0.0031562872897160136,-0.00462823142687581
IND515301AAA,0.0004053738488258,1,1,0.0,32.0,1.8,Madakasira_RTCStand_D (Andhra Pradesh),0.0129719631624268,-0.0016339014750703976,-0.002201564827648147,0.001474807863769226,-0.0021592702293545566,-0.001039394206020869,0.0011693261878978564,0.0005908324820181658,0.002183509811772031,0.0010899756375809069,0.00020037299857886897,0.0004150750573760434,-0.0010942842252763961,0.0012085158084212623,0.006573512939851753,0.0014676790357822942,-0.003898040450588844
IND561202AAB,0.0004031846111184,1,1,0.0,96.0,1.6515151515151516,Pavagada_PnukndRD_D (Karnataka),0.0387057226673672,-0.001633901475070399,-0.0022015648276481332,0.0014748078637692261,-0.002159270229354562,-0.0010393942060208698,0.0011693261878978642,0.0005908324820181622,0.002183509811772029,0.0010899756375809058,0.00020037299857889363,0.000415075057376018,-0.0010942842252764204,0.0012029009344075574,0.006527602307364082,0.0014567564362848488,-0.0038652162287311467
IND712612AAA,0.0002025044879373,1,1,0.0,3.0,1.6842105263157894,Kamarpukur_ChatiDPP_D (West Bengal),0.0006075134638119,-0.0016339014750703074,-0.0022015648276480825,0.0014748078637692548,-0.002159270229354714,-0.0010393942060209886,0.0011693261878977944,0.0005908324820181238,0.0021835098117720286,0.0010899756375823142,0.00020037299858001388,0.00041507505737619813,-0.0010942842252758343,-0.002210807526517649,-0.004122831186754569,0.006006253642986687,-0.0009012506181570357
IND524201AAA,0.0008060043492855,1,1,0.5,62.0,1.3105508870214753,Kavali_Kacheri_D (Andhra Pradesh),0.0499722696557058,-0.0016339014750701897,-0.0022015648276484494,0.0014748078637694718,-0.002159270229354273,-0.001039394206021013,0.001169326187897804,0.0005908324820179493,0.002183509811771928,0.0010899756375808915,0.000200372998579436,0.0004150750573758767,-0.0010942842252773168,-0.0002696586786061423,0.0037730068636336717,3.4785444499108975e-05,-0.004345556932822174
IND000000AEL,0.0,1,1,0.0,102.0,1.478174603174603,Delhi_PunjabiB_L (Delhi),0.0,-0.0016339014750701931,-0.002201564827648097,0.00147480786376935,-0.0021592702293545883,-0.0010393942060210558,0.0011693261878977649,0.0005908324820180266,0.0021835098117719567,0.0010899756375816407,0.00020037299857928907,0.00041507505737578847,-0.0010942842252775597,-0.001956476693235685,-0.0006306844265212693,-0.0030729838135957178,-0.0013559453287605016
IND764071AAB,0.0016131033174248,1,2,0.0,34.0,5.339793585054249,Pappadahandi_Central_DPP_2 (Orissa),0.0548455127924456,-0.001633901475070178,-0.0022015648276477663,0.0014748078637691357,-0.002159270229355202,-0.001039394206021181,0.0011693261878977152,0.0005908324820182302,0.0021835098117720104,0.0010899756375801197,0.00020037299857934664,0.00041507505737680154,-0.001094284225278837,-0.00036667718268552707,0.004089405450502411,0.0009374936453777725,-0.00551920890248885
IND110043AAC,0.0,1,1,0.0,5.0,1.375,Delhi_Nangli_L (Delhi),0.0,-0.001633901475070193,-0.002201564827648093,0.00147480786376935,-0.0021592702293545857,-0.001039394206021055,0.001169326187897765,0.0005908324820180261,0.00218350981177196,0.0010899756375816402,0.00020037299857928825,0.0004150750573757911,-0.001094284225277568,-0.001956476693235681,-0.0006306844265212701,-0.0030729838135957264,-0.0013559453287604998
IND333001AAA,0.0,1,1,0.5,6.0,1.291248206599713,Jhunjhunu_DC (Rajasthan),0.0,-0.0016339014750705,-0.002201564827647191,0.001474807863769018,-0.0021592702293546373,-0.001039394206020655,0.0011693261878980357,0.000590832482018447,0.0021835098117720187,0.0010899756375779307,0.00020037299857964441,0.0004150750573778667,-0.001094284225274978,-0.0015607411368164582,0.0020397761347176373,-0.004613311163180555,-0.0054239337081500895
IND333504AAA,0.0012205000218923,1,1,0.0,4.0,1.7866666666666666,Khetri_NagarDPP_D (Rajasthan),0.0048820000875695,-0.0016339014750705665,-0.002201564827646823,0.0014748078637689343,-0.002159270229354633,-0.001039394206020545,0.0011693261878981383,0.0005908324820186144,0.00218350981177202,0.0010899756375773897,0.00020037299857951878,0.0004150750573782826,-0.001094284225274691,-0.0016405984143972783,0.0022019310349797646,-0.005006685808550495,-0.0059547639352440195
IND332713AAA,0.000814396427164,1,2,0.0,14.0,1.6480883247187594,NeemKaThana_War5DPP_D (Rajasthan),0.0114015499802968,-0.001633901475070591,-0.002201564827646709,0.0014748078637688835,-0.0021592702293546234,-0.0010393942060204907,0.0011693261878981702,0.0005908324820186834,0.00218350981177202,0.0010899756375771672,0.00020037299857946238,0.0004150750573785053,-0.0010942842252745623,-0.0016725975160119487,0.002267177581338316,-0.0051650978119710655,-0.006168902814368592
IND733128AAA,0.001229256972722,1,2,0.1666666666666666,23.0,2.208333333333333,Itahar_NatunDPP_D (West Bengal),0.0282729103726082,-0.001633901475070444,-0.0022015648276480825,0.001474807863769223,-0.002159270229354728,-0.0010393942060209836,0.0011693261878978065,0.0005908324820181638,0.002183509811772111,0.0010899756375827505,0.00020037299858025932,0.0004150750573760942,-0.00109428422527544,-0.0024689477829800965,-0.00489954041773494,0.007229635517274786,-0.0011156967980040823
IND733129AAA,6.567713122290818e-06,1,1,0.0,24.0,1.8735994397759108,Kaliyaganj_FatprDPP_D (West Bengal),0.0001576251149349,-0.0016339014750704243,-0.0022015648276480925,0.00147480786376923,-0.0021592702293547206,-0.0010393942060209892,0.001169326187897807,0.0005908324820181625,0.0021835098117720993,0.0010899756375827151,0.00020037299858024775,0.0004150750573761311,-0.001094284225275485,-0.002446238744160597,-0.004831603501181679,0.007122757534625123,-0.0010970119725272852
IND524003AAA,0.0,1,1,0.5,237.0,1.5294117647058822,Nellore_DC (Andhra Pradesh),0.0,-0.0016339014750702105,-0.002201564827648484,0.0014748078637694558,-0.0021592702293543047,-0.001039394206021018,0.0011693261878977727,0.0005908324820180849,0.0021835098117719467,0.001089975637580896,0.00020037299857946249,0.00041507505737590014,-0.0010942842252773784,-3.093369693642555e-05,0.003943304427538021,0.00040000386678762926,-0.0040371363520803
IND413307AAC,0.0,1,1,0.0,10.0,2.0,Sangola_Central_DPP_3 (Maharashtra),0.0,-0.0016339014750702584,-0.002201564827647956,0.0014748078637692498,-0.0021592702293547574,-0.0010393942060210259,0.001169326187897797,0.0005908324820179851,0.002183509811771979,0.0010899756375813067,0.000200372998579658,0.0004150750573756825,-0.0010942842252771286,-0.0006047826146789101,0.002638450726251827,-0.0003396632345195471,-0.004077100754030232
IND485771AAA,0.0,1,2,0.5,8.0,1.9732620320855612,Maihar_MngalDPP_D (Madhya Pradesh),0.0,-0.0016339014750700444,-0.0022015648276480205,0.0014748078637694612,-0.002159270229354358,-0.0010393942060210983,0.0011693261878977465,0.0005908324820178145,0.0021835098117718543,0.001089975637581543,0.00020037299857931785,0.0004150750573748026,-0.001094284225284099,-0.004020701420277196,-0.00582585947276371,-0.015180479352923238,0.023329235402243322
IND303002AAA,0.0,1,1,0.5,20.0,1.7840909090909092,Achrol_BgwriDPP_D (Rajasthan),0.0,-0.0016339014750703144,-0.002201564827648009,0.0014748078637692305,-0.0021592702293546998,-0.0010393942060209738,0.0011693261878978109,0.0005908324820182311,0.002183509811772009,0.0010899756375796201,0.00020037299857984675,0.0004150750573765092,-0.0010942842252758564,-0.001306337370356745,0.0015382446104581038,-0.0034038078636112416,-0.00381251145156218
IND700065AAB,0.0,0,1,0.0,30.0,5.011904761904762,CCU_Beleghta_CP (West Bengal),0.0,0.03590604543441705,-0.05926859450671345,0.01306901813868664,-0.028947884899782797,-0.01853999624069958,0.02814197107764041,0.028077334580572193,-0.003799533853848317,0.03463715594372476,-0.010982563110038339,0.017266618370535967,-0.027827905051127522,-2.6697351244668787e-15,-4.197466988871623e-15,3.0677264106212793e-15,-9.019896850817905e-15
IND110077AAA,0.0,0,1,0.0,1.0,1.3333333333333333,Delhi_Palam (Delhi),0.0,-0.0016339014750701851,-0.0022015648276481024,0.0014748078637693597,-0.0021592702293545805,-0.0010393942060209814,0.001169326187897765,0.0005908324820180056,0.002183509811771956,0.0010899756375817784,0.00020037299857920938,0.00041507505737571826,-0.0010942842252774988,-0.0019874992382941906,-0.0006458481190909539,-0.003151846758261191,-0.001395463365790587
IND637408AAA,0.0,0,1,0.0,20.0,1.6095238095238096,Rasipurm_Knrpati_D (Tamil Nadu),0.0,0.06838591529737706,-0.0262902725745669,0.014086965683760787,0.018572977725080663,-0.0012215349027931521,-0.02009956405094415,-0.002129333853811778,-0.06589085361053518,-0.00974972027082156,0.020679879337282193,-0.005430332876809833,-0.010031564292216587,3.82756603332246e-16,3.185939130659272e-16,1.0268842434013362e-15,-7.739234111386901e-16
IND360490AAA,7.662331976005956e-06,1,1,0.0,20.0,2.3208333333333333,Upleta_AdrshSt_DC (Gujarat),0.0001532466395201,-0.005311017640626092,-0.013135942306193735,0.015167636239420457,0.011361124035081145,-0.00999420636016355,-0.0032338861268211704,0.015297544700170551,0.018281187030060465,-0.009668263821182806,0.013187906197033054,-0.008471403499950209,0.013471385511354482,3.2364507585690863e-16,7.699434310674701e-16,-1.9410145796366912e-15,2.000667509980136e-15
IND395001AAA,0.0,1,1,0.0,18.0,7.035714285714286,Surat_Central_D_9 (Gujarat),0.0,-0.007082070974886692,-0.0011290668662148394,-0.005278622889405652,-0.0027268751970871094,0.010689807809418493,0.006653295816908383,-0.008275075644317438,0.009624934471828607,-0.009549919745795664,0.0028364931085680316,-0.004289070796925652,0.009882663810754845,7.398690291569997e-16,1.2913284351608678e-15,-1.0823241302346611e-15,2.9973740737973584e-15
IND828111AAA,0.0004035494840696,2,1,0.0,12.0,5.045454545454545,Dhanbad_Jharia_DC (Jharkhand),0.0048425938088357,-0.001633901475070058,-0.0022015648276480777,0.0014748078637693213,-0.0021592702293545918,-0.0010393942060210378,0.0011693261878977768,0.0005908324820180664,0.0021835098117718617,0.0010899756375819835,0.0002003729985797711,0.0004150750573755038,-0.0010942842252777626,-0.002706749564478845,-0.004359380635861064,0.0008260753125147632,0.0031458040155634866
IND334803AAA,0.0004031846111184,2,1,0.1666666666666666,9.0,1.6875,Nokha_DeVDPP_D (Rajasthan),0.0036286615000656,-0.0016339014750704763,-0.002201564827647347,0.0014748078637690598,-0.0021592702293546594,-0.0010393942060207175,0.001169326187898009,0.0005908324820184478,0.0021835098117720187,0.001089975637578157,0.0002003729985796599,0.0004150750573775304,-0.0010942842252751252,-0.0015302210375266307,0.001976710806647169,-0.004459799139929791,-0.005215276662039052
IND341001AAC,0.0051983449362931,2,2,0.1666666666666666,32.0,1.4857929841897233,Nagaur_KisanCo_D (Rajasthan),0.1663470379613818,-0.0016339014750704683,-0.0022015648276473994,0.001474807863769077,-0.0021592702293546733,-0.0010393942060207418,0.0011693261878979895,0.0005908324820184264,0.0021835098117720213,0.0010899756375782892,0.00020037299857968635,0.00041507505737741786,-0.0010942842252751788,-0.0015121039429089836,0.0019407246072573794,-0.004372883581842906,-0.005099102831300821
IND591115AAB,1.824364756191894e-07,2,2,0.5,14.0,1.8806875314228253,Kittur_ColageRD_D (Karnataka),2.554110658668652e-06,-0.0016339014750703905,-0.002201564827647714,0.0014748078637690852,-0.0021592702293549465,-0.0010393942060209199,0.001169326187897871,0.0005908324820181863,0.002183509811772036,0.0010899756375812634,0.00020037299857932335,0.00041507505737547394,-0.0010942842252765481,0.0007252524442287277,0.004245824547684459,0.0002700143437932983,-0.003468356649665332
IND521105AAA,0.0012128376899163,1,2,0.1666666666666666,12.0,2.067263112141408,HanumanJNC_VijywdRD_D (Andhra Pradesh),0.0145540522789964,-0.0016339014750701914,-0.0022015648276481536,0.0014748078637693575,-0.0021592702293545046,-0.001039394206021025,0.0011693261878978072,0.0005908324820179093,0.0021835098117719354,0.0010899756375810756,0.00020037299857952504,0.000415075057375764,-0.0010942842252772789,-0.0006975425055179263,0.002876412590457984,-0.0006182091988841606,-0.004173738208351262
IND413304AAA,0.0016160223010347,2,2,0.1,75.0,1.6388888888888888,Pandharpur_RajCmplx_D (Maharashtra),0.1212016725776084,-0.0016339014750702506,-0.0022015648276479186,0.0014748078637692446,-0.0021592702293547635,-0.0010393942060210192,0.0011693261878978171,0.0005908324820179643,0.0021835098117719753,0.0010899756375812354,0.0002003729985796569,0.00041507505737565175,-0.0010942842252771045,-0.0006189834148976718,0.0027331553993148153,-0.000352697609834496,-0.00425539603359701
IND635802AAB,0.0016160223010347,4,2,0.25,91.0,1.8247004357298475,Ambur_Central_D_2 (Tamil Nadu),0.1470580293941649,-0.001633901475070206,-0.0022015648276485188,0.0014748078637693777,-0.0021592702293543454,-0.001039394206020973,0.0011693261878975786,0.0005908324820181889,0.0021835098117719345,0.001089975637581071,0.00020037299857918731,0.00041507505737579573,-0.0010942842252770779,0.0012462138911593906,0.005166487462324136,0.0008830813871683155,-0.0029827972051258505
IND410401AAA,0.0,1,1,0.0,33.0,1.5178571428571428,Lonavala_NngrgnRd_D (Maharashtra),0.0,-0.0016339014750702313,-0.0022015648276479728,0.0014748078637692803,-0.0021592702293547336,-0.0010393942060210669,0.0011693261878977733,0.0005908324820179769,0.0021835098117719805,0.0010899756375817693,0.00020037299857970532,0.00041507505737559483,-0.0010942842252772572,-0.0012282296090147206,0.0011786305786044198,-0.0009033407561378984,-0.003701164087937026
IND532127AAA,0.0016193061575959,1,1,0.0,62.0,1.6595238095238094,Rajam_SamathBv_D (Andhra Pradesh),0.1003969817709473,-0.0016339014750701604,-0.0022015648276468317,0.0014748078637686918,-0.0021592702293564696,-0.001039394206021436,0.0011693261878976489,0.0005908324820184921,0.002183509811772118,0.001089975637579003,0.00020037299857895595,0.0004150750573780972,-0.001094284225281151,-0.00041853892263127567,0.005027719913197828,0.0011703151158705466,-0.0071241345636907025
IND535558AAA,0.001614927682181,1,1,0.0,40.0,1.8117588932806323,Bobbili_ColegRd_D (Andhra Pradesh),0.0645971072872425,-0.001633901475070176,-0.0022015648276467593,0.0014748078637686574,-0.0021592702293565685,-0.0010393942060214567,0.001169326187897653,0.0005908324820185038,0.002183509811772158,0.0010899756375789052,0.00020037299857891626,0.0004150750573781907,-0.0010942842252812846,-0.00042251720960390543,0.005099841910064996,0.0011882176183419168,-0.007247647642453797
IND262501AAA,0.0004026373016915,2,1,0.6666666666666666,40.0,1.2934181415929205,Pithorgarh_Kumud_D (Uttarakhand),0.016105492067662,-0.001633901475070054,-0.002201564827646745,0.0014748078637700618,-0.002159270229353042,-0.0010393942060212004,0.0011693261878977753,0.0005908324820182356,0.002183509811771863,0.0010899756375822307,0.00020037299858116352,0.00041507505737943594,-0.0010942842252749398,-0.0028344241068863876,-0.0010303517808016212,-0.005511239155017611,-0.0038580818527263303
IND604303AAA,0.0004053738488258,1,1,0.0,11.0,1.5714285714285714,Marakkanam_MJRDPP_D (Tamil Nadu),0.0044591123370842,-0.00163390147507015,-0.0022015648276498276,0.001474807863770054,-0.002159270229353075,-0.0010393942060209437,0.0011693261878977354,0.0005908324820182341,0.002183509811771884,0.0010899756375806096,0.0002003729985789172,0.00041507505737625196,-0.0010942842252773671,0.00039165833588706574,0.005145594320192776,0.0005046882230142481,-0.004273283681314668
IND312605AAB,0.0020184771662507,2,2,0.1666666666666666,66.0,1.8358340106041255,Pratapgarh_Nimachrd_D (Rajasthan),0.1332194929725469,-0.0016339014750702222,-0.0022015648276484424,0.00147480786376935,-0.002159270229354804,-0.0010393942060211898,0.0011693261878976693,0.0005908324820181526,0.002183509811772032,0.0010899756375795642,0.00020037299858042068,0.00041507505737666564,-0.0010942842252758469,-0.0015371105440414813,0.0016262495762069578,-0.0037177412545717696,-0.004658890919752678
IND458001AAB,0.0004053738488258,1,1,0.5,22.0,1.6666666666666667,Mandsaur_YashDPP_D (Madhya Pradesh),0.0089182246741684,-0.0016339014750702085,-0.0022015648276484476,0.0014748078637693565,-0.0021592702293548043,-0.0010393942060211983,0.0011693261878976571,0.0005908324820181539,0.002183509811772026,0.0010899756375795408,0.00020037299858044472,0.00041507505737668884,-0.00109428422527582,-0.0015490005978052578,0.001645231705048155,-0.0037640155791096993,-0.004724609770692434
IND458990AAA,0.0004031846111184,1,1,0.5,30.0,1.7096153846153843,Sitamau_Central_DPP_1 (Madhya Pradesh),0.0120955383335522,-0.0016339014750702116,-0.0022015648276484502,0.0014748078637693526,-0.0021592702293548043,-0.0010393942060211976,0.0011693261878976623,0.0005908324820181559,0.0021835098117720304,0.001089975637579534,0.0002003729985804576,0.00041507505737669003,-0.001094284225275818,-0.0015492899733899465,0.0016456943366634103,-0.003765143686600326,-0.004726212857026386
IND781354AAA,0.003231314856167,1,1,0.0,2.0,3.1333333333333333,Rangia_HosptlRd_D (Assam),0.0064626297123341,-0.0016339014750692505,-0.0022015648276483258,0.00147480786376932,-0.0021592702293547488,-0.0010393942060210964,0.0011693261878977452,0.0005908324820177797,0.0021835098117713235,0.001089975637581709,0.00020037299857911248,0.00041507505737437824,-0.0010942842252753423,-0.004415754417600994,-0.01737943203875214,0.021343814815333175,0.0054530006359165325
IND783370AAB,0.0,0,1,0.0,6.0,2.15,Kokrajhar_HplrdDPP_D (Assam),0.0,-0.0016339014750687555,-0.0022015648276484546,0.0014748078637693372,-0.0021592702293548095,-0.0010393942060211697,0.001169326187897713,0.0005908324820176338,0.0021835098117709956,0.0010899756375819952,0.00020037299857898544,0.00041507505737449013,-0.0010942842252752757,-0.004727652736905966,-0.01928242861438621,0.023849454186757862,0.006186980513723195
IND783301AAA,0.0036242830246508,2,1,0.0,22.0,1.9544534412955463,Dhubri_Tetultol_D (Assam),0.0797342265423179,-0.0016339014750687865,-0.002201564827648458,0.0014748078637693322,-0.002159270229354804,-0.0010393942060211733,0.001169326187897723,0.0005908324820176458,0.002183509811771013,0.0010899756375819815,0.00020037299857899067,0.0004150750573744889,-0.0010942842252752594,-0.004708397711011309,-0.01916438758051848,0.023693886992330302,0.006141319214794058
IND783348AAA,0.0036220937869433,1,1,0.0,30.0,1.62902576489533,Bilasipara_Wardno5_D (Assam),0.1086628136083016,-0.0016339014750689344,-0.0022015648276484225,0.0014748078637693307,-0.002159270229354788,-0.0010393942060211367,0.0011693261878977328,0.0005908324820177168,0.0021835098117711192,0.0010899756375818805,0.00020037299857903807,0.00041507505737448715,-0.0010942842252753071,-0.0046151780689038715,-0.018594282665053703,0.022942896978525366,0.005921116297287022
IND794101AAA,0.0036177153115285,1,1,0.0,72.0,2.2844971896383184,Tura_Sracmplx_D (Meghalaya),0.2604755024300538,-0.0016339014750694145,-0.0022015648276482833,0.001474807863769315,-0.002159270229354733,-0.0010393942060210647,0.0011693261878977527,0.0005908324820178832,0.0021835098117714414,0.0010899756375816032,0.00020037299857914378,0.0004150750573744239,-0.0010942842252754364,-0.004303309225780812,-0.016696963398626714,0.020446157889585093,0.005190638170655471
IND600016AAB,0.0,0,1,0.0,90.0,1.8412698412698412,Chennai_Alandur_C (Tamil Nadu),0.0,0.003816092211591273,-0.0381023870017244,0.04633961736750144,-0.08105452681314494,0.07455716400855436,-0.0025877959293922085,-0.039450008410520356,0.008600874529189758,-0.04840278041593721,-0.010581678758512434,-0.0391880308765097,0.0663981456159109,5.374937862024205e-15,7.337069900808727e-15,-7.821410614743667e-15,1.6976833938725282e-14
IND301019AAA,0.0,0,2,0.5,26.0,2.4965211891208097,Bhiwadi DC (Rajasthan),0.0,-0.0016339014750701795,-0.0022015648276481024,0.001474807863769357,-0.002159270229354572,-0.0010393942060211,0.0011693261878977577,0.0005908324820180194,0.002183509811771961,0.0010899756375816114,0.00020037299857934423,0.00041507505737578955,-0.0010942842252776171,-0.0019999875567765796,-0.0006520149783374906,-0.003183983868016988,-0.0014116369436746018
IND505325AAA,0.0,1,1,0.5,9.0,1.3946078431372548,Metpally_GunjRDPP_D (Telangana),0.0,-0.0016339014750703243,-0.0022015648276480586,0.0014748078637692229,-0.002159270229354871,-0.0010393942060210268,0.001169326187897783,0.0005908324820176451,0.002183509811772053,0.0010899756375798066,0.00020037299858317943,0.00041507505737508574,-0.0010942842252769955,-0.0006005255649731098,0.005502756376357355,0.0006192341525115608,-0.008567583119833298
IND202001AAC,0.0,0,1,0.0,16.0,2.619047619047619,Aligarh_Central_D_2 (Uttar Pradesh),0.0,-0.0016339014750698386,-0.0022015648276479545,0.0014748078637696295,-0.0021592702293540943,-0.0010393942060211525,0.0011693261878977187,0.0005908324820184371,0.0021835098117717368,0.0010899756375820455,0.00020037299857979802,0.0004150750573763264,-0.0010942842252777733,-0.002711747706392531,-0.0020524247504202756,-0.004504367109784561,0.0007234641140001365
IND204215AAA,0.0004046441029233,1,1,0.0,24.0,2.875,SikandraRao_JydevNGR_D (Uttar Pradesh),0.0097114584701606,-0.0016339014750698475,-0.0022015648276479532,0.0014748078637696186,-0.002159270229354107,-0.0010393942060211456,0.00116932618789772,0.0005908324820184233,0.002183509811771741,0.0010899756375820388,0.00020037299857979132,0.00041507505737631994,-0.001094284225277773,-0.0027007031616232994,-0.002039860444112138,-0.004474985651053684,0.0007181247871507309
IND207001AAA,0.0008085584599442,1,1,0.0,0.0,0.0,Etah_CivlLine_D (Uttar Pradesh),0.0,-0.001633901475069879,-0.0022015648276479654,0.0014748078637695974,-0.0021592702293541464,-0.0010393942060211415,0.001169326187897728,0.000590832482018368,0.00218350981177177,0.0010899756375820125,0.0002003729985797712,0.0004150750573762956,-0.001094284225277789,-0.0026696220117098596,-0.002004551630119643,-0.004392438997579616,0.0007031327969063217
IND207302AAA,0.0012117430710626,1,1,0.0,21.0,2.5,Jalesar_ChngiDPP_D (Uttar Pradesh),0.0254466044923157,-0.0016339014750700064,-0.0022015648276479966,0.001474807863769516,-0.00215927022935431,-0.00103939420602111,0.0011693261878977452,0.0005908324820181587,0.0021835098117718482,0.0010899756375819176,0.00020037299857967797,0.0004150750573761321,-0.0010942842252778828,-0.00254229017995624,-0.001860204715649291,-0.004055117271809293,0.0006419231049589838
IND124507AAA,0.0008085584599442,2,2,0.0,24.0,2.381729381729382,Bahadurgarh_DC (Haryana),0.0194054030386619,-0.0016339014750702578,-0.0022015648276476796,0.0014748078637695174,-0.0021592702293542023,-0.0010393942060210946,0.001169326187897772,0.0005908324820180517,0.0021835098117720005,0.0010899756375819325,0.0002003729985805142,0.0004150750573785017,-0.0010942842252758419,-0.002499087402054976,-0.0008467344445903615,-0.004464276965349493,-0.0030280770882962363
IND124112AAA,0.0,1,3,0.5833333333333334,20.0,1.9824303405572756,Meham_GModDPP_D (Haryana),0.0,-0.001633901475070145,-0.002201564827648086,0.0014748078637693987,-0.002159270229354511,-0.0010393942060210805,0.001169326187897758,0.0005908324820179879,0.0021835098117719298,0.0010899756375817432,0.00020037299857935987,0.00041507505737585536,-0.0010942842252775562,-0.002131101347977095,-0.0008744611409857283,-0.003318742420259879,-0.0013139986031129188
IND303303AAA,2.6270852489163277e-05,2,1,0.1666666666666666,122.0,1.25,Dausa_IndraCln_D (Rajasthan),0.0032050440036779,0.00619021337249958,-0.004692625825373557,0.013342019140760402,-0.007794179941099485,-0.009692031391717416,-0.004497363920442523,0.007607952112082332,-0.00898803916970875,0.013518004607779289,-0.002096211131806214,0.009676212933406345,-0.014774234203030099,-1.131289913592958e-15,-1.9288586014470184e-15,1.6479912717921239e-15,-4.088081574219817e-15
IND322230AAA,2.7000598391640037e-05,1,1,0.0,55.0,1.6522727272727271,Hindaun_MndwrRod_D (Rajasthan),0.0014850329115402,0.006190213372499569,-0.0046926258253735635,0.013342019140760409,-0.007794179941099489,-0.009692031391717416,-0.004497363920442506,0.007607952112082348,-0.008988039169708775,0.013518004607779301,-0.0020962111318062063,0.00967621293340637,-0.014774234203030142,-1.109913138717907e-15,-1.9605873500464433e-15,1.6379330377222381e-15,-4.077364048733903e-15
IND322241AAA,2.773034429411679e-05,1,1,0.0,60.0,1.763888888888889,Karauli_HnsChowk_D (Rajasthan),0.001663820657647,0.006190213372499576,-0.004692625825373551,0.013342019140760419,-0.007794179941099499,-0.00969203139171742,-0.004497363920442532,0.007607952112082346,-0.008988039169708771,0.013518004607779325,-0.002096211131806208,0.009676212933406392,-0.014774234203030102,-1.1104957944767264e-15,-1.920232799674284e-15,1.6511790676661788e-15,-4.0781911570817565e-15
IND322201AAA,2.8460090196593547e-05,1,2,0.1666666666666666,78.0,1.6375,Gangapur_Ward6DPP_D (Rajasthan),0.0022198870353342,0.006190213372499585,-0.004692625825373545,0.013342019140760419,-0.0077941799410994736,-0.009692031391717428,-0.004497363920442516,0.007607952112082355,-0.008988039169708766,0.013518004607779313,-0.002096211131806205,0.00967621293340647,-0.014774234203030166,-1.1103330914016955e-15,-1.951728935639562e-15,1.6462940474330577e-15,-4.0913003275261235e-15
IND581402AAA,0.0016182115387422,1,2,0.1666666666666666,33.0,1.3662318311743598,Sirsi_Vidygiri_D (Karnataka),0.0534009807784929,-0.0016339014750703642,-0.0022015648276478513,0.0014748078637691077,-0.0021592702293548654,-0.0010393942060209272,0.0011693261878978096,0.0005908324820182034,0.002183509811772026,0.0010899756375812402,0.00020037299857929842,0.00041507505737558095,-0.0010942842252766856,0.0013162375641220078,0.004682087574981852,0.0006719862361650517,-0.0028674699872972154
IND577401AAA,0.0002010449961323,1,2,0.3333333333333333,13.0,1.5294117647058822,Sagara_Vardhard_D (Karnataka),0.0026135849497205,-0.0016339014750703592,-0.002201564827647935,0.0014748078637691411,-0.0021592702293548134,-0.0010393942060209376,0.0011693261878977976,0.0005908324820182072,0.0021835098117720304,0.0010899756375812436,0.0002003729985792801,0.0004150750573756472,-0.0010942842252767678,0.0016393374565454024,0.004885555818335421,0.0008884030885198319,-0.002508128374196793
IND754022AAA,0.0008063692222368,2,1,0.1666666666666666,6.0,2.0036764705882355,Tangi_SriDPP_D (Orissa),0.0048382153334209,-0.0016339014750703963,-0.0022015648276479936,0.0014748078637692261,-0.0021592702293548485,-0.0010393942060210378,0.0011693261878977916,0.0005908324820181522,0.0021835098117720555,0.0010899756375811413,0.00020037299857966767,0.00041507505737620925,-0.0010942842252772563,-0.0006923954306770625,0.001461160743545867,0.0015971732079067941,-0.0032149364539586956
IND815301AAA,0.0002358599568963,1,3,0.5,33.0,2.244097856533918,Giridih_Shivalya_D (Jharkhand),0.0077833785775793,-0.0016339014750700205,-0.002201564827648073,0.0014748078637693285,-0.0021592702293545736,-0.0010393942060210352,0.0011693261878977705,0.0005908324820180724,0.002183509811771832,0.0010899756375820165,0.00020037299857978452,0.0004150750573754404,-0.0010942842252777687,-0.002759147162959539,-0.004488146812387472,0.000852152300961233,0.003258881045800886
IND493118AAC,0.0,0,1,0.0,60.0,1.46875,Bhatpara_TrengaRD_D (Chhattisgarh),0.0,-0.06796767733069879,0.014786576571986265,-0.00432525744677557,-0.003528954730407548,-0.02443676721159471,0.025116787518390898,0.011557593532759976,0.0046904410791614734,0.002738354920476928,0.001541590802746399,-0.001417685441252692,0.0016932312923833377,-2.821015833080925e-16,-2.5320039440104918e-18,-4.4074954368239777e-16,-2.8069072293602023e-16
IND495334AAB,3.648729512383788e-07,1,1,0.0,0.0,0.0,Mungeli_Panderia_D (Chhattisgarh),0.0,-0.06796767733069885,0.014786576571986341,-0.004325257446775607,-0.003528954730407656,-0.0244367672115947,0.0251167875183908,0.011557593532759923,0.004690441079161462,0.002738354920476886,0.001541590802746478,-0.0014176854412525366,0.001693231292383304,-2.5627295380339255e-16,-2.786777036658808e-17,-3.8892382819304243e-16,-2.0579276578403506e-16
IND689650AAA,0.0,1,1,0.5,12.0,1.7211538461538465,Kozhenchery_Cherukole_D (Kerala),0.0,-0.0016339014750695348,-0.0022015648276489837,0.0014748078637685242,-0.0021592702293541247,-0.001039394206021251,0.0011693261878959545,0.0005908324820180456,0.002183509811773936,0.0010899756375837572,0.00020037299857555033,0.0004150750573715066,-0.0010942842252828742,0.0039670315474914465,0.03781742471310045,0.018351477525502882,0.01659014656861321
IND733140AAA,3.648729512383788e-07,1,2,0.3333333333333333,27.0,1.7846889952153109,Gangarampr_FulbaDPP_D (West Bengal),9.851569683436229e-06,-0.0016339014750704319,-0.0022015648276480777,0.0014748078637692218,-0.002159270229354725,-0.001039394206021001,0.0011693261878978026,0.0005908324820181311,0.002183509811772112,0.0010899756375826618,0.00020037299858033914,0.0004150750573762028,-0.0010942842252755066,-0.002443356219631715,-0.004826506607808014,0.007116022621812555,-0.001096358490503448
IND571301AAA,0.0012259731161609,1,1,0.0,16.0,2.0,Nanjangud_RPRoad_D (Karnataka),0.0196155698585752,-0.001633901475070282,-0.0022015648276481285,0.0014748078637692986,-0.002159270229354758,-0.001039394206021033,0.0011693261878978223,0.0005908324820204011,0.0021835098117720447,0.0010899756375815975,0.00020037299857913904,0.00041507505738112155,-0.0010942842252782046,0.05833382499916942,-0.009235645649610321,-0.0016079911223207794,0.002311178004763865
IND571111AAB,0.0008191397755301,1,1,0.0,20.0,1.6742424242424243,Gundlupet_Swamylyt_D (Karnataka),0.0163827955106032,-0.001633901475070292,-0.002201564827648142,0.0014748078637693014,-0.0021592702293547483,-0.0010393942060210439,0.0011693261878978174,0.0005908324820204302,0.0021835098117720607,0.0010899756375816225,0.00020037299857912755,0.0004150750573811923,-0.0010942842252782098,0.05893146481013964,-0.009378610149754042,-0.0016345407492021754,0.0023544484629935626
IND571313AAB,0.0004123064348993,1,1,0.0,20.0,1.3279569892473118,Chamarjngr_BrDbleRd_D (Karnataka),0.0082461286979873,-0.0016339014750702903,-0.0022015648276481376,0.0014748078637693005,-0.0021592702293547574,-0.0010393942060210356,0.0011693261878978312,0.0005908324820204293,0.0021835098117720777,0.001089975637581613,0.00020037299857913508,0.00041507505738123273,-0.001094284225278209,0.05911864876578577,-0.009423394557533554,-0.0016428578143418478,0.0023680044285246424
IND571440AAA,5.473094268575682e-06,1,1,0.0,0.0,0.0,Kollegala_NarsipuraRd_D (Karnataka),0.0,-0.001633901475070288,-0.0022015648276481393,0.0014748078637692882,-0.002159270229354769,-0.0010393942060210196,0.001169326187897838,0.0005908324820204156,0.0021835098117720733,0.0010899756375815869,0.00020037299857914373,0.00041507505738117836,-0.0010942842252782113,0.05881029342614173,-0.009349440205451661,-0.0016291169379002808,0.0023455852754829193
IND571430AAA,0.0004141307996555,2,1,0.1666666666666666,19.0,1.2941176470588236,Malavalli_SulthnRd_D (Karnataka),0.0078684851934556,-0.0016339014750702968,-0.002201564827648138,0.001474807863769294,-0.0021592702293547522,-0.0010393942060210437,0.0011693261878978022,0.0005908324820203855,0.0021835098117720542,0.0010899756375816123,0.0002003729985791307,0.00041507505738105297,-0.0010942842252781898,0.05784320556984174,-0.009117992863006128,-0.0015861315196081516,0.0022755144724768894
IND571124AAA,7.297459024767576e-06,1,1,0.5,20.0,3.375,Tirumakudalu_Narasipr_D (Karnataka),0.0001459491804953,-0.0016339014750702866,-0.0022015648276481354,0.0014748078637692903,-0.0021592702293547618,-0.0010393942060210346,0.0011693261878978091,0.0005908324820203801,0.0021835098117720516,0.0010899756375815925,0.00020037299857913722,0.0004150750573810234,-0.0010942842252781861,0.0576253022573871,-0.009065870378911366,-0.001576452089066946,0.0022597394150111545
IND505001AAA,0.0,0,2,0.5,20.0,1.5558441558441558,Karimnagar_DC (Telangana),0.0,-0.0016339014750703226,-0.0022015648276480604,0.0014748078637692227,-0.002159270229354872,-0.0010393942060210285,0.001169326187897789,0.0005908324820176473,0.0021835098117720542,0.0010899756375798305,0.00020037299858315774,0.0004150750573750753,-0.0010942842252770126,-0.000600427768595468,0.005501411352051404,0.0006190729204391287,-0.008565060664912773
IND209206AAB,0.0004061035947283,1,1,0.0,44.0,2.2666666666666666,Ghatampur_StatinRD_D (Uttar Pradesh),0.0178685581680458,-0.001633901475070177,-0.0022015648276480578,0.0014748078637693272,-0.0021592702293545918,-0.0010393942060210474,0.0011693261878977749,0.0005908324820180174,0.0021835098117719423,0.0010899756375815548,0.0002003729985795583,0.00041507505737530453,-0.0010942842252803923,-0.0029641914070284592,-0.003378075863767847,-0.007339737672928197,0.00960850717263304
IND574211AAA,0.0016196710305471,1,2,0.1666666666666666,10.0,2.507469040247678,Bantwal_Trmltmpl_D (Karnataka),0.0161967103054716,-0.001633901475070495,-0.0022015648276475096,0.0014748078637689217,-0.0021592702293551608,-0.0010393942060208225,0.0011693261878979169,0.0005908324820182567,0.0021835098117720607,0.0010899756375811573,0.00020037299857902997,0.0004150750573752475,-0.0010942842252760756,0.0015947670480763753,0.005368541857596185,0.0008717566700120053,-0.0030906776572320028
IND574202AAA,0.0008103828247004,1,1,0.0,12.0,1.625,Puttur_Darbe_DC (Karnataka),0.0097245938964052,-0.001633901475070473,-0.002201564827647578,0.0014748078637689633,-0.002159270229355109,-0.0010393942060208344,0.0011693261878978978,0.000590832482018246,0.0021835098117720586,0.0010899756375811604,0.00020037299857907063,0.0004150750573753151,-0.0010942842252761914,0.0016691665305553624,0.005364349061879976,0.000921669568789329,-0.0029534995758043418
IND574239AAA,0.000808193586993,1,1,0.0,7.0,1.5128205128205128,Sullia_Srirampt_D (Karnataka),0.005657355108951,-0.0016339014750704334,-0.002201564827647715,0.0014748078637690314,-0.0021592702293550033,-0.0010393942060208667,0.0011693261878978737,0.0005908324820182363,0.002183509811772046,0.0010899756375811768,0.00020037299857913015,0.000415075057375445,-0.0010942842252763994,0.001755551363561457,0.0052804648584445215,0.0009761717330261577,-0.0027125664399413763
IND574221AAA,0.0008060043492855,1,1,0.0,59.0,1.7297297297297298,Kadaba_AnugrDPP_D (Karnataka),0.0475542566078491,-0.001633901475070389,-0.0022015648276478565,0.0014748078637691186,-0.0021592702293548685,-0.0010393942060209077,0.0011693261878978462,0.0005908324820182188,0.0021835098117720477,0.0010899756375812087,0.0002003729985792003,0.00041507505737559987,-0.0010942842252766496,0.0018335114547230666,0.0051233126913365675,0.0010215083008098236,-0.002412244320943271
IND768004AAD,3.648729512383788e-06,1,2,0.0,6.0,2.7191964285714283,Sambalpur_Central_H_2 (Orissa),2.1892377074302727e-05,0.011969227531735797,-0.010636558798903932,0.02030108511038297,-6.900581345269626e-05,-0.03272290102001032,-0.011737648569996487,-0.041886147644477345,0.005102751116927145,0.013976073185055345,0.027997909531647058,-0.0011485765494076555,-0.01700714906652744,1.3218820451605893e-15,1.6459601335028858e-15,2.4446616657586356e-15,1.1603894435890239e-15
IND768028AAA,7.297459024767576e-07,1,1,0.0,4.0,2.135416666666667,Bargarh_JJCpxDPP_D (Orissa),2.9189836099070305e-06,0.011969227531735793,-0.010636558798903925,0.020301085110383022,-6.900581345269647e-05,-0.03272290102001031,-0.01173764856999653,-0.04188614764447732,0.005102751116927151,0.013976073185055277,0.027997909531647148,-0.001148576549407638,-0.0170071490665274,1.3302330119041554e-15,1.655220400911195e-15,2.4603158773393888e-15,1.1800820869535723e-15
IND767001AAA,5.837967219814061e-06,3,2,0.0,18.0,2.0,Balangir_Rjndpara_D (Orissa),0.0001050834099566,0.011969227531735783,-0.01063655879890395,0.02030108511038297,-6.900581345269642e-05,-0.03272290102001031,-0.011737648569996534,-0.041886147644477345,0.005102751116927141,0.013976073185055329,0.0279979095316472,-0.0011485765494076555,-0.01700714906652737,1.3250810281079872e-15,1.6560175431432881e-15,2.4598274668133664e-15,1.1708743755745501e-15
IND767017AAA,5.837967219814061e-06,2,2,0.0,14.0,2.413333333333333,Sonepur_BrezeDPP_D (Orissa),8.173154107739686e-05,0.01196922753173578,-0.010636558798903921,0.020301085110382984,-6.900581345269645e-05,-0.03272290102001032,-0.011737648569996513,-0.041886147644477345,0.005102751116927144,0.013976073185055322,0.02799790953164718,-0.001148576549407647,-0.017007149066527404,1.3234503575526484e-15,1.6591368241455023e-15,2.4576807264984594e-15,1.1762335858982747e-15
IND470004AAA,0.0008107476976516,1,4,0.1,28.0,2.0833354833161337,Sagar_Bahreya_I (Madhya Pradesh),0.0227009355342469,-0.0016339014750702957,-0.0022015648276480374,0.0014748078637692914,-0.002159270229354687,-0.0010393942060210246,0.0011693261878977883,0.0005908324820180649,0.0021835098117720143,0.0010899756375819202,0.00020037299857988633,0.00041507505737546304,-0.0010942842252792153,-0.0012011946782843333,0.0016729975298257747,-0.003135675315117455,-0.0006948294088527688
IND502313AAA,0.0016105492067662,1,1,0.0,18.0,1.6941666666666666,Narsapur_Xroad_D (Telangana),0.0289898857217916,-0.0016339014750702797,-0.0022015648276480877,0.0014748078637692626,-0.0021592702293547522,-0.0010393942060210252,0.0011693261878978009,0.0005908324820178121,0.0021835098117720135,0.0010899756375803498,0.00020037299858145804,0.00041507505737548484,-0.0010942842252771887,-0.0005244289007632014,0.004445424744045632,0.0004922286452962672,-0.006571768469367368
IND802101AAA,0.0008103828247004,1,2,0.3333333333333333,17.0,2.826867816091954,Buxar_Sarswati_D (Bihar),0.0137765080199074,-0.0016339014750701316,-0.002201564827648074,0.0014748078637693354,-0.002159270229354574,-0.001039394206021043,0.0011693261878977731,0.0005908324820180252,0.0021835098117719133,0.0010899756375819217,0.00020037299857968735,0.0004150750573756148,-0.0010942842252780222,-0.00257472716977508,-0.003251121109405662,-0.0013083293506573437,0.0029204486301206297
IND802119AAA,0.0,1,1,0.5,32.0,1.318421052631579,Dumraon_Nishangr_D (Bihar),0.0,-0.0016339014750701168,-0.002201564827648074,0.0014748078637693341,-0.002159270229354568,-0.0010393942060210424,0.0011693261878977716,0.000590832482018021,0.0021835098117719072,0.0010899756375819286,0.00020037299857968897,0.0004150750573756151,-0.0010942842252780291,-0.002584057629599543,-0.0032688609780351084,-0.0013159388151787006,0.0029396813343783128
IND802158AAB,0.0008060043492855,2,1,0.3333333333333333,40.0,2.064102564102564,Jagdishpur_Wardno13_D (Bihar),0.0322401739714231,-0.001633901475070134,-0.002201564827648069,0.0014748078637693333,-0.0021592702293545744,-0.0010393942060210452,0.0011693261878977746,0.0005908324820180234,0.0021835098117719133,0.0010899756375819223,0.00020037299857968458,0.00041507505737561483,-0.0010942842252780244,-0.002570984538607057,-0.003244002462652849,-0.0013052755894105653,0.002912729045681747
IND173212AAA,0.0010116102573084,2,4,0.2692307692307692,10.0,3.266675867991657,Solan_MohanPrk_D (Himachal Pradesh),0.010116102573084,-0.0016339014750703972,-0.002201564827648264,0.0014748078637690913,-0.0021592702293549925,-0.00103939420602094,0.0011693261878978323,0.0005908324820180786,0.00218350981177208,0.0010899756375822283,0.00020037299858040062,0.00041507505737641893,-0.0010942842252763955,-0.0018489865795529832,0.0004895624364799672,-0.003710898652557626,-0.00362885045080238
IND721306AAA,0.0048411343170308,4,4,0.0925925925925925,36.0,2.1596395881006867,Kharagpur_DC (West Bengal),0.1742808354131091,-0.0016339014750703098,-0.0022015648276480725,0.0014748078637692582,-0.0021592702293547275,-0.0010393942060210005,0.0011693261878978109,0.0005908324820181654,0.0021835098117720312,0.0010899756375823645,0.00020037299858008758,0.00041507505737615525,-0.0010942842252757601,-0.0022679747618289674,-0.0042886040794354215,0.006265327244956548,-0.0009458793425689792
IND721253AAC,0.0004053738488258,2,2,0.5,34.0,2.2345893719806766,ChandroknaRD_Central_DPP_3 (West Bengal),0.0137827108600785,-0.0016339014750703109,-0.0022015648276480725,0.001474807863769255,-0.002159270229354725,-0.0010393942060209966,0.0011693261878978074,0.0005908324820181726,0.002183509811772041,0.0010899756375823823,0.0002003729985801016,0.00041507505737615384,-0.0010942842252757456,-0.0022852379355696945,-0.004337859955975393,0.006342060790216313,-0.0009590078574076133
IND160003AAA,0.0,1,1,0.0,4.0,2.611111111111111,Chandigarh (Chandigarh),0.0,-0.0016339014750703597,-0.0022015648276482243,0.0014748078637691112,-0.002159270229354954,-0.0010393942060209493,0.0011693261878978037,0.0005908324820180824,0.002183509811772058,0.0010899756375821624,0.00020037299858033673,0.00041507505737640755,-0.001094284225276466,-0.0018003822444270484,0.0004701818832695491,-0.0035543061860510423,-0.0034554523586917785
IND500018AAA,0.0,0,1,0.0,4.0,3.041666666666667,Hyderabad_PndrgNgr_DC (Telangana),0.0,-0.001633901475070315,-0.0022015648276481176,0.0014748078637692862,-0.002159270229354656,-0.0010393942060210213,0.0011693261878977755,0.00059083248201799,0.0021835098117720247,0.0010899756375809646,0.00020037299857976574,0.00041507505737583975,-0.0010942842252773782,-0.00043511380890943373,0.003240149474991574,0.00034830466705430976,-0.004338927226960427
IND743347AAA,0.0004031846111184,1,1,0.5,49.0,2.696428571428571,Kakdwip_KlngrDPP_D (West Bengal),0.019756045944802,-0.0016339014750703035,-0.002201564827648072,0.0014748078637692556,-0.0021592702293547115,-0.0010393942060210044,0.0011693261878978002,0.0005908324820181911,0.0021835098117720213,0.001089975637582332,0.0002003729985800645,0.0004150750573763657,-0.0010942842252757755,-0.0022514289662792964,-0.004239072360644834,0.006187436469385575,-0.0009322831580878685
IND635001AAA,0.0004050089758746,2,2,0.4,32.0,1.3768469433792014,Krishnagiri_BnglorRd_D (Tamil Nadu),0.0129602872279872,-0.0016339014750703373,-0.002201564827648039,0.001474807863769212,-0.0021592702293547123,-0.001039394206020941,0.001169326187897809,0.0005908324820182179,0.002183509811772036,0.0010899756375812137,0.0002003729985792294,0.0004150750573757074,-0.0010942842252769194,0.0018716978161580275,0.005635079871891094,0.0013570192643697723,-0.001964932540023176
IND854105AAA,0.0002030517973641,1,1,0.0,6.0,2.3362573099415203,Katihar_Shyndco_D (Bihar),0.0012183107841849,-0.0016339014750702315,-0.002201564827648052,0.0014748078637692925,-0.0021592702293546004,-0.0010393942060210202,0.0011693261878977866,0.0005908324820178213,0.002183509811771984,0.001089975637581358,0.00020037299857335813,0.00041507505737308436,-0.0010942842252782857,-0.003715934325888603,-0.002277021111436942,-0.01354670562992485,-0.011492631287026815
IND781014AAA,0.0,0,2,0.0,38.0,2.3095238095238093,Guwahati_Jalukbari (Assam),0.0,-0.0016339014750695875,-0.0022015648276482386,0.0014748078637693111,-0.0021592702293547128,-0.0010393942060210317,0.0011693261878977675,0.0005908324820179649,0.0021835098117715473,0.0010899756375814934,0.0002003729985791904,0.0004150750573743783,-0.0010942842252754802,-0.004209615334849169,-0.016113851317058996,0.019675419727180444,0.004963004517326141
IND208006AAA,0.0,1,1,0.0,9.0,1.8571428571428568,Kanpur_GovndNgr_DC (Uttar Pradesh),0.0,-0.0016339014750701934,-0.0022015648276480604,0.001474807863769322,-0.002159270229354602,-0.0010393942060210402,0.0011693261878977814,0.0005908324820180177,0.0021835098117719484,0.0010899756375815598,0.0002003729985795437,0.00041507505737532714,-0.0010942842252803123,-0.002927480871144787,-0.0033149991160511274,-0.007193616876623474,0.009391796440078553
IND781335AAA,0.0032291256184596,1,1,0.0,12.0,1.869565217391304,Nalbari_Bhgtpura_D (Assam),0.0387495074215158,-0.0016339014750690888,-0.002201564827648364,0.0014748078637693215,-0.002159270229354767,-0.0010393942060211232,0.0011693261878977402,0.0005908324820177046,0.0021835098117712116,0.001089975637581793,0.00020037299857909106,0.00041507505737443495,-0.0010942842252752887,-0.0045229351478386385,-0.01803022638773636,0.02219988664297811,0.005703258141499551
IND000000AET,0.0032269363807522,1,1,0.0,24.0,2.95,Barpeta_ShivBari_D (Assam),0.0774464731380533,-0.001633901475068876,-0.00220156482764843,0.0014748078637693298,-0.0021592702293547856,-0.0010393942060211553,0.0011693261878977274,0.0005908324820176224,0.002183509811771071,0.0010899756375819319,0.0002003729985790388,0.0004150750573744293,-0.0010942842252752286,-0.0046466605835295,-0.018785321819871064,0.023194156419944163,0.005994541113524794
IND000000AAS,0.0032247471430447,1,1,0.0,18.0,1.8139880952380956,Bongaigaon_Chpaguri_D (Assam),0.0580454485748062,-0.001633901475068801,-0.0022015648276484515,0.0014748078637693354,-0.0021592702293547973,-0.0010393942060211662,0.0011693261878977224,0.0005908324820176005,0.0021835098117710216,0.0010899756375819726,0.00020037299857901,0.0004150750573744674,-0.0010942842252752204,-0.004692828767478057,-0.01906790002581166,0.023566451862921254,0.006103742246016335
IND783370AAC,0.0032225579053373,1,1,0.0,24.0,2.1045454545454545,Kokrajhar_PigonDPP_D (Assam),0.0773413897280966,-0.0016339014750687607,-0.0022015648276484502,0.0014748078637693365,-0.0021592702293548073,-0.0010393942060211824,0.0011693261878977224,0.0005908324820176154,0.002183509811770998,0.001089975637581989,0.0002003729985789946,0.0004150750573744729,-0.0010942842252752367,-0.0047199756751809445,-0.01923475242379734,0.02378646082931811,0.006168389533855755
IND757041AAA,0.0008060043492855,2,2,0.5,9.0,1.5429171407432276,Udala_NagplDPP_D (Orissa),0.0072540391435702,-0.0016339014750703857,-0.0022015648276480127,0.0014748078637692446,-0.0021592702293548173,-0.001039394206021,0.0011693261878978336,0.0005908324820182571,0.0021835098117720755,0.0010899756375819753,0.00020037299858016044,0.0004150750573763414,-0.001094284225276124,-0.001974388182166999,-0.003021844278113937,0.005519282229317865,-0.0017386108295140577
IND504296AAA,0.0002014098690835,1,3,0.5833333333333334,8.0,1.6642857142857144,Kaghaznagar_Central_DPP_1 (Telangana),0.0016112789526686,-0.0016339014750703226,-0.002201564827648058,0.0014748078637692283,-0.0021592702293548537,-0.0010393942060210252,0.0011693261878977864,0.0005908324820176795,0.002183509811772048,0.0010899756375799038,0.00020037299858290095,0.00041507505737515545,-0.0010942842252770289,-0.000588212186757456,0.005332732166760812,0.0005988368348520324,-0.008247931412665528
IND504208AAB,5.473094268575683e-07,3,2,0.5,19.0,1.6825127334465195,Mancherial_Hitech_D (Telangana),1.0398879110293795e-05,-0.001633901475070323,-0.0022015648276480604,0.0014748078637692279,-0.0021592702293548515,-0.001039394206021026,0.001169326187897788,0.0005908324820176827,0.0021835098117720525,0.0010899756375798795,0.00020037299858293069,0.000415075057375139,-0.0010942842252770306,-0.0005886965082442083,0.005339345368839662,0.0005996284484331693,-0.008260278162444588
IND535501AAB,0.0016127384444736,1,2,0.1666666666666666,38.0,1.6108675424192664,Parvathipuram_Central_D_2 (Andhra Pradesh),0.0612840608899981,-0.0016339014750701795,-0.0022015648276468023,0.001474807863768698,-0.0021592702293564735,-0.0010393942060214273,0.0011693261878976385,0.0005908324820184781,0.002183509811772151,0.0010899756375790236,0.00020037299857900118,0.0004150750573780199,-0.001094284225281134,-0.00041851583188625547,0.00502721941452553,0.0011701868802262828,-0.00712319073287582
IND532440AAA,0.0,1,1,0.5,34.0,1.5748327759197325,Palakonda_VadaiDPP_D (Andhra Pradesh),0.0,-0.0016339014750701602,-0.002201564827646834,0.0014748078637687025,-0.0021592702293564466,-0.001039394206021422,0.0011693261878976495,0.0005908324820184791,0.002183509811772137,0.0010899756375790431,0.00020037299857897958,0.00041507505737803493,-0.0010942842252810636,-0.00041684591899734036,0.004996908105356923,0.0011626610113503386,-0.007071241077515369
IND464001AAA,0.0,0,1,0.0,2.0,2.677139037433155,Vidisha_ShrprDPP_D (Madhya Pradesh),0.0,-0.0016339014750703044,-0.0022015648276480326,0.0014748078637692925,-0.0021592702293546885,-0.0010393942060210198,0.0011693261878977866,0.000590832482018077,0.0021835098117720165,0.0010899756375819325,0.0002003729985799038,0.0004150750573754526,-0.0010942842252793007,-0.001222157989219928,0.0017172244069754432,-0.003224136667334243,-0.0007170804921047338
IND464221AAA,0.000405738721777,1,1,0.0,5.0,2.411764705882353,GanjBasoda_MnRDDPP_D (Madhya Pradesh),0.0020286936088853,-0.0016339014750703035,-0.0022015648276480304,0.001474807863769291,-0.002159270229354684,-0.0010393942060210246,0.0011693261878977885,0.0005908324820180709,0.0021835098117720143,0.0010899756375819367,0.00020037299857989262,0.00041507505737547605,-0.0010942842252792749,-0.0012171803216459158,0.0017067120929699828,-0.003203106001732404,-0.0007117882778115696
IND518206AAA,0.0004053738488258,2,2,0.4,11.0,1.416666666666667,Betamcherla_CmtNgRod_D (Andhra Pradesh),0.0044591123370842,-0.0016339014750704106,-0.0022015648276480157,0.0014748078637692198,-0.002159270229354678,-0.0010393942060208797,0.0011693261878978872,0.0005908324820179922,0.0021835098117720373,0.0010899756375807631,0.00020037299857933262,0.0004150750573752123,-0.001094284225276518,0.0007209713268676451,0.005061496085217175,0.0008586736353534334,-0.004437379096472364
IND362220AAA,4.013602463622167e-06,1,2,0.3333333333333333,28.0,1.8,Junagadh_keshod_DC (Gujarat),0.0001123808689814,-0.0053110176406260924,-0.013135942306193736,0.015167636239420445,0.011361124035081155,-0.009994206360163552,-0.003233886126821173,0.015297544700170513,0.01828118703006048,-0.00966826382118279,0.013187906197033047,-0.00847140349995023,0.013471385511354466,3.0154632301218043e-16,7.701744152255486e-16,-1.959422582280608e-15,1.977398936246485e-15
IND362225AAA,0.0,1,1,0.5,24.0,1.8,Mangrol_JilRDDPP_D (Gujarat),0.0,-0.005311017640626101,-0.013135942306193716,0.015167636239420449,0.011361124035081164,-0.009994206360163554,-0.00323388612682117,0.015297544700170567,0.018281187030060507,-0.009668263821182795,0.013187906197033,-0.008471403499950198,0.013471385511354513,3.1464943320827073e-16,7.737631517613585e-16,-1.9542080290603142e-15,1.9737857051255816e-15
IND144514AAA,0.0004050089758746,1,2,0.5,12.0,1.818825464658798,Nawanshahr_DC (Punjab),0.0048601077104952,-0.0016339014750704024,-0.0022015648276483652,0.0014748078637690004,-0.0021592702293551365,-0.001039394206020917,0.0011693261878977848,0.0005908324820180786,0.0021835098117720837,0.0010899756375823844,0.00020037299858057027,0.00041507505737640055,-0.001094284225276281,-0.0019404907160457245,0.0005274101419907345,-0.004018968057075699,-0.003975485667952256
IND141115AAA,0.0004035494840696,2,1,0.3333333333333333,23.0,1.4285714285714286,Machhiwara_MnBzrDPP_D (Punjab),0.0092816381336018,-0.0016339014750703994,-0.002201564827648377,0.0014748078637689933,-0.002159270229355145,-0.0010393942060209177,0.0011693261878977718,0.0005908324820180903,0.0021835098117720724,0.001089975637582405,0.00020037299858058298,0.00041507505737642955,-0.0010942842252762573,-0.0019489563745982317,0.0005308841702369646,-0.004047200802906611,-0.00400714366178292
IND625008AAA,5.290657792956493e-05,5,3,0.037037037037037,60.0,1.6217066146413972,Madurai_Kappalur_H (Tamil Nadu),0.0031743946757738,0.00392430132296383,-0.00771898350348285,0.01065508132839235,-0.009289066971924746,0.0007248610992129941,-0.0036166709094503646,0.013072301366983213,-0.00531749349096492,0.011137012538906846,-0.008495777146193104,0.009445492930392107,-0.015446229277288927,-2.119245755250056e-15,-2.8432709712508545e-15,2.9869702371589806e-15,-3.214037016113042e-15
IND626123AAA,2.736547134287841e-05,1,1,0.0,34.0,1.6040023276865385,Sivakasi_Msstreet_DC (Tamil Nadu),0.0009304260256578,0.003924301322963835,-0.007718983503482856,0.010655081328392364,-0.009289066971924751,0.0007248610992130004,-0.003616670909450375,0.013072301366983242,-0.005317493490964932,0.011137012538906888,-0.008495777146193137,0.009445492930392211,-0.015446229277288944,-2.1513089567476397e-15,-2.928480391798439e-15,3.078421549659168e-15,-3.165424443726505e-15
IND627756AAA,1.970313936687245e-05,1,1,0.0,34.0,1.7860671936758892,Sankaran_Kovil_D (Tamil Nadu),0.0006699067384736,0.0039243013229638265,-0.007718983503482849,0.010655081328392378,-0.009289066971924834,0.0007248610992129972,-0.0036166709094503776,0.013072301366983284,-0.005317493490964934,0.011137012538906862,-0.008495777146193172,0.009445492930392296,-0.015446229277288899,-2.144314369009527e-15,-2.966887946725226e-15,3.131662140877221e-15,-3.1411866607704e-15
IND416606AAA,0.0,1,1,0.0,50.0,2.525,Malvan_BllvMarg_D (Maharashtra),0.0,-0.0016339014750704076,-0.0022015648276476215,0.0014748078637690438,-0.002159270229355036,-0.0010393942060209123,0.001169326187897878,0.0005908324820181669,0.002183509811772032,0.001089975637581244,0.00020037299857930983,0.0004150750573754059,-0.001094284225276421,0.0004274881412226617,0.00410018787331101,2.60314019611489e-05,-0.003795272399487067
IND147301AAA,0.0002025044879373,2,2,0.5,4.0,1.4761904761904765,Mandi_Gobindgarh_DC (Punjab),0.0008100179517492,-0.0016339014750704102,-0.0022015648276483665,0.0014748078637690002,-0.0021592702293551287,-0.0010393942060209348,0.0011693261878977668,0.0005908324820180858,0.0021835098117720837,0.0010899756375823775,0.000200372998580565,0.00041507505737641714,-0.0010942842252762719,-0.0019366549160809465,0.000525825876479895,-0.004006076746753165,-0.00396099119280036
IND380006AAB,0.0,0,1,0.0,54.0,3.159391534391535,Ahmedabad_Mithakal_D (Gujarat),0.0,-0.0016339014750700335,-0.0022015648276487118,0.0014748078637695104,-0.0021592702293548294,-0.0010393942060214262,0.0011693261878975394,0.0005908324820179204,0.0021835098117720035,0.0010899756375809797,0.00020037299858064348,0.0004150750573764348,-0.001094284225276965,-0.001553284255900337,0.0011727080581002377,-0.0027764289755752873,-0.003997534229860053
IND335803AAA,0.0,1,1,0.5,6.0,1.303030303030303,Pilibanga_BsstdDPP_D (Rajasthan),0.0,-0.0016339014750701019,-0.0022015648276480847,0.0014748078637694545,-0.002159270229354426,-0.0010393942060211,0.00116932618789775,0.0005908324820179539,0.002183509811771913,0.0010899756375818545,0.00020037299857938388,0.00041507505737590735,-0.0010942842252775256,-0.002271270333321196,-0.001004158973927034,-0.0036198982233699535,-0.001403443216267111
IND335701AAA,0.0016127384444736,2,1,0.1666666666666666,0.0,0.0,Anupgarh_PrmNrDPP_D (Rajasthan),0.0,-0.0016339014750700904,-0.0022015648276480825,0.0014748078637694647,-0.0021592702293544036,-0.0010393942060211029,0.001169326187897748,0.0005908324820179315,0.002183509811771911,0.0010899756375818777,0.0002003729985793775,0.0004150750573759254,-0.0010942842252775074,-0.002297506478707399,-0.001021704929908425,-0.0036873795959893887,-0.0014331242269676754
IND501359AAG,0.0,0,1,0.0,22.0,2.4772727272727275,Hyderabad_South_R_11 (Telangana),0.0,-0.015867236464820487,-0.013240636908228144,0.01625326755360255,-0.004056401632179578,-0.027869621033327956,0.0036340893228708204,-0.024377368418033066,0.01828193679819876,0.005852617274755285,0.027547635378781077,-0.004040437786787337,-0.004950219560705929,1.316496699244212e-15,1.4504382173037344e-15,7.456090076033255e-16,1.8163542417299046e-15
IND505425AAA,0.001814695622984,3,2,0.2,4.0,2.678921568627451,DhrmpuriTS_HanumDPP_D (Telangana),0.0072587824919363,-0.0016339014750703185,-0.0022015648276480604,0.001474807863769228,-0.0021592702293548646,-0.0010393942060210291,0.0011693261878977842,0.000590832482017665,0.002183509811772052,0.001089975637579839,0.00020037299858305306,0.0004150750573751154,-0.001094284225277009,-0.0005946444884877029,0.005421658922684595,0.0006095077037988427,-0.008415244179622604
IND507123AAA,0.0012106484522089,1,1,0.0,48.0,1.265993265993266,Yellandu_Sudimala_D (Telangana),0.0581111257060291,-0.001633901475070372,-0.002201564827648139,0.001474807863769367,-0.0021592702293546395,-0.001039394206021032,0.001169326187897801,0.0005908324820179345,0.0021835098117720477,0.0010899756375805508,0.0002003729985799422,0.0004150750573760329,-0.001094284225277479,-0.00048109458713633445,0.003789021383456704,0.00041200579117956225,-0.005262971996888275
IND506314AAA,0.0012084592145015,1,1,0.0,29.0,3.117647058823529,Rayaparthi_Perkadrd_D (Telangana),0.0350453172205438,-0.0016339014750703454,-0.0022015648276481354,0.0014748078637693614,-0.00215927022935464,-0.0010393942060210328,0.0011693261878978007,0.0005908324820179377,0.0021835098117720412,0.001089975637580594,0.00020037299857991454,0.00041507505737605355,-0.0010942842252774675,-0.0004767635697871451,0.0037376965542186523,0.00040605788379467056,-0.005176967889278738
IND521201AAA,0.0012150269276238,1,1,0.0,3.0,1.736842105263158,Nuzvid_Ward17_D (Andhra Pradesh),0.0036450807828714,-0.0016339014750701838,-0.0022015648276481545,0.0014748078637693578,-0.002159270229354509,-0.0010393942060210246,0.001169326187897807,0.0005908324820179173,0.00218350981177194,0.0010899756375810845,0.00020037299857952377,0.0004150750573757431,-0.001094284225277282,-0.0006942704652250092,0.002856134088138873,-0.000613565314577964,-0.004138266186619977
IND303301AAB,0.0,1,1,0.5,47.0,1.363095238095238,Bassi_DmodrNGR_D (Rajasthan),0.0,0.006190213372499576,-0.004692625825373551,0.013342019140760426,-0.007794179941099494,-0.009692031391717426,-0.004497363920442509,0.007607952112082345,-0.00898803916970878,0.013518004607779265,-0.0020962111318062067,0.00967621293340652,-0.01477423420303011,-1.1372567304830928e-15,-1.9525497946597467e-15,1.636497667759177e-15,-4.089557058400253e-15
IND303503AAA,0.0,1,1,0.5,64.0,1.7265512265512264,Lalsot_NWclyDPP_D (Rajasthan),0.0,0.006190213372499564,-0.004692625825373555,0.013342019140760412,-0.007794179941099492,-0.009692031391717421,-0.004497363920442522,0.00760795211208234,-0.008988039169708768,0.013518004607779296,-0.0020962111318062054,0.009676212933406404,-0.014774234203030081,-1.111589637548369e-15,-1.9200101003527808e-15,1.6577554804641158e-15,-4.086003548557339e-15
IND333042AAA,0.0,1,1,0.5,39.0,1.42,Nawalgarh_NavldiDPP_D (Rajasthan),0.0,-0.0016339014750704883,-0.0022015648276472806,0.001474807863769039,-0.002159270229354668,-0.0010393942060207067,0.0011693261878980314,0.0005908324820184252,0.0021835098117720273,0.001089975637578101,0.00020037299857966802,0.00041507505737771054,-0.0010942842252750797,-0.0015405318008954343,0.0019983287939967843,-0.00451256571611407,-0.005287412004957814
IND331023AAA,0.0012106484522089,1,1,0.0,0.0,0.0,Rajgarh_SadulDPP_D (Rajasthan),0.0,-0.001633901475070497,-0.0022015648276472537,0.0014748078637690288,-0.002159270229354655,-0.0010393942060206859,0.0011693261878980231,0.0005908324820184118,0.0021835098117720234,0.001089975637578006,0.00020037299857965057,0.00041507505737776036,-0.0010942842252750413,-0.0015515045683913385,0.002019805409643156,-0.004564281205304903,-0.0053560834281751795
IND331304AAA,0.0012084592145015,1,1,0.0,14.0,2.089572192513369,Taranagar_RajRdDPP_D (Rajasthan),0.0169184290030211,-0.001633901475070484,-0.0022015648276472915,0.0014748078637690457,-0.0021592702293546685,-0.0010393942060207112,0.001169326187898016,0.0005908324820184194,0.002183509811772015,0.001089975637578124,0.00020037299857965604,0.00041507505737772404,-0.0010942842252750786,-0.001538994380573488,0.0019953219761927525,-0.00450532642333526,-0.005277802281941202
IND563130AAA,3.0406079269864897e-07,2,1,0.5,0.0,0.0,Malur_NharuExt_D (Karnataka),0.0,-0.0016339014750703822,-0.00220156482764804,0.0014748078637692355,-0.0021592702293546863,-0.001039394206020924,0.0011693261878979,0.0005908324820181799,0.002183509811772064,0.0010899756375811233,0.0002003729985791566,0.0004150750573756634,-0.0010942842252767827,0.0019498984264980773,0.0064395405168860805,0.0016367722732052485,-0.002050367412203542
IND415612AAA,0.0004053738488258,1,1,0.5,32.0,2.4554469814241484,Ratnagiri_MjgaonRd_D (Maharashtra),0.0129719631624268,-0.0016339014750702964,-0.002201564827647921,0.001474807863769216,-0.0021592702293548502,-0.0010393942060210246,0.0011693261878978004,0.0005908324820181149,0.002183509811772017,0.0010899756375812929,0.00020037299857959029,0.00041507505737574504,-0.0010942842252768094,9.826553272067886e-05,0.0033853776189680497,-0.0004129457509720563,-0.0035428706974241393
IND415408AAC,0.0004031846111184,1,1,0.5,13.0,3.735711378568521,Shirala_Central_DPP_3 (Maharashtra),0.0052413999445393,-0.0016339014750702922,-0.0022015648276479238,0.0014748078637692146,-0.0021592702293548524,-0.001039394206021027,0.0011693261878977991,0.0005908324820181148,0.0021835098117720117,0.0010899756375812946,0.00020037299857959522,0.000415075057375737,-0.0010942842252768072,9.825436576065939e-05,0.003384798587617095,-0.0004128704723621364,-0.0035421395408623845
IND361305AAC,1.0946188537151363e-06,1,2,0.1666666666666666,26.0,1.5625,Khambhalia_JdswarRD_D (Gujarat),2.846009019659355e-05,-0.0026207172913471936,-0.005732977362199379,0.0015749039704881646,-0.007026940767721857,0.001776189407936743,0.005001572344420024,0.007163953382293522,0.003523860400265502,0.0068425355025957995,-0.0035243748347033666,0.003047575680800359,-0.005262538846736603,-5.855361988194198e-16,-1.01070551810337e-15,5.622856482828271e-16,-1.7639413378281034e-15
IND361315AAA,0.0,1,1,0.5,22.0,1.6066176470588234,Bhatiya_Kalyanpr_D (Gujarat),0.0,-0.0026207172913472005,-0.005732977362199386,0.0015749039704881641,-0.007026940767721872,0.001776189407936747,0.005001572344420003,0.0071639533822935265,0.003523860400265502,0.00684253550259582,-0.003524374834703351,0.0030475756808003625,-0.005262538846736597,-5.959698331990139e-16,-1.0066103614396746e-15,5.705424652690508e-16,-1.7618117458692466e-15
IND571438AAB,0.0,0,1,0.0,2.0,2.8833333333333333,Srirangapatna_Bburynkpl_D (Karnataka),0.0,0.042708861820322574,0.035401036372397325,-0.01656041109836665,0.02813174255342107,0.026656074892677732,-0.011367972095869372,-0.06913182479423062,-0.012982607855833148,-0.010531681526613094,-0.05581746491925229,0.034820149031630006,-0.04875214358735732,-9.012523845424015e-16,-3.618676780944479e-15,6.805896349458747e-15,-9.204420531844506e-15
IND571401AAA,3.648729512383788e-07,1,1,0.0,0.0,0.0,Mandya_Dc (Karnataka),0.0,0.0427088618203226,0.03540103637239738,-0.016560411098366683,0.02813174255342095,0.02665607489267773,-0.01136797209586932,-0.06913182479423068,-0.012982607855833156,-0.010531681526613103,-0.0558174649192524,0.03482014903163006,-0.04875214358735731,-8.767184361237565e-16,-3.6294162043536985e-15,6.844335038182754e-15,-9.209443760827006e-15
IND562159AAA,0.0,0,1,0.0,22.0,2.8740942028985508,Ramanagara_BMRd_DC (Karnataka),0.0,-0.0016339014750703608,-0.0022015648276479984,0.0014748078637691778,-0.002159270229354763,-0.0010393942060209415,0.0011693261878978072,0.0005908324820182111,0.00218350981177203,0.0010899756375812263,0.00020037299857925359,0.0004150750573757186,-0.0010942842252768252,0.0019298319561593634,0.005094075265519001,0.001086618951621172,-0.002203233551869049
IND562117AAA,0.0004039143570208,1,1,0.0,2.0,1.3620481927710844,Kanakapura_VaniThtr_D (Karnataka),0.0008078287140417,-0.0016339014750703484,-0.0022015648276480023,0.0014748078637691808,-0.0021592702293547657,-0.0010393942060209418,0.001169326187897805,0.000590832482018211,0.002183509811772034,0.0010899756375812298,0.000200372998579264,0.0004150750573757008,-0.001094284225276842,0.0019219720378540384,0.005062890920280828,0.0010795310635549635,-0.0021869731958522004
IND421301AAA,0.0,1,1,0.0,29.0,3.111111111111111,Mumbai_Kalyan West _Dc (Maharashtra),0.0,-0.0016339014750701459,-0.002201564827647813,0.001474807863769277,-0.0021592702293548,-0.001039394206021102,0.0011693261878977842,0.0005908324820178257,0.002183509811771925,0.0010899756375818245,0.0002003729985798356,0.0004150750573753248,-0.0010942842252772294,-0.0012554666959841345,0.001661779828472942,-0.0010345020880338435,-0.004617306784278795
IND395010AAB,0.0,0,1,0.0,0.0,0.0,Surat_Brpc (Gujarat),0.0,-0.0016339014750702118,-0.0022015648276481133,0.0014748078637693098,-0.0021592702293547713,-0.0010393942060211172,0.0011693261878977326,0.0005908324820180003,0.0021835098117719935,0.001089975637581435,0.0002003729985797947,0.00041507505737586897,-0.0010942842252770616,-0.0007403399304585932,0.0018665673376902588,-0.0012343023369957296,-0.003139251922426124
IND333031AAA,0.0012128376899163,2,1,0.1666666666666666,10.0,3.1461988304093564,Pilani (Rajasthan),0.0121283768991637,-0.0016339014750705026,-0.0022015648276472546,0.0014748078637690442,-0.0021592702293546603,-0.0010393942060206887,0.0011693261878980238,0.0005908324820184184,0.0021835098117720204,0.0010899756375780437,0.00020037299857964588,0.0004150750573777934,-0.0010942842252750495,-0.001547434453885927,0.0020118429490875614,-0.00454510948480679,-0.005330631024012891
IND695609AAA,0.0008140315542128,1,1,0.0,9.0,1.5808080808080809,Pangodu_Central_D_1 (Kerala),0.0073262839879154,-0.0016339014750702363,-0.002201564827648054,0.0014748078637692858,-0.002159270229354731,-0.0010393942060209964,0.0011693261878978748,0.0005908324820182209,0.0021835098117719454,0.0010899756375805036,0.00020037299857802754,0.00041507505737767574,-0.0010942842252886858,0.005541644283686299,0.07152074679779408,0.03765910674427851,0.04229001509439913
IND518124AAA,0.0004031846111184,1,2,0.5,9.0,1.5206521739130434,Bngnpalle_Enkndla_D (Andhra Pradesh),0.0036286615000656,-0.0016339014750704174,-0.002201564827648009,0.0014748078637692188,-0.0021592702293546794,-0.0010393942060208767,0.0011693261878978865,0.0005908324820179853,0.002183509811772035,0.001089975637580761,0.00020037299857932766,0.00041507505737518874,-0.0010942842252765078,0.0007234793349128765,0.005088040640594879,0.0008634748439400362,-0.004465487096699592
IND623701AAA,1.6054409854488668e-05,1,1,0.0,0.0,0.0,Paramakudi_VagaiNgr_D (Tamil Nadu),0.0,0.003924301322963855,-0.007718983503482932,0.010655081328392458,-0.00928906697192485,0.000724861099212968,-0.0036166709094503794,0.013072301366982645,-0.005317493490964967,0.01113701253891176,-0.00849577714619074,0.00944549293037106,-0.015446229277295408,1.6787188632284472e-15,1.2199058392568332e-15,-3.608093167627156e-15,-1.0654816962193536e-14
IND623503AAA,1.824364756191894e-05,1,1,0.0,0.0,0.0,Ramnthpurm_TnhbBlkC_D (Tamil Nadu),0.0,0.0039243013229638656,-0.007718983503482918,0.010655081328392447,-0.009289066971924786,0.000724861099212971,-0.003616670909450375,0.01307230136698277,-0.005317493490964963,0.011137012538910869,-0.008495777146191184,0.009445492930375322,-0.015446229277294152,9.391765986314084e-16,4.159845839115196e-16,-2.2960840930705323e-15,-9.199417384387684e-15
IND623526AAA,1.970313936687245e-05,1,1,0.0,0.0,0.0,Rameswram_Kdthdstrt_D (Tamil Nadu),0.0,0.0039243013229638656,-0.007718983503482907,0.01065508132839243,-0.009289066971924772,0.0007248610992129843,-0.003616670909450374,0.013072301366982918,-0.005317493490964947,0.011137012538909669,-0.008495777146191692,0.00944549293038011,-0.015446229277292707,4.5153279886749944e-17,-5.621160456941538e-16,-7.799516625110419e-16,-7.494045990033863e-15
IND623704AAA,2.043288526934921e-05,1,1,0.0,14.0,1.2153846153846155,Muthukulathur_VaiklSRT_D (Tamil Nadu),0.0002860603937708,0.003924301322963838,-0.007718983503482887,0.010655081328392399,-0.0092890669719248,0.0007248610992129802,-0.00361667090945037,0.01307230136698303,-0.00531749349096494,0.011137012538908676,-0.008495777146192244,0.0094454929303847,-0.015446229277291312,-8.284217318359202e-16,-1.4486945180991093e-15,6.771452252740004e-16,-5.853052188168726e-15
IND626607AAB,2.043288526934921e-05,1,1,0.0,16.0,1.3478639930252834,Narikkudi_MukkuRD_D (Tamil Nadu),0.0003269261643095,0.003924301322963828,-0.007718983503482868,0.010655081328392359,-0.009289066971924791,0.0007248610992129858,-0.0036166709094503594,0.013072301366983136,-0.005317493490964929,0.011137012538907733,-0.008495777146192715,0.009445492930388596,-0.015446229277290034,-1.520531886549277e-15,-2.190867141804444e-15,1.8994016318413404e-15,-4.468415476162971e-15
IND758035AAA,0.0,1,1,0.0,3.0,1.6666666666666667,Barbil_PunjbiPd_D (Orissa),0.0,-0.0016339014750704104,-0.0022015648276479277,0.0014748078637692676,-0.0021592702293549365,-0.0010393942060210005,0.0011693261878978295,0.0005908324820182897,0.0021835098117721032,0.0010899756375812246,0.000200372998579966,0.0004150750573765905,-0.0010942842252769736,-0.001133305759960166,0.0001696798538308785,0.003036625206709968,-0.0031277146414126137
IND403601AAA,0.0,1,1,0.0,10.0,2.4884615384615385,Goa_Margao_Dc (Goa),0.0,0.04274147426627856,-0.07603812569843106,-0.06178711508419945,0.05696238805163707,-0.04705044383049004,0.05980317280221942,-0.017651364309711728,-0.0313491714484232,0.04821221692768973,-0.03873571495024896,-0.025490866206463746,0.04033403314107039,3.240763543895059e-15,3.3816378210257585e-15,-4.839131440920031e-15,8.389886239506944e-15
IND742401AAA,0.0016105492067662,1,2,0.0,81.0,2.312392214831239,Ghanashyampur_NditaDPP_D (West Bengal),0.1304544857480625,-0.001633901475070524,-0.002201564827648072,0.0014748078637692127,-0.002159270229354735,-0.00103939420602098,0.001169326187897817,0.0005908324820181902,0.0021835098117721605,0.0010899756375826822,0.00020037299858059767,0.000415075057376313,-0.0010942842252754615,-0.0024991397019940033,-0.005008385336475613,0.007407296719313262,-0.0011493187590081808
IND201301AAD,0.0,1,1,0.0,6.0,6.115384615384615,NOI_RPC (Delhi),0.0,-0.0016339014750701617,-0.0022015648276480313,0.001474807863769378,-0.0021592702293545497,-0.001039394206021059,0.0011693261878977757,0.0005908324820180415,0.002183509811771939,0.0010899756375818018,0.00020037299857960292,0.00041507505737603285,-0.0010942842252774526,-0.00228826369102143,-0.0016074373137576357,-0.0027744500470244693,-0.000351116416179444
IND700144AAA,0.0004053738488258,1,1,0.5,4.0,3.047619047619048,Baruipur_Bnsibtla_D (West Bengal),0.0016214953953033,-0.0016339014750703061,-0.0022015648276480755,0.0014748078637692565,-0.002159270229354714,-0.0010393942060210049,0.0011693261878978059,0.0005908324820181922,0.0021835098117720226,0.0010899756375823365,0.00020037299858006788,0.0004150750573763761,-0.0010942842252757694,-0.002256668816073435,-0.004253968129437826,0.006210624066333926,-0.0009362436194444647
IND743395AAA,0.0004031846111184,1,1,0.5,7.0,2.5809386973180075,Jaynagar_MjlprDPP_D (West Bengal),0.0028222922778288,-0.0016339014750703118,-0.002201564827648072,0.001474807863769256,-0.0021592702293547123,-0.0010393942060210053,0.0011693261878978037,0.0005908324820181963,0.0021835098117720256,0.0010899756375823359,0.00020037299858007343,0.00041507505737637854,-0.001094284225275772,-0.0022565185756641295,-0.004253541885743534,0.006209960813081211,-0.0009361304308607008
IND333028AAA,0.0020323423383977,2,2,0.0833333333333333,2.0,1.4213362068965516,Sultana_Central_DPP_1 (Rajasthan),0.0040646846767955,-0.0016339014750705154,-0.002201564827647101,0.0014748078637689813,-0.0021592702293546425,-0.0010393942060206289,0.001169326187898072,0.0005908324820184978,0.0021835098117720234,0.0010899756375777566,0.0002003729985795826,0.0004150750573779807,-0.001094284225274897,-0.0015852931851375366,0.002089490204208577,-0.004733846432893181,-0.005586393338051993
IND508252AAB,0.000532411751133,1,1,0.0,24.0,1.2326839826839828,Choutuppal_Nagaram_D (Telangana),0.0127778820271924,-0.0016339014750702194,-0.002201564827648123,0.0014748078637693122,-0.002159270229354599,-0.001039394206021027,0.0011693261878977879,0.0005908324820179528,0.0021835098117719614,0.001089975637580993,0.00020037299857970494,0.00041507505737581096,-0.0010942842252773585,-0.0005051743359801936,0.0031703641816370086,9.758298741289979e-05,-0.00433813237115338
IND508207AAB,0.0009096569360263,3,3,0.3846153846153846,83.0,2.07041910331384,Miryalguda_Ragvendr_D (Telangana),0.0755015256901833,-0.0016339014750701875,-0.002201564827648156,0.0014748078637693408,-0.0021592702293545267,-0.0010393942060210233,0.0011693261878977944,0.0005908324820179047,0.002183509811771931,0.0010899756375810272,0.00020037299857960332,0.0004150750573757722,-0.001094284225277317,-0.0006224596348930776,0.0031069797115572634,-0.0002993398601125256,-0.004415410079511466
IND508213AAB,0.0,1,1,0.5,28.0,1.7291666666666663,Suryapet_Krishna_D (Telangana),0.0,-0.0016339014750701801,-0.002201564827648153,0.001474807863769335,-0.0021592702293545306,-0.001039394206021021,0.001169326187897791,0.0005908324820179001,0.0021835098117719354,0.0010899756375809865,0.00020037299857963785,0.00041507505737575426,-0.001094284225277327,-0.0005908261304028677,0.0032269843274872674,-0.00015843941994841946,-0.004551713387653131
IND560027AAA,0.0,0,1,0.0,2.0,3.0576923076923075,Blr_Domlur (Karnataka),0.0,0.001064466707762804,-0.014797442231455847,-0.0012401517790316377,0.0011504298807418188,-0.0006900108317422152,0.0037560007622020803,0.18068067950980246,0.005422605553000274,0.029651570705876797,-0.04469714306034664,0.4908552584161273,0.18579715929054047,-5.3565467514112934e-14,4.282402253174086e-14,7.042533749685404e-16,1.2313599394642248e-13
IND211011AAA,0.0008103828247004,1,1,0.0,38.0,3.9,Allahabad_Central_D_5 (Uttar Pradesh),0.0307945473386166,-0.00163390147507014,-0.0022015648276480348,0.0014748078637693716,-0.002159270229354489,-0.0010393942060210684,0.0011693261878977597,0.0005908324820177798,0.002183509811771908,0.0010899756375814305,0.00020037299857921868,0.00041507505737446455,-0.0010942842252852378,-0.004300331519514455,-0.0067281962882625584,-0.017236168869742177,0.02826609547164581
IND212501AAA,0.000808193586993,1,1,0.0,36.0,1.725,Soraon_BypassRD_D (Uttar Pradesh),0.0290949691317483,-0.0016339014750701305,-0.00220156482764803,0.0014748078637693725,-0.002159270229354485,-0.0010393942060210695,0.0011693261878977627,0.0005908324820177766,0.0021835098117719055,0.0010899756375814316,0.00020037299857921735,0.0004150750573744705,-0.0010942842252852844,-0.0043129549343630886,-0.006757913745711324,-0.01731730478090928,0.028416708562218475
IND431131AAB,0.0,0,1,0.0,14.0,1.875,Majalgaon_SmbjiCwk_D (Maharashtra),0.0,-0.0016339014750703187,-0.002201564827647646,0.0014748078637691396,-0.00215927022935496,-0.0010393942060209903,0.0011693261878978334,0.0005908324820179667,0.002183509811771992,0.001089975637581281,0.00020037299857951008,0.00041507505737559244,-0.0010942842252766416,-0.00028134806296834094,0.0034690188405654345,-0.0005468890272186403,-0.004474170081762018
IND832109AAB,0.0,1,1,0.0,106.0,2.41875,Jamshedpur_Central_I_3 (Jharkhand),0.0,-0.0016339014750700385,-0.002201564827648099,0.0014748078637693185,-0.002159270229354658,-0.0010393942060210536,0.0011693261878977742,0.0005908324820180367,0.002183509811771856,0.0010899756375818517,0.00020037299857960517,0.00041507505737546787,-0.0010942842252768552,-0.0025329555795145196,-0.004953090274414215,0.0043946147631114185,0.0006050058613071749
IND233001AAA,0.0020396397974225,1,2,0.1666666666666666,9.0,3.507532051282052,Ghazipur_Kaithwal_D (Uttar Pradesh),0.0183567581768028,-0.0016339014750704581,-0.002201564827648083,0.001474807863769055,-0.0021592702293549613,-0.0010393942060209541,0.001169326187897798,0.0005908324820176155,0.0021835098117721015,0.0010899756375810023,0.0002003729985784487,0.0004150750573730905,-0.0010942842252914342,-0.005852663755770098,-0.011268683606695576,-0.029798686562956447,0.05467897078111899
IND275503AAA,0.0012303515915758,2,1,0.1666666666666666,4.0,4.230769230769231,Ghosi_Jamalpur_D (Uttar Pradesh),0.0049214063663032,-0.001633901475070477,-0.0022015648276480864,0.0014748078637690342,-0.0021592702293549947,-0.0010393942060209502,0.0011693261878978009,0.0005908324820176051,0.0021835098117721163,0.0010899756375809776,0.0002003729985783953,0.000415075057373057,-0.0010942842252918117,-0.005945294083892442,-0.01153901068693231,-0.030561641912552957,0.056268576333871625
IND275303AAA,0.0008257074886524,1,1,0.0,4.0,2.3262867647058822,Dohrighat_AzmrdDPP_D (Uttar Pradesh),0.0033028299546098,-0.0016339014750704954,-0.0022015648276480847,0.0014748078637690305,-0.0021592702293549994,-0.0010393942060209504,0.0011693261878978009,0.000590832482017607,0.002183509811772119,0.0010899756375809787,0.0002003729985783805,0.000415075057373008,-0.0010942842252918967,-0.005972275554376559,-0.011617966673978497,-0.030784601883074518,0.05673364185207778
IND628801AAA,5.473094268575682e-06,1,1,0.0,34.0,1.5,Eral_Busstand_D (Tamil Nadu),0.0001860852051315,-0.013331712946746873,-0.004786265098706646,-0.000495669963296128,-0.005012946861010375,0.008374556568743793,0.010415157626777074,0.0006290574840830276,-0.004748986194452513,-0.001325300335939974,-0.004455146973651982,0.0038908720240788263,-0.002139564710532199,-2.1273307875546868e-16,-5.874704205064014e-16,4.331772944047201e-16,-9.972540382108665e-16
IND628204AAA,5.837967219814061e-06,1,1,0.0,0.0,0.0,Tirchchndr_Shnmgprm_D (Tamil Nadu),0.0,-0.013331712946746878,-0.004786265098706672,-0.0004956699632961544,-0.005012946861010372,0.008374556568743797,0.010415157626777072,0.0006290574840830312,-0.004748986194452485,-0.0013253003359399648,-0.004455146973651979,0.0038908720240787707,-0.0021395647105321974,-2.0567576337835088e-16,-6.213639332800352e-16,3.7276541033587117e-16,-9.822156763821604e-16
IND627657AAA,6.20284017105244e-06,1,1,0.0,0.0,0.0,Thisayanvilai_UdnkdiRD_D (Tamil Nadu),0.0,-0.013331712946746854,-0.004786265098706692,-0.0004956699632962354,-0.005012946861010384,0.0083745565687438,0.010415157626776994,0.0006290574840830381,-0.004748986194452493,-0.0013253003359399512,-0.004455146973652011,0.003890872024078823,-0.0021395647105321943,-2.379074224347634e-16,-6.603232650043361e-16,3.741642576421819e-16,-1.01120871450793e-15
IND431203AAA,0.0,1,2,1.0,86.0,1.905844155844156,Jalna_BhgyaNgr_D (Maharashtra),0.0,-0.0016339014750703425,-0.002201564827647577,0.0014748078637690989,-0.0021592702293550025,-0.0010393942060209851,0.001169326187897847,0.0005908324820178802,0.002183509811772009,0.0010899756375813085,0.00020037299857941985,0.0004150750573756441,-0.0010942842252765759,-0.0002844044419673316,0.003529804194673571,-0.000557246232213288,-0.004573049664551777
IND132001AAA,0.0004055562853014,2,3,0.375,13.0,2.711723753829017,Karnal (Haryana),0.0052722317089189,-0.001633901475070265,-0.00220156482764768,0.0014748078637695267,-0.0021592702293542062,-0.001039394206021092,0.0011693261878977781,0.0005908324820180445,0.0021835098117720005,0.0010899756375819312,0.00020037299858051343,0.00041507505737850775,-0.0010942842252758297,-0.00250015307200723,-0.0008472630781484888,-0.004467231110254884,-0.003030318401444644
IND757024AAA,0.0,0,1,0.0,2.0,1.865968008825152,Sankerko_AmbkaDPP_D (Orissa),0.0,-0.001633901475070394,-0.002201564827648001,0.0014748078637692068,-0.0021592702293548134,-0.001039394206020999,0.0011693261878977811,0.0005908324820182348,0.0021835098117720703,0.0010899756375819837,0.00020037299858013857,0.0004150750573763271,-0.001094284225276124,-0.001962655018879867,-0.002994802845357312,0.005466636178843387,-0.00171983272358267
IND110085AAB,0.0024264051257352,4,5,0.0303030303030303,62.0,2.088675213675214,Delhi_Rohini_DPC (Delhi),0.1504371177955835,-0.0016339014750701515,-0.0022015648276480595,0.0014748078637693842,-0.0021592702293545397,-0.0010393942060210658,0.0011693261878977697,0.0005908324820180852,0.0021835098117719384,0.0010899756375817276,0.00020037299857950325,0.00041507505737587943,-0.001094284225277556,-0.0021990300426131364,-0.001212925112453755,-0.003050022334834006,-0.0008545167408292368
IND110039AAA,0.0,1,1,0.0,6.0,4.167582417582418,Delhi_Barwala (Delhi),0.0,-0.001633901475070148,-0.00220156482764806,0.0014748078637693855,-0.0021592702293545363,-0.0010393942060210651,0.0011693261878977688,0.0005908324820180909,0.0021835098117719332,0.001089975637581723,0.00020037299857951358,0.00041507505737586593,-0.0010942842252775497,-0.0022080229915975597,-0.001220395997379056,-0.0030700478974495797,-0.0008608701549701277
IND473226AAA,0.000808193586993,1,2,0.1666666666666666,52.0,1.27755376344086,Guna_Raghogrh_D (Madhya Pradesh),0.0420260665236364,-0.0016339014750699754,-0.002201564827648013,0.0014748078637695703,-0.002159270229354209,-0.0010393942060211664,0.0011693261878977363,0.0005908324820180923,0.00218350981177183,0.0010899756375817938,0.00020037299857950615,0.00041507505737572076,-0.0010942842252802468,-0.0030221607607078074,-0.002956476685244734,-0.008224804084948807,0.008040679959875533
IND221313AAA,0.0089262518790956,1,6,0.0476190476190476,61.0,6.7731017491886405,Varanasi_Central_H_4 (Uttar Pradesh),0.5445013646248377,-0.0016339014750702597,-0.0022015648276480517,0.0014748078637692337,-0.002159270229354687,-0.00103939420602101,0.0011693261878977805,0.0005908324820177506,0.002183509811771983,0.0010899756375812547,0.00020037299857894622,0.000415075057373934,-0.0010942842252873767,-0.004825457894035436,-0.008316727597338416,-0.02149245869500601,0.03748504190420471
IND282001AAA,0.0,2,2,0.8,122.0,1.5943398513251454,Agra_Idgah_P (Uttar Pradesh),0.0,-0.001633901475070173,-0.0022015648276480578,0.0014748078637693495,-0.0021592702293545783,-0.0010393942060210489,0.001169326187897773,0.0005908324820180225,0.0021835098117719462,0.0010899756375816676,0.00020037299857949992,0.0004150750573757047,-0.0010942842252785496,-0.002438462005104343,-0.0019846990595413587,-0.004499836974315864,0.003012111030939671
IND473001AAA,3.648729512383788e-07,1,1,0.5,22.0,2.023809523809524,Guna_HnumnDPP_D (Madhya Pradesh),8.027204927244334e-06,-0.0016339014750699598,-0.0022015648276480096,0.0014748078637695841,-0.0021592702293541785,-0.0010393942060211766,0.0011693261878977343,0.0005908324820181184,0.0021835098117718205,0.001089975637581811,0.00020037299857951423,0.0004150750573757554,-0.0010942842252802936,-0.0030506523144331445,-0.0029985648373076993,-0.008349678864678025,0.008179074256332741
IND473331AAA,0.0004042792299721,1,1,0.5,35.0,2.027027027027027,Ashokngr_Bypassrd_D (Madhya Pradesh),0.0141497730490243,-0.0016339014750699542,-0.0022015648276480075,0.0014748078637695865,-0.0021592702293541824,-0.0010393942060211798,0.0011693261878977317,0.0005908324820181182,0.0021835098117718153,0.0010899756375818105,0.00020037299857951428,0.0004150750573757451,-0.0010942842252803,-0.003048812582255263,-0.00299584367002685,-0.0083416031818626,0.008170119453632243
IND600110AAA,0.000405738721777,1,2,0.0,44.0,1.7557782495282497,Chennai_Madhavaram_L (Tamil Nadu),0.0178525037581913,-0.001633901475070181,-0.002201564827648884,0.001474807863769636,-0.002159270229353916,-0.0010393942060209895,0.0011693261878977484,0.0005908324820181572,0.002183509811771918,0.0010899756375807985,0.0002003729985791361,0.000415075057375992,-0.0010942842252773918,0.0003726334404545805,0.00475015419204408,0.0004629302403136579,-0.0038641188932384747
IND509124AAA,0.0002028693608885,2,4,0.5769230769230769,35.0,1.7698665223665222,JoguGadwal_ColctrOf_D (Telangana),0.0071004276310988,-0.001633901475070422,-0.0022015648276480088,0.001474807863769214,-0.0021592702293546785,-0.0010393942060208728,0.001169326187897891,0.0005908324820179914,0.0021835098117720373,0.0010899756375807388,0.0002003729985793185,0.0004150750573751507,-0.0010942842252764794,0.0007282403359729557,0.005139486346519387,0.0008728186337118532,-0.00452068047088931
IND201001AAA,0.0,1,1,0.0,7.0,2.1456043956043955,Ghaziabad_Patel Nagar (Uttar Pradesh),0.0,-0.001633901475070203,-0.0022015648276480413,0.0014748078637693502,-0.0021592702293545775,-0.0010393942060210513,0.001169326187897781,0.0005908324820180503,0.00218350981177197,0.0010899756375820867,0.00020037299857944554,0.00041507505737597565,-0.0010942842252775265,-0.0023380094653310825,-0.0013580838478198425,-0.003513384295332549,-0.0007859352325027898
IND781001AAA,0.0,0,1,0.0,20.0,2.4997899159663866,Guwahati_UzanBazr_DC (Assam),0.0,-0.0016339014750696185,-0.002201564827648225,0.0014748078637693066,-0.0021592702293547032,-0.0010393942060210304,0.0011693261878977703,0.0005908324820179587,0.0021835098117715746,0.0010899756375814826,0.00020037299857917815,0.0004150750573743998,-0.0010942842252755034,-0.004157146787641005,-0.01581176532502509,0.01928233807171671,0.004850787145828199
IND636352AAA,0.0,0,1,0.0,5.0,1.6,Thoppur_HghsclRD_D (Tamil Nadu),0.0,-0.0016339014750703551,-0.0022015648276480157,0.0014748078637692014,-0.0021592702293547522,-0.0010393942060209426,0.0011693261878978007,0.0005908324820182074,0.0021835098117720247,0.001089975637581222,0.00020037299857924253,0.0004150750573757104,-0.0010942842252768738,0.001904756667791714,0.00537041559316204,0.0012215386149408295,-0.002092964013790131
IND636705AAB,0.0004035494840696,2,2,0.2,33.0,1.4,Dharmapuri_Central_D_2 (Tamil Nadu),0.0133171329742983,-0.0016339014750703436,-0.002201564827648019,0.001474807863769202,-0.0021592702293547423,-0.001039394206020941,0.001169326187897804,0.0005908324820182107,0.0021835098117720295,0.0010899756375812276,0.00020037299857924695,0.00041507505737571035,-0.0010942842252768842,0.0018969988774034511,0.005337539578340782,0.0012135706617238031,-0.0020775174716086663
IND246725AAB,0.0020232205146168,1,1,0.0,20.0,1.5564814814814816,Chandpur_NorprRD_D (Uttar Pradesh),0.0404644102923362,-0.001633901475070353,-0.0022015648276486268,0.0014748078637689126,-0.0021592702293554474,-0.0010393942060209448,0.0011693261878978117,0.0005908324820180625,0.0021835098117720933,0.0010899756375799437,0.00020037299858289998,0.00041507505738907775,-0.0010942842252711293,-0.003534231024142163,-0.0015152709193277053,-0.008428219689449854,-0.0064789665198872505
IND451666AAA,0.0,0,2,0.5,71.0,2.3571428571428568,Sendhwa_VishnuVhr_D (Madhya Pradesh),0.0,-0.0016339014750702703,-0.0022015648276480565,0.0014748078637692578,-0.0021592702293546876,-0.001039394206021003,0.001169326187897787,0.0005908324820180119,0.0021835098117719887,0.0010899756375823337,0.00020037299857894253,0.0004150750573748033,-0.0010942842252781456,-0.0015289294408002087,0.0017568921460056454,-0.001408575219936283,-0.00645443590323233
IND400612AAA,0.0,1,1,0.0,12.0,2.125,Mumbai_Mumbra_DC (Maharashtra),0.0,-0.0016339014750701513,-0.0022015648276478214,0.0014748078637692795,-0.0021592702293547995,-0.001039394206021103,0.0011693261878977824,0.0005908324820178075,0.0021835098117719263,0.0010899756375818237,0.00020037299857983545,0.00041507505737532427,-0.0010942842252772364,-0.0012554666959841436,0.0016617798284729402,-0.0010345020880338433,-0.00461730678427877
IND327001AAB,0.00121393230877,1,1,0.5,14.0,1.4058823529411764,Banswara_KhandDPP_D (Rajasthan),0.0169950523227812,-0.0016339014750702107,-0.0022015648276484077,0.0014748078637693504,-0.0021592702293547956,-0.0010393942060211805,0.0011693261878976734,0.0005908324820181471,0.002183509811772023,0.0010899756375796152,0.00020037299858038642,0.00041507505737664477,-0.0010942842252758913,-0.0015212302116169075,0.0016008970215587565,-0.0036559371807407953,-0.004571116612221511
IND176201AAA,0.0,1,1,0.5,18.0,1.4830357142857142,Jassur_AadiDPP_D (Himachal Pradesh),0.0,-0.01363229027165936,0.036989366048426314,-0.038732088417444084,-0.0318135802265695,0.04772584088778551,0.02096424802418065,-0.04604088103071434,-0.04712082259569196,0.037384425613182434,-0.03415109183871024,0.012927471643044768,-0.035983512149695446,8.776561985568558e-17,-7.611405162378548e-16,5.136260561715901e-15,-4.187231454567947e-15
IND176303AAA,1.0946188537151363e-06,2,1,0.3333333333333333,10.0,1.335704291044776,Dalhousie_Banikhet_D (Himachal Pradesh),1.0946188537151364e-05,-0.013632290271659336,0.03698936604842632,-0.03873208841744412,-0.03181358022656944,0.0477258408877855,0.02096424802418068,-0.0460408810307142,-0.047120822595691954,0.03738442561318246,-0.03415109183871028,0.012927471643044787,-0.03598351214969548,9.451616232809297e-17,-7.674323966098895e-16,5.158267067624462e-15,-4.219126052595009e-15
IND176310AAA,1.0946188537151363e-06,1,1,0.5,0.0,0.0,Chamba_Bangotu_D (Himachal Pradesh),0.0,-0.013632290271659313,0.03698936604842622,-0.038732088417444126,-0.03181358022656945,0.04772584088778551,0.02096424802418069,-0.04604088103071414,-0.04712082259569202,0.037384425613182365,-0.034151091838710255,0.012927471643044822,-0.03598351214969549,9.347677002074351e-17,-7.778201054757161e-16,5.159322156208672e-15,-4.2006643231293575e-15
IND509103AAC,0.0,2,1,0.8333333333333334,17.0,1.7777777777777777,Unknown_Source,0.0,-0.0016339014750704152,-0.0022015648276480083,0.0014748078637692172,-0.0021592702293546737,-0.001039394206020875,0.0011693261878978935,0.0005908324820179979,0.002183509811772045,0.0010899756375807486,0.00020037299857931335,0.0004150750573751674,-0.001094284225276491,0.0007268414664804132,0.005124238449815181,0.0008700444581982328,-0.0045042325391887765
IND500010AAA,0.0020184771662507,3,3,0.1666666666666666,37.0,4.453054971988796,Hyderabad_Alwal_I (Telangana),0.0746836551512763,-0.0016339014750702285,-0.0022015648276481037,0.0014748078637692851,-0.0021592702293546447,-0.0010393942060210296,0.0011693261878977677,0.0005908324820179729,0.002183509811771982,0.0010899756375809555,0.00020037299857977918,0.0004150750573758335,-0.001094284225277394,-0.00043732167145258614,0.003265317833398714,0.00035119786499039147,-0.004380020549858484
IND110092AAC,0.0008085584599442,3,2,0.125,43.0,1.4146825396825395,Delhi_Patparganj_DPC (Delhi),0.0347680137776026,-0.0016339014750701678,-0.0022015648276480617,0.0014748078637693732,-0.00215927022935456,-0.0010393942060210836,0.001169326187897765,0.0005908324820180189,0.0021835098117719467,0.0010899756375817506,0.00020037299857948783,0.0004150750573759471,-0.0010942842252774955,-0.002164195768181436,-0.0012241100817218743,-0.0029125697742435606,-0.0007585674454434875
IND360510AAB,7.662331976005956e-06,1,1,0.0,37.0,1.3333333333333333,Bhanvad_Mainroad_D (Gujarat),0.0002835062831122,-0.005311017640626093,-0.013135942306193749,0.015167636239420452,0.01136112403508115,-0.009994206360163549,-0.0032338861268211695,0.015297544700170605,0.018281187030060497,-0.009668263821182783,0.013187906197033002,-0.008471403499950219,0.013471385511354527,1.8033470418806253e-16,7.618557567578148e-16,-1.9416114247300953e-15,2.0158131352293346e-15
IND722143AAB,0.0,1,1,0.5,20.0,1.5238095238095235,Mejia_Central_D_1 (West Bengal),0.0,-0.0016339014750702031,-0.0022015648276480808,0.0014748078637693022,-0.0021592702293547115,-0.0010393942060210658,0.00116932618789778,0.0005908324820180987,0.002183509811771968,0.0010899756375833437,0.00020037299857951195,0.00041507505737756526,-0.0010942842252732083,-0.002747828564425671,-0.005946584381520775,0.008960169112917065,-0.0014541571158383031
IND723133AAA,0.0004031846111184,2,1,0.3333333333333333,26.0,1.2184684684684686,Rghunthpur_barkarRd_D (West Bengal),0.0104827998890786,-0.0016339014750701819,-0.0022015648276480864,0.001474807863769314,-0.0021592702293547128,-0.0010393942060210738,0.0011693261878977783,0.0005908324820180985,0.0021835098117719567,0.0010899756375835274,0.0002003729985794047,0.00041507505737782145,-0.0010942842252727467,-0.0028333925805921548,-0.00624193678055018,0.00944012815468704,-0.0015446408209315893
IND723130AAA,0.0040329407300378,4,2,0.1,30.0,1.6742647058823528,Hura_Central_D_1 (West Bengal),0.120988221901134,-0.0016339014750701346,-0.0022015648276480964,0.0014748078637693343,-0.002159270229354709,-0.0010393942060210998,0.001169326187897769,0.0005908324820181032,0.002183509811771928,0.0010899756375839964,0.00020037299857914224,0.00041507505737849713,-0.0010942842252715389,-0.0030596570046213718,-0.007024830517315847,0.010712957417846107,-0.0017848403637158365
IND484446AAA,0.0016105492067662,2,1,0.1666666666666666,0.0,0.0,Dola_ChainDPP_D (Madhya Pradesh),0.0,-0.001633901475070296,-0.002201564827648144,0.0014748078637692287,-0.0021592702293547644,-0.0010393942060210111,0.0011693261878977287,0.0005908324820177844,0.0021835098117720052,0.001089975637582831,0.00020037299858045293,0.00041507505737529646,-0.0010942842252814164,-0.0014628624086840676,0.002311215349962586,-0.004453186594926701,-0.0010508654044267187
IND124103AAA,0.0,1,1,0.5,27.0,1.5172413793103448,Jhajjar_DC (Haryana),0.0,-0.001633901475070184,-0.002201564827648094,0.0014748078637693521,-0.002159270229354585,-0.0010393942060210445,0.0011693261878977662,0.000590832482018032,0.0021835098117719614,0.0010899756375816554,0.00020037299857928202,0.0004150750573757823,-0.0010942842252775625,-0.0019688902808452707,-0.0006367414027774178,-0.00310447375406796,-0.0013717130035182223
IND400102AAB,0.0,1,1,0.0,58.0,2.0092656089430285,Mumbai_Jogeshwri_L (Maharashtra),0.0,-0.001633901475070224,-0.002201564827647978,0.0014748078637692827,-0.0021592702293547344,-0.0010393942060210667,0.0011693261878977716,0.000590832482017983,0.0021835098117719822,0.0010899756375817695,0.00020037299857970326,0.00041507505737559624,-0.001094284225277254,-0.0012282296090147162,0.001178630578604417,-0.0009033407561379013,-0.003701164087937039
IND395004AAB,0.0,1,1,0.0,7.0,7.407638888888888,Surat_Central_D_3 (Gujarat),0.0,-0.007082070974886704,-0.0011290668662148418,-0.005278622889405649,-0.002726875197087107,0.010689807809418502,0.0066532958169083925,-0.008275075644317419,0.009624934471828635,-0.009549919745795644,0.0028364931085680337,-0.0042890707969256755,0.009882663810754855,7.366612719555061e-16,1.2904805461835723e-15,-1.0800181945144927e-15,3.000820163544954e-15
IND495677AAA,0.0,0,1,0.0,27.0,1.962962962962963,Korba_Tilknagr_DC (Chhattisgarh),0.0,0.003691727871035312,0.0128129743521713,0.02019711694386107,-0.006616011874203276,-0.013107346470327423,-0.02869749492069751,0.01408756881994941,-0.012406199669991342,0.015143126391809704,0.0037194823114308183,0.01029710435335789,-0.019277292537269033,-1.5479582263446183e-15,-2.2138169973207707e-15,2.2063880812223785e-15,-5.120999497158113e-15
IND243201AAA,0.0004043400421306,2,1,0.5,13.0,1.8607142857142855,Baheri_HoliCDPP_D (Uttar Pradesh),0.0052564205476986,-0.0016339014750704187,-0.0022015648276486484,0.0014748078637689293,-0.002159270229355426,-0.0010393942060209465,0.0011693261878978128,0.0005908324820180485,0.0021835098117720954,0.0010899756375799636,0.0002003729985828321,0.0004150750573889514,-0.0010942842252711802,-0.0035201294392299782,-0.001506084735328299,-0.008373659989705295,-0.006431296287642462
IND262001AAA,0.0016127384444736,2,2,0.3333333333333333,24.0,1.415151515151515,Pilibhit_ViksClny_D (Uttar Pradesh),0.0387057226673672,-0.0016339014750704271,-0.0022015648276486645,0.0014748078637689297,-0.0021592702293554322,-0.0010393942060209424,0.0011693261878978135,0.0005908324820180428,0.002183509811772093,0.001089975637579972,0.00020037299858285802,0.0004150750573889666,-0.001094284225271168,-0.0035226689611770326,-0.001507717892481378,-0.008383335283520765,-0.006439704060417234
IND786125AAA,0.0,2,1,0.6666666666666666,20.0,2.416666666666667,Tinusukia_Chrwpaty_D (Assam),0.0,-0.001633901475071791,-0.0022015648276477663,0.0014748078637691659,-0.0021592702293547397,-0.0010393942060210302,0.0011693261878978074,0.0005908324820177446,0.0021835098117730135,0.0010899756375793378,0.00020037299857630976,0.00041507505737084586,-0.0010942842252749765,-0.0064474006777089626,-0.03299327664063351,0.043048207336259525,0.012690289482155474
IND786190AAA,0.0008060043492855,3,2,0.3888888888888889,43.0,2.075,DoomDooma_Pthrgoan_D (Assam),0.0346581870192798,-0.0016339014750717717,-0.0022015648276477746,0.001474807863769158,-0.002159270229354739,-0.0010393942060210326,0.0011693261878978104,0.0005908324820177404,0.0021835098117730027,0.0010899756375793367,0.00020037299857632318,0.00041507505737086174,-0.0010942842252750003,-0.006446655948769053,-0.03298747443667014,0.04304012044168531,0.012687577685429092
IND792103AAB,0.0008103828247004,2,1,0.5,45.0,1.4285714285714286,Namsai_HelipadRD_D (Arunachal Pradesh),0.0364672271115197,-0.0016339014750717553,-0.0022015648276477676,0.0014748078637691672,-0.0021592702293547353,-0.001039394206021035,0.001169326187897807,0.0005908324820177387,0.002183509811772996,0.0010899756375793745,0.00020037299857633882,0.0004150750573708894,-0.0010942842252749992,-0.006435121204503174,-0.03289843956390304,0.042916252190277976,0.012646201318485702
IND792001AAA,0.000808193586993,1,2,0.3333333333333333,16.0,1.7752859477124183,Tezu_Farmnala_D (Arunachal Pradesh),0.0129310973918881,-0.0016339014750717418,-0.0022015648276477646,0.0014748078637691659,-0.002159270229354732,-0.0010393942060210322,0.0011693261878978091,0.0005908324820177326,0.002183509811772988,0.0010899756375793677,0.00020037299857634622,0.0004150750573709092,-0.0010942842252750057,-0.006425661443920607,-0.03282540120155565,0.042814633390863485,0.012612253190408783
IND176110AAB,0.0004042792299721,1,1,0.0,9.0,2.1,Sujanpur_SainkSCL_D (Himachal Pradesh),0.0036385130697491,-0.001633901475070403,-0.0022015648276482755,0.0014748078637690984,-0.0021592702293549955,-0.001039394206020929,0.0011693261878978453,0.0005908324820182179,0.002183509811772082,0.0010899756375822352,0.00020037299858042683,0.0004150750573764177,-0.0010942842252763957,-0.0018553662173068672,0.0004921219887528977,-0.003731604980489282,-0.0036518399750996595
IND751014AAA,0.0,0,1,0.0,9.0,2.2857142857142856,Bhubaneswar_BjbNgr_DC (Orissa),0.0,-0.0016339014750703003,-0.0022015648276479255,0.001474807863769229,-0.0021592702293548364,-0.0010393942060210391,0.00116932618789779,0.000590832482018153,0.00218350981177203,0.001089975637581163,0.00020037299857965073,0.0004150750573762034,-0.001094284225277244,-0.0006836905407651761,0.0014334667969885643,0.00156489843749088,-0.003141339302466109
IND712410AAC,0.0016189412846446,1,1,0.0,12.0,1.3578947368421053,Tarkeshwar_Naraynpr_D (West Bengal),0.0194272954157362,-0.001633901475070304,-0.0022015648276480703,0.0014748078637692617,-0.002159270229354715,-0.001039394206021008,0.0011693261878978007,0.000590832482018117,0.0021835098117720447,0.001089975637582286,0.00020037299858000762,0.00041507505737618556,-0.0010942842252758816,-0.0021822875422804577,-0.0040429259476500844,0.005882227245823594,-0.0008801980219661226
IND781124AAA,0.0002017747420348,1,1,0.0,16.0,2.6666666666666665,Chhaygaon_GwhRDDPP_D (Assam),0.0032283958725571,-0.0016339014750696049,-0.002201564827648238,0.0014748078637693116,-0.002159270229354706,-0.001039394206021033,0.0011693261878977668,0.0005908324820179639,0.002183509811771562,0.0010899756375814889,0.00020037299857918322,0.0004150750573744051,-0.0010942842252754808,-0.004188289423751327,-0.015991128534410464,0.019515745284802693,0.004917429910047337
IND577501AAA,0.0004031846111184,2,1,0.3333333333333333,30.0,1.6985294117647058,Chitradurga_DC (Karnataka),0.0120955383335522,-0.0016339014750703592,-0.002201564827647946,0.00147480786376917,-0.0021592702293548004,-0.0010393942060209337,0.0011693261878978215,0.0005908324820182089,0.0021835098117720295,0.0010899756375812315,0.00020037299857926855,0.00041507505737565793,-0.001094284225276785,0.0017309464120043561,0.004936026702347507,0.0009492318825513113,-0.002399303082282867
IND274509AAB,1.3865172147058397e-05,1,3,0.0,14.0,1.9588484432234432,Salempur_Banjaria_D (Uttar Pradesh),0.0001941124100588,-0.0016339014750705067,-0.002201564827648079,0.001474807863769089,-0.0021592702293549816,-0.0010393942060209396,0.001169326187897826,0.0005908324820184414,0.0021835098117721327,0.0010899756375800265,0.000200372998580035,0.00041507505737494707,-0.001094284225282904,-0.003920546018859753,-0.005330728491755306,-0.012036917307550344,0.01719893318233747
IND272207AAB,0.0,0,1,0.0,7.0,2.888888888888889,Naugarh_Central_D_1 (Uttar Pradesh),0.0,0.04466103993372305,0.005922145019350837,0.05268198448881807,-0.023556511959478228,-0.04510507903992108,-0.049312574191606055,0.03947517829250521,-0.020412810773098155,0.04321060859581148,-0.012864042696005497,0.022771033997208256,-0.029747350281798313,-3.4650198149333362e-15,-5.940018823190155e-15,3.086360295760658e-15,-1.1896367595035128e-14
IND625532AAA,0.0,0,2,0.0,16.0,1.4933160745517724,Usilampatti_MrutiNGR_D (Tamil Nadu),0.0,0.003924301322963838,-0.007718983503482849,0.010655081328392374,-0.009289066971924753,0.0007248610992129934,-0.0036166709094503677,0.013072301366983273,-0.005317493490964935,0.011137012538906817,-0.008495777146193165,0.00944549293039242,-0.015446229277288871,-2.2295435239459786e-15,-2.9972929444601005e-15,3.194034209401219e-15,-3.1077089604984835e-15
IND518401AAA,0.0008103828247004,1,1,0.0,24.0,1.8541666666666663,Nandikotkr_UmarDPP_D (Andhra Pradesh),0.0194491877928105,-0.0016339014750704152,-0.002201564827648005,0.001474807863769217,-0.002159270229354678,-0.0010393942060208776,0.0011693261878978878,0.0005908324820179808,0.002183509811772045,0.0010899756375807486,0.0002003729985793148,0.0004150750573751923,-0.0010942842252764898,0.0007261727201682464,0.005116799750591788,0.0008686856288345986,-0.004496106277968071
IND815351AAA,0.0008103828247004,1,1,0.0,0.0,0.0,Jamtara_D (Jharkhand),0.0,-0.0016339014750700444,-0.0022015648276480777,0.0014748078637693294,-0.002159270229354591,-0.001039394206021038,0.0011693261878977764,0.000590832482018068,0.0021835098117718595,0.0010899756375819848,0.00020037299857977444,0.00041507505737548885,-0.0010942842252777533,-0.0027105101454749764,-0.00436855651502042,0.0008279309255609814,0.003153825925320839
IND814101AAB,0.000808193586993,1,1,0.0,44.0,1.3055555555555556,Dumka_Dudhani_D (Jharkhand),0.0355605178276923,-0.0016339014750700468,-0.0022015648276480747,0.0014748078637693207,-0.002159270229354589,-0.0010393942060210421,0.0011693261878977744,0.0005908324820180676,0.0021835098117718547,0.0010899756375819963,0.00020037299857975872,0.00041507505737549633,-0.0010942842252777553,-0.0027244977990227657,-0.004402536785919582,0.0008347967244457146,0.0031834522342617747
IND816107AAA,0.0008060043492855,1,1,0.0,64.0,1.322306166056166,Pakur_Hatpada_D (Jharkhand),0.051584278354277,-0.0016339014750700442,-0.002201564827648073,0.0014748078637693263,-0.00215927022935459,-0.001039394206021036,0.0011693261878977714,0.0005908324820180643,0.002183509811771859,0.001089975637581988,0.000200372998579775,0.0004150750573754796,-0.001094284225277753,-0.002715760895387022,-0.0043813226349949256,0.0008305107664252189,0.0031649619089517025
IND476001AAA,0.0,1,1,0.5,2.0,2.34375,Morena_Prjapati_D (Madhya Pradesh),0.0,-0.0016339014750700069,-0.002201564827648032,0.0014748078637695171,-0.002159270229354309,-0.0010393942060211404,0.001169326187897742,0.0005908324820179912,0.002183509811771845,0.0010899756375817417,0.00020037299857946644,0.000415075057375641,-0.001094284225280049,-0.0029259086397080635,-0.0028136755802212845,-0.007800755728210839,0.0075698667081949824
IND477001AAB,0.0004026373016915,1,1,0.5,29.0,3.0,Bhind_EtwahDPP_D (Madhya Pradesh),0.0116764817490549,-0.0016339014750700136,-0.002201564827648027,0.0014748078637695115,-0.0021592702293543103,-0.0010393942060211378,0.0011693261878977467,0.0005908324820179911,0.00218350981177185,0.0010899756375817365,0.0002003729985794678,0.00041507505737564194,-0.001094284225280027,-0.0029218558628025058,-0.0028078062823774074,-0.007783410372770268,0.007550806844025857
IND713303AAA,0.0004053738488258,1,1,0.0,6.0,4.166666666666666,Asansol_DC (West Bengal),0.002432243092955,-0.0016339014750702562,-0.0022015648276480764,0.001474807863769283,-0.002159270229354714,-0.0010393942060210458,0.0011693261878977896,0.0005908324820181016,0.00218350981177199,0.0010899756375828845,0.0002003729985797305,0.00041507505737701334,-0.0010942842252743515,-0.002516127344715381,-0.005160598746416314,0.007687376071684822,-0.0012160186037689432
IND636005AAA,0.0,0,2,0.0,5.0,3.466666666666667,Salem_Kadtmpty_H (Tamil Nadu),0.0,-0.018846460409636348,-0.009029131798526211,-0.014643107655597586,-0.009311671601902164,0.03154878834619733,0.018559013541035074,-0.02275799690048411,0.034501178049063864,-0.031862140193078314,0.0037239625705779186,-0.022195582095494448,0.03637089426174233,3.0753483125136833e-15,4.52996747409221e-15,-4.187387036842654e-15,1.0353834907334667e-14
IND792120AAB,0.0,1,1,0.0,8.0,2.7944862155388472,Changlang_Central_D_1 (Arunachal Pradesh),0.0,-0.001633901475071963,-0.002201564827647738,0.0014748078637691535,-0.002159270229354742,-0.0010393942060210417,0.0011693261878978128,0.000590832482017741,0.00218350981177314,0.0010899756375792342,0.00020037299857611325,0.00041507505737061834,-0.0010942842252749635,-0.006562590828535861,-0.03389102084088953,0.044299564684943935,0.013110005399408927
IND385340AAB,0.0012084592145015,2,1,0.1666666666666666,0.0,0.0,Radhanpur_Santalpr_D (Gujarat),0.0,-0.0016339014750699284,-0.002201564827649228,0.0014748078637696713,-0.002159270229354951,-0.0010393942060217187,0.0011693261878973468,0.0005908324820176533,0.002183509811772034,0.0010899756375808219,0.00020037299858138692,0.0004150750573769344,-0.0010942842252770286,-0.0017019787224283782,0.0013492936260336948,-0.003225991947370111,-0.004744549742647279
IND302022AAD,0.0,1,1,0.0,153.0,1.625,Jaipur_RIICO_L (Rajasthan),0.0,-0.0016339014750701931,-0.002201564827648094,0.001474807863769352,-0.0021592702293545883,-0.0010393942060210547,0.0011693261878977666,0.0005908324820180266,0.0021835098117719606,0.001089975637581642,0.00020037299857929088,0.00041507505737578895,-0.0010942842252775625,-0.001956476693235688,-0.0006306844265212769,-0.003072983813595728,-0.0013559453287605007
IND643212AAA,1.6419282805727048e-05,1,1,0.0,21.0,2.998664886515354,Gudalur_kalmpuza_D (Tamil Nadu),0.0003448049389202,0.02079458657254051,-0.005910785269691721,-0.004365995946928612,0.017362493321755195,0.026387289057818182,-0.019847780345015623,-0.03325808741174531,0.02349799058092894,9.395019813818076e-05,-0.0365157070103692,0.022681864017263163,-0.025389488428085707,-9.383946248648585e-16,-2.5937862265945444e-15,3.570382167162527e-15,-5.557174207809432e-15
IND276128AAA,0.0012183107841849,1,1,0.0,12.0,1.7712184873949584,Azamgarh_ChtwrDPP_D (Uttar Pradesh),0.0146197294102193,-0.0016339014750702797,-0.0022015648276480465,0.001474807863769216,-0.0021592702293547167,-0.001039394206021001,0.0011693261878977768,0.0005908324820177387,0.0021835098117719935,0.0010899756375812159,0.00020037299857888707,0.0004150750573738584,-0.0010942842252879724,-0.0049817572114695,-0.008750041345890447,-0.022702881989925264,0.03995129885426046
IND276305AAA,0.0008136666812615,1,1,0.0,14.0,1.99,Saraimeer_MsmcyDPP_D (Uttar Pradesh),0.0113913335376621,-0.0016339014750703035,-0.002201564827648057,0.0014748078637691992,-0.0021592702293547353,-0.0010393942060209999,0.0011693261878977697,0.0005908324820177098,0.0021835098117720104,0.0010899756375811953,0.00020037299857882828,0.00041507505737375304,-0.0010942842252885507,-0.00512905738398646,-0.00916440098367781,-0.023863798262870762,0.04233204788274824
IND223101AAB,0.0004082928324357,1,1,0.0,14.0,1.691123188405797,Shahganj_KcharaRD_D (Uttar Pradesh),0.0057160996541004,-0.0016339014750703187,-0.002201564827648058,0.001474807863769178,-0.002159270229354769,-0.001039394206020991,0.0011693261878977814,0.0005908324820176951,0.002183509811772017,0.0010899756375811608,0.00020037299857878134,0.000415075057373643,-0.0010942842252889792,-0.005236778201086747,-0.00947279357757515,-0.024730891462824464,0.04412396028965272
IND222125AAB,2.189237707430273e-06,1,1,0.0,2.0,2.65625,Badlapur_Bhaluahi_D (Uttar Pradesh),4.378475414860546e-06,-0.0016339014750703395,-0.0022015648276480565,0.0014748078637691576,-0.0021592702293548073,-0.0010393942060209812,0.0011693261878977866,0.0005908324820176899,0.0021835098117720265,0.0010899756375811343,0.00020037299857871954,0.0004150750573735498,-0.0010942842252893948,-0.005334065633609196,-0.009758606260152024,-0.025538602299280507,0.04581149373608598
IND126102AAA,0.0012128376899163,1,2,0.1666666666666666,14.0,2.179680205415499,Jind_DC (Haryana),0.0169797276588291,-0.0016339014750702712,-0.0022015648276476583,0.0014748078637695397,-0.002159270229354167,-0.0010393942060210927,0.001169326187897769,0.0005908324820180817,0.002183509811772008,0.0010899756375819703,0.00020037299858052592,0.00041507505737855877,-0.0010942842252757655,-0.0025290720735260514,-0.0008621549032713687,-0.004551075050769761,-0.0030949668487173874
IND126116AAA,0.0,1,1,0.5,20.0,2.55,Unknown_Source,0.0,-0.0016339014750702634,-0.0022015648276476527,0.0014748078637695386,-0.0021592702293541637,-0.0010393942060210918,0.001169326187897767,0.0005908324820180779,0.0021835098117720057,0.0010899756375819711,0.00020037299858053013,0.00041507505737853144,-0.0010942842252757645,-0.0025312255722894942,-0.0008632606610129252,-0.004557297152502385,-0.0030997585998002145
IND486001AAA,0.0,2,1,0.5,4.0,1.8400735294117647,Rewa_Dc (Madhya Pradesh),0.0,-0.0016339014750700461,-0.0022015648276480196,0.0014748078637694612,-0.002159270229354359,-0.0010393942060210968,0.0011693261878977482,0.0005908324820178103,0.0021835098117718547,0.0010899756375815418,0.00020037299857931682,0.0004150750573748023,-0.001094284225284113,-0.004023776052275751,-0.005834196217385504,-0.015201117295929231,0.023372729044475737
IND403401AAA,0.0,1,1,0.0,6.0,5.584880636604774,Goa_Ponda_Dc (Goa),0.0,0.042741474266278646,-0.0760381256984312,-0.061787115084199505,0.056962388051636996,-0.047050443830489994,0.05980317280221949,-0.017651364309711717,-0.03134917144842328,0.04821221692768966,-0.03873571495024896,-0.02549086620646368,0.04033403314107034,3.2445880987572606e-15,3.396519996084076e-15,-4.875150741191716e-15,8.394168179757512e-15
IND483225AAA,0.0,1,1,0.5,6.0,2.13109243697479,Sihora_KtnRdDPP_D (Madhya Pradesh),0.0,-0.0016339014750703026,-0.002201564827648117,0.001474807863769239,-0.002159270229354756,-0.0010393942060210179,0.0011693261878977885,0.0005908324820178114,0.002183509811772011,0.001089975637582735,0.00020037299858037644,0.0004150750573753239,-0.0010942842252811408,-0.0014231640404839979,0.002216145188575183,-0.004257679499673205,-0.000998480163650399
IND721602AAB,3.648729512383788e-07,2,1,0.5,26.0,1.3550770308123248,Haldia_Central_D_2 (West Bengal),9.486696732197847e-06,-0.0016339014750713806,-0.002201564827648145,0.0014748078637691461,-0.0021592702293547618,-0.0010393942060209196,0.0011693261878978453,0.000590832482017752,0.0021835098117727325,0.0010899756375829736,0.00020037299858126923,0.0004150750573774639,-0.0010942842252759009,-0.002720020822658456,-0.005715818363481213,0.008536421317793984,-0.001353184721204855
IND262122AAB,0.0,1,1,0.5,40.0,2.4285714285714284,Puranpur_MdothdRD_D (Uttar Pradesh),0.0,-0.0016339014750703998,-0.002201564827648633,0.0014748078637689397,-0.002159270229355413,-0.001039394206020949,0.0011693261878978091,0.0005908324820180403,0.002183509811772077,0.0010899756375800011,0.00020037299858285203,0.00041507505738878133,-0.0010942842252712472,-0.003505395839616676,-0.0014965810779558526,-0.008317324286264784,-0.006382278874459923
IND311301AAA,0.0,0,1,0.0,12.0,4.85,Asind_BsStdDPP_D (Rajasthan),0.0,-0.0016339014750704126,-0.002201564827648217,0.0014748078637691628,-0.0021592702293547926,-0.0010393942060208914,0.0011693261878978438,0.0005908324820182906,0.0021835098117720525,0.0010899756375778156,0.00020037299858022023,0.00041507505737636385,-0.0010942842252741694,-0.0016228088740476974,0.0020920486781830336,-0.004759748253896504,-0.0057119894688321
IND627401AAA,2.554110658668652e-06,1,1,0.5,26.0,2.0185185185185186,Ambasamdrm_Solaiprm_D (Tamil Nadu),6.640687712538495e-05,-0.013331712946746808,-0.004786265098706538,-0.000495669963296184,-0.005012946861010376,0.008374556568743804,0.010415157626776994,0.000629057484083048,-0.00474898619445252,-0.0013253003359399642,-0.0044551469736519795,0.0038908720240788154,-0.0021395647105322112,-2.8535649384491767e-16,-4.744647174758054e-16,5.830053912612937e-16,-1.0558671873942753e-15
IND732138AAA,0.001223054132551,1,3,0.1666666666666666,23.0,2.064814814814815,Bamangola_Central_D_1 (West Bengal),0.028130245048674,-0.0016339014750704358,-0.002201564827648074,0.0014748078637692185,-0.0021592702293547258,-0.0010393942060209994,0.0011693261878978022,0.00059083248201813,0.0021835098117721037,0.0010899756375826698,0.00020037299858034958,0.0004150750573762117,-0.0010942842252755064,-0.0024457946872981327,-0.004833682578522092,0.0071272718197052266,-0.001098309437373632
IND221010AAA,0.0004061035947283,1,1,0.0,1.0,4.166666666666667,Varanasi (Uttar Pradesh),0.0004061035947283,-0.0016339014750702706,-0.0022015648276480526,0.001474807863769235,-0.002159270229354689,-0.0010393942060210092,0.0011693261878977775,0.0005908324820177367,0.0021835098117719844,0.0010899756375812484,0.00020037299857893155,0.0004150750573739038,-0.001094284225287555,-0.0048785108031598415,-0.008455017233210276,-0.021873718563026823,0.03823936395671371
IND788806AAA,0.0002014098690835,2,2,0.5,10.0,4.007070135746607,Badarpur_Konapara_D (Assam),0.0020140986908358,-0.0016339014750666719,-0.002201564827648965,0.0014748078637694135,-0.0021592702293547787,-0.0010393942060210346,0.0011693261878977187,0.000590832482017942,0.0021835098117695996,0.001089975637581783,0.0002003729985793477,0.00041507505737386043,-0.0010942842252745376,-0.004849871754906399,-0.020135724204653573,0.02500385888043613,0.006545646768531477
IND591307AAC,0.0008085584599442,1,3,0.1666666666666666,33.0,2.104512558535547,Gokak_Bsavangr_D (Karnataka),0.0266824291781601,-0.0016339014750704002,-0.0022015648276477,0.001474807863769077,-0.0021592702293549634,-0.0010393942060209205,0.0011693261878978837,0.000590832482018195,0.0021835098117720373,0.0010899756375812397,0.00020037299857930286,0.000415075057375488,-0.0010942842252765158,0.0007308412462777359,0.0042955955698137736,0.0002733949695309194,-0.00351773847183647
IND201005AAA,0.0,1,1,0.0,2.0,1.6428571428571428,Ghaziabad_RjndrNgr_DC (Uttar Pradesh),0.0,-0.00163390147507021,-0.0022015648276480404,0.0014748078637693513,-0.002159270229354576,-0.00103939420602105,0.0011693261878977805,0.0005908324820180644,0.0021835098117719697,0.0010899756375820828,0.00020037299857944644,0.00041507505737597636,-0.0010942842252775196,-0.002338009465331075,-0.001358083847819834,-0.0035133842953325592,-0.0007859352325027949
IND144601AAA,0.0008103828247004,1,2,0.3333333333333333,4.0,1.7158313983488132,Kapurthala_DC (Punjab),0.0032415312988017,-0.0016339014750704143,-0.0022015648276483275,0.001474807863769041,-0.002159270229355077,-0.001039394206020921,0.001169326187897785,0.0005908324820180808,0.0021835098117720772,0.001089975637582321,0.00020037299858051508,0.00041507505737638825,-0.0010942842252763228,-0.0019055148815450415,0.0005129081677769787,-0.0039008686519503453,-0.003842462101270929
IND144040AAA,0.0008060043492855,2,1,0.3333333333333333,18.0,1.9705882352941173,Nakodar_ChowkDPP_D (Punjab),0.0145080782871404,-0.001633901475070402,-0.002201564827648322,0.001474807863769035,-0.0021592702293550827,-0.0010393942060209185,0.001169326187897785,0.0005908324820180875,0.002183509811772076,0.001089975637582318,0.00020037299858051422,0.00041507505737639936,-0.0010942842252763272,-0.0019082049378844079,0.0005139994367011146,-0.0039097167786979236,-0.0038523344486127904
IND121004AAC,0.0,1,1,0.0,12.0,2.5396825396825395,Faridabad_MohnVRTL_D (Haryana),0.0,-0.0016339014750701391,-0.0022015648276480517,0.0014748078637694187,-0.002159270229354486,-0.0010393942060210842,0.0011693261878977681,0.0005908324820180168,0.002183509811771928,0.0010899756375818317,0.00020037299857952697,0.0004150750573759948,-0.001094284225277533,-0.0023073425196875504,-0.0013792472066724531,-0.0031908926474228895,-0.0008023649688353774
IND742202AAA,0.0020286936088853,1,2,0.3333333333333333,22.0,3.676228715170279,Dhulian_RatanDPP_D (West Bengal),0.0446312593954785,-0.001633901475070406,-0.002201564827648074,0.0014748078637692322,-0.002159270229354725,-0.0010393942060209996,0.0011693261878978,0.0005908324820181431,0.0021835098117720915,0.0010899756375825351,0.00020037299858028835,0.00041507505737622334,-0.0010942842252756426,-0.0023635073637328103,-0.004591231194776004,0.0067470377454642285,-0.001032288950211733
IND396105AAA,0.0,1,1,0.0,4.0,1.7857142857142856,Bhilad_Umargaon_DC (Gujarat),0.0,-0.0016339014750702244,-0.002201564827648048,0.0014748078637693022,-0.0021592702293547596,-0.0010393942060211061,0.0011693261878977376,0.0005908324820180365,0.0021835098117719944,0.0010899756375816374,0.0002003729985797924,0.0004150750573757303,-0.00109428422527716,-0.0009866960197439532,0.0016113263938598574,-0.001126976504393324,-0.0035511436007784323
IND530018AAA,0.0,0,1,0.0,1.0,4.375,Vizag _NAD (Andhra Pradesh),0.0,-0.0016339014750701656,-0.002201564827647708,0.0014748078637691106,-0.002159270229355284,-0.0010393942060212004,0.0011693261878977122,0.0005908324820182045,0.0021835098117720174,0.0010899756375799916,0.0002003729985793009,0.0004150750573769373,-0.0010942842252790784,-0.00037530434619205064,0.004236156646068722,0.0009734450736159568,-0.005760175083150897
IND307001AAA,0.0012205000218923,1,1,0.0,4.0,1.2826797385620914,Sirohi_Ricco_D (Rajasthan),0.0048820000875695,-0.0016339014750703497,-0.0022015648276484403,0.0014748078637691752,-0.0021592702293548403,-0.0010393942060209734,0.0011693261878977781,0.000590832482018487,0.002183509811772046,0.0010899756375778,0.00020037299858039354,0.00041507505737663154,-0.001094284225274172,-0.00164788307751338,0.002080139530116867,-0.0047535880472707485,-0.005798721012110294
IND306902AAA,0.000814396427164,1,1,0.0,1.0,1.5185185185185186,Sumerpur_BazarDPP_D (Rajasthan),0.000814396427164,-0.001633901475070363,-0.002201564827648497,0.0014748078637691609,-0.0021592702293548637,-0.0010393942060209639,0.001169326187897789,0.0005908324820185587,0.0021835098117720508,0.0010899756375775049,0.00020037299858048196,0.00041507505737664986,-0.0010942842252738762,-0.0016899962999180223,0.0021614927527644646,-0.004952390161859345,-0.00607521885317893
IND306116AAA,0.0004075630865332,1,1,0.0,10.0,1.726851851851852,Falna_SbhRDDPP_D (Rajasthan),0.0040756308653326,-0.0016339014750703738,-0.00220156482764854,0.0014748078637691537,-0.0021592702293548776,-0.0010393942060209571,0.0011693261878977929,0.0005908324820185943,0.0021835098117720594,0.0010899756375773524,0.00020037299858050356,0.00041507505737665155,-0.0010942842252737075,-0.0017128717798667475,0.002205802197408321,-0.005060725967039657,-0.006226064776998799
IND110020AAB,0.0,1,1,0.0,11.0,2.4,OK_RPC (Delhi),0.0,-0.0016339014750701517,-0.0022015648276480365,0.0014748078637693766,-0.00215927022935455,-0.0010393942060210606,0.0011693261878977675,0.0005908324820180378,0.0021835098117719406,0.0010899756375818005,0.00020037299857960598,0.00041507505737603176,-0.0010942842252774543,-0.0022882636910214363,-0.0016074373137576375,-0.002774450047024472,-0.0003511164161794434
IND208019AAA,0.0,1,1,0.0,13.0,3.2222222222222223,Kanpur_Rawatpur_D (Uttar Pradesh),0.0,-0.001633901475070182,-0.0022015648276480586,0.0014748078637693213,-0.002159270229354602,-0.0010393942060210424,0.0011693261878977749,0.0005908324820180228,0.002183509811771946,0.001089975637581559,0.000200372998579546,0.00041507505737532627,-0.0010942842252803138,-0.002927480871144793,-0.0033149991160511226,-0.007193616876623492,0.009391796440078546
IND600004AAA,0.0,1,1,0.0,4.0,5.6,Chennai_Mylapore (Tamil Nadu),0.0,-0.0016339014750701589,-0.0022015648276490396,0.0014748078637697073,-0.002159270229353759,-0.0010393942060209925,0.0011693261878977519,0.0005908324820182049,0.0021835098117719033,0.001089975637580715,0.00020037299857907814,0.00041507505737605865,-0.0010942842252774187,0.00038311114870469173,0.004955123355022291,0.00048430294598400173,-0.004067772158601879
IND284001AAA,0.0,0,1,0.0,27.0,1.886876006441224,Jhansi_LVMColge_D (Uttar Pradesh),0.0,-0.001633901475070053,-0.002201564827648021,0.0014748078637695113,-0.0021592702293543368,-0.0010393942060211343,0.0011693261878977445,0.0005908324820179652,0.0021835098117718678,0.0010899756375817129,0.00020037299857945617,0.00041507505737548717,-0.0010942842252807314,-0.0031160620471241698,-0.0033207507927156808,-0.00905575441509784,0.010190730367644903
IND284403AAA,0.0004039143570208,1,2,0.1666666666666666,1.0,2.5048076923076925,Lalitpur_RjghatRd_D (Uttar Pradesh),0.0004039143570208,-0.0016339014750700307,-0.002201564827648025,0.0014748078637695048,-0.0021592702293543316,-0.0010393942060211324,0.0011693261878977445,0.0005908324820179582,0.0021835098117718595,0.0010899756375817096,0.00020037299857944557,0.0004150750573755,-0.001094284225280703,-0.0031033707902266266,-0.003300422188646731,-0.008996684790411625,0.010115520499989773
IND472001AAA,0.0011852289699393,2,2,0.1666666666666666,182.0,2.285799633446582,Tikamgarh_MndiRoad_D (Madhya Pradesh),0.2157116725289587,-0.0016339014750700374,-0.0022015648276480235,0.0014748078637694863,-0.002159270229354338,-0.0010393942060211202,0.0011693261878977469,0.0005908324820178967,0.0021835098117718534,0.001089975637581641,0.0002003729985793958,0.0004150750573752141,-0.001094284225282048,-0.003469243798915218,-0.0043102447252420985,-0.011467870881896313,0.015404753436792826
IND132103AAA,0.0008100179517492,2,2,0.5,19.0,1.6883116883116882,Panipat (Haryana),0.0153903410832348,-0.001633901475070256,-0.002201564827647687,0.0014748078637695256,-0.0021592702293542067,-0.0010393942060210966,0.0011693261878977727,0.000590832482018044,0.002183509811772003,0.0010899756375819282,0.00020037299858050806,0.00041507505737850266,-0.001094284225275837,-0.0024968171789719633,-0.0008455622961006358,-0.004457674192232864,-0.00302298052709059
IND151103AAA,0.0,1,1,0.0,2.0,15.672364672364672,RampuraPhul_DC (Punjab),0.0,-0.0016339014750704395,-0.0022015648276484173,0.0014748078637689542,-0.0021592702293551955,-0.001039394206020881,0.0011693261878978067,0.0005908324820181053,0.0021835098117720907,0.001089975637582417,0.00020037299858064876,0.00041507505737638396,-0.0010942842252762203,-0.0019779759854891363,0.0005433620557934537,-0.004149550983842847,-0.004124226172317731
IND272155AAA,0.0,0,1,0.0,6.0,1.2458333333333331,Harraiya_MahuGDPP_D (Uttar Pradesh),0.0,-0.0016339014750704527,-0.0022015648276480734,0.0014748078637691216,-0.0021592702293549175,-0.0010393942060209853,0.0011693261878978124,0.0005908324820184037,0.0021835098117721054,0.001089975637580193,0.00020037299857996832,0.0004150750573750515,-0.001094284225282618,-0.0038029679296509643,-0.005087565460084063,-0.01145049559532205,0.016246132154877788
IND784001AAA,0.001416619233183,3,4,0.0952380952380952,26.0,2.46022206959707,Tezpur_Mhbhirab_D (Assam),0.0368321000627581,-0.0016339014750700886,-0.002201564827648114,0.0014748078637692747,-0.00215927022935472,-0.0010393942060210304,0.0011693261878977762,0.0005908324820179747,0.0021835098117718907,0.0010899756375815377,0.0002003729985792913,0.0004150750573741922,-0.0010942842252752519,-0.004387760660592201,-0.017227427813814176,0.021150364445406855,0.00540127078675304
IND791102AAA,0.0024234861421253,2,1,0.0,10.0,1.973684210526316,Pasighat_MissonRd_D (Arunachal Pradesh),0.0242348614212531,-0.0016339014750727866,-0.0022015648276475248,0.0014748078637690776,-0.0021592702293548134,-0.001039394206020951,0.0011693261878978603,0.0005908324820180298,0.0021835098117736723,0.00108997563758174,0.00020037299857962742,0.0004150750573734923,-0.001094284225274511,-0.004792510389766072,-0.019901178555316694,0.02473219566808516,0.006492392414941044
IND784168AAB,0.0042319789249383,3,2,0.15,21.0,2.5050203656341767,Gohpur_Central_D_1 (Assam),0.088871557423705,-0.0016339014750705349,-0.002201564827648018,0.0014748078637692368,-0.0021592702293547353,-0.0010393942060210124,0.0011693261878977911,0.0005908324820179877,0.002183509811772188,0.0010899756375815602,0.00020037299857932943,0.00041507505737410063,-0.0010942842252751842,-0.004419064194209039,-0.017457659641226902,0.021464985325999053,0.005501161843934801
IND110030AAD,0.0,2,1,0.5,34.0,1.6154401154401152,Delhi_Kishangarh_DPC (Delhi),0.0,-0.0016339014750701973,-0.002201564827648059,0.001474807863769351,-0.0021592702293545775,-0.0010393942060210539,0.0011693261878977681,0.0005908324820180503,0.0021835098117719697,0.0010899756375818623,0.00020037299857938415,0.0004150750573759535,-0.0010942842252775187,-0.0021437522386810928,-0.000966411680651645,-0.003371582216962753,-0.0010441984102001634
IND532421AAA,0.0,1,1,0.5,32.0,1.682291666666667,Narasnpeta_HudcoDPP_D (Andhra Pradesh),0.0,-0.001633901475070164,-0.002201564827646839,0.0014748078637687127,-0.0021592702293563994,-0.0010393942060214168,0.0011693261878976452,0.0005908324820184776,0.0021835098117721297,0.001089975637579064,0.00020037299857898625,0.000415075057377988,-0.0010942842252810046,-0.00041583472301533447,0.004978405943903928,0.0011580599626039708,-0.007039373940268932
IND532201AAA,0.0012128376899163,2,2,0.3333333333333333,42.0,1.808509513742072,Tekkali_AmvdiDPP_D (Andhra Pradesh),0.0509391829764875,-0.0016339014750701537,-0.0022015648276468842,0.0014748078637687042,-0.002159270229356417,-0.0010393942060214218,0.001169326187897636,0.0005908324820184707,0.0021835098117721293,0.0010899756375790434,0.00020037299857899102,0.00041507505737798576,-0.0010942842252810502,-0.00041662099350146196,0.0049925828253864655,0.0011615752402022736,-0.007063570621542174
IND761200AAA,0.0004026373016915,2,1,0.5,36.0,2.1818181818181817,Paralakhemundi_Ward14_D (Orissa),0.0144949428608958,-0.0016339014750701578,-0.002201564827646852,0.0014748078637687157,-0.0021592702293563985,-0.0010393942060214145,0.0011693261878976422,0.0005908324820184658,0.002183509811772126,0.0010899756375790666,0.00020037299857898934,0.00041507505737797666,-0.0010942842252810068,-0.00041575009786646205,0.0049768787208567394,0.0011576812073409157,-0.007036765865077397
IND271201AAA,0.0,1,1,1.0,18.0,2.071428571428571,Balrampur_PBRDDPP_D (Uttar Pradesh),0.0,-0.009446895886928356,5.384231989965764e-05,0.010018095551800651,-0.015935644504262048,0.028785781028001615,0.007850474577958932,0.033230543119894256,0.00033276828309813987,0.00995634615990994,-0.03392907784216972,0.006985110142162091,-0.006958336031903466,-1.741159611750246e-15,-3.24117899830867e-15,5.047477578169232e-16,-5.790313900994137e-15
IND465333AAA,0.0,2,1,0.5,12.0,1.613721804511278,Shujalpur_AstrdDPP_D (Madhya Pradesh),0.0,-0.001633901475070261,-0.0022015648276480504,0.001474807863769275,-0.0021592702293546815,-0.0010393942060210278,0.0011693261878977857,0.0005908324820180222,0.00218350981177199,0.0010899756375818298,0.00020037299857978907,0.0004150750573755076,-0.0010942842252788451,-0.0011110771213715342,0.0014823183155862453,-0.0027540649123631153,-0.0005987229511856742
IND532222AAA,0.0004026373016915,1,2,0.5,4.0,1.5198711063372716,Palasa_Central_DPP_1 (Andhra Pradesh),0.0016105492067662,-0.001633901475070156,-0.0022015648276468448,0.0014748078637687116,-0.002159270229356421,-0.0010393942060214162,0.0011693261878976452,0.0005908324820184658,0.002183509811772127,0.0010899756375790388,0.00020037299857897522,0.00041507505737799205,-0.0010942842252810213,-0.00041640820673062177,0.004988749461357958,0.001160624885572121,-0.007057031415023076
IND712406AAA,0.0016167520469372,1,2,0.0,5.0,2.5560271646859087,Khanakul_Ramnagar_D (West Bengal),0.0080837602346862,-0.0016339014750703126,-0.00220156482764808,0.0014748078637692554,-0.0021592702293547167,-0.0010393942060209962,0.0011693261878977978,0.0005908324820181149,0.0021835098117720317,0.0010899756375823163,0.00020037299858001985,0.0004150750573762051,-0.00109428422527584,-0.002208057317177386,-0.0041151147909530466,0.005994273129648279,-0.0008992157891672019
IND712602AAA,0.0010070493454179,2,2,0.2,6.0,2.859416445623342,Arambag_BalibDPP_D (West Bengal),0.0060422960725075,-0.0016339014750703091,-0.0022015648276480816,0.0014748078637692604,-0.0021592702293547167,-0.0010393942060209973,0.0011693261878978024,0.0005908324820181112,0.002183509811772033,0.0010899756375822923,0.00020037299858001274,0.00041507505737618675,-0.001094284225275866,-0.0021947687274591248,-0.00407787722330319,0.005936472149394664,-0.0008894037582059698
IND462021AAA,0.0,0,1,0.0,2.0,3.363636363636364,Bhopal_Indrapri_DC (Madhya Pradesh),0.0,-0.0016339014750702554,-0.0022015648276480456,0.0014748078637692762,-0.0021592702293546802,-0.001039394206021026,0.0011693261878977887,0.0005908324820180442,0.002183509811771989,0.0010899756375818289,0.00020037299857980165,0.0004150750573754916,-0.0010942842252788553,-0.0011181836168377049,0.0014966313691683192,-0.0027824250301313608,-0.0006057115802451551
IND281121AAB,0.0,0,1,0.0,66.0,1.7872577519379846,Vrindavan_MathuraRD_D (Uttar Pradesh),0.0,-0.0016339014750701613,-0.002201564827648034,0.0014748078637693732,-0.0021592702293545497,-0.0010393942060210604,0.0011693261878977755,0.0005908324820180453,0.0021835098117719406,0.0010899756375818,0.00020037299857960587,0.0004150750573760337,-0.0010942842252774578,-0.002288263691021428,-0.001607437313757637,-0.0027744500470244836,-0.0003511164161794439
IND328001AAA,0.0008447803929217,3,3,0.4615384615384615,39.0,1.7763347763347763,Dholpur_GtRoad_D (Rajasthan),0.0329464353239474,-0.0016339014750700793,-0.0022015648276480404,0.001474807863769465,-0.0021592702293543923,-0.0010393942060211098,0.00116932618789775,0.0005908324820179812,0.0021835098117718903,0.0010899756375817634,0.00020037299857946858,0.00041507505737586246,-0.0010942842252785454,-0.002480181833583651,-0.0017655509514006033,-0.005016706011577172,0.00229661654376731
IND441614AAA,0.0,0,1,0.0,18.0,2.1875,Gondia_RamNgr_D (Maharashtra),0.0,0.012239806155070492,0.0002872968147767537,0.0018238532586968277,-0.003277620728719921,0.008281831097288425,-0.007747771867430831,-0.0010345256063244625,-0.0030363311518731453,-0.013298545357497695,-0.012466020139797947,-0.0014413763737465353,0.010216463036219677,2.693476401374687e-16,2.5862161463446597e-16,-1.2608536767893465e-15,1.2491248053773526e-15
IND700026AAC,0.0,2,2,1.0,12.0,2.79573431907528,CCU_Lake Avenue_DPC (West Bengal),0.0,-0.001633901475070297,-0.002201564827648066,0.0014748078637692467,-0.0021592702293547162,-0.0010393942060210098,0.0011693261878977933,0.0005908324820181182,0.0021835098117720217,0.0010899756375822647,0.00020037299857999857,0.00041507505737618035,-0.0010942842252758935,-0.002174895185803831,-0.004022087394776778,0.005849843484204289,-0.0008746869994510068
IND177203AAA,0.0,0,1,0.0,3.0,1.5135135135135136,Amb_Adrshngr_D (Himachal Pradesh),0.0,-0.005878480317661334,-0.028110343139739383,0.020801580354100867,0.00015100339079284034,-0.015176341190436914,-0.00830099696146548,-0.0082471933324047,0.038369211265223545,-0.00040478695255891805,0.007998718302100409,-0.002228518682720579,0.0020582752254426928,5.08031292249176e-16,7.987980914589856e-16,-2.301920360647474e-16,1.2944336239353022e-15
IND177101AAA,7.297459024767576e-07,1,2,0.0,4.0,1.416239316239316,DehraGopipur_Central_D_1 (Himachal Pradesh),2.9189836099070305e-06,-0.005878480317661331,-0.028110343139739365,0.020801580354100842,0.0001510033907928124,-0.015176341190436933,-0.008300996961465499,-0.008247193332404715,0.038369211265223635,-0.00040478695255892917,0.007998718302100426,-0.002228518682720528,0.0020582752254427114,5.062531485815023e-16,7.864420195137548e-16,-2.1558169394565647e-16,1.3176353133958522e-15
IND176215AAA,0.0,0,1,0.0,6.0,1.889855072463768,Dharamshala_GrudwrRd_D (Himachal Pradesh),0.0,-0.0016339014750703798,-0.0022015648276482577,0.0014748078637690973,-0.002159270229354974,-0.0010393942060209491,0.0011693261878978057,0.0005908324820180685,0.0021835098117720577,0.0010899756375821984,0.0002003729985803871,0.00041507505737638196,-0.0010942842252764469,-0.0018276883723730053,0.0004809910916647654,-0.003641517237765937,-0.003551723275774644
IND176061AAA,0.0004039143570208,1,1,0.0,18.0,1.4194444444444445,Palampur_Cnsrvila_D (Himachal Pradesh),0.0072704584263759,-0.0016339014750703688,-0.00220156482764825,0.0014748078637691015,-0.002159270229354968,-0.0010393942060209535,0.0011693261878978017,0.0005908324820180765,0.002183509811772061,0.0010899756375822036,0.00020037299858036872,0.00041507505737641687,-0.00109428422527645,-0.001820244469680539,0.00047804661372179044,-0.0036177640476215004,-0.0035255107642193245
IND784125AAA,0.0004053738488258,1,1,0.5,9.0,2.4555462184873957,Mangaldoi_LNBRoad_D (Assam),0.0036483646394325,-0.0016339014750697527,-0.0022015648276481883,0.001474807863769298,-0.002159270229354708,-0.0010393942060210315,0.0011693261878977686,0.0005908324820179674,0.002183509811771665,0.001089975637581506,0.00020037299857921672,0.00041507505737431585,-0.0010942842252754166,-0.0042531982219731765,-0.016395151475508615,0.020050388277524967,0.005075966824594739
IND784110AAA,0.0004031846111184,1,2,0.3333333333333333,4.0,2.975,Dhekiajuli_Wardno5_D (Assam),0.0016127384444736,-0.0016339014750698824,-0.002201564827648161,0.0014748078637692892,-0.002159270229354716,-0.001039394206021035,0.001169326187897774,0.0005908324820179699,0.0021835098117717455,0.0010899756375815136,0.00020037299857924638,0.0004150750573742607,-0.0010942842252753527,-0.004312062540149215,-0.016756569107983867,0.020527312396243967,0.005216522000948651
IND603203AAA,0.0004035494840696,2,2,0.4,26.0,2.568217893217893,Chennai_Potheri (Tamil Nadu),0.0104922865858108,-0.0016339014750701689,-0.0022015648276491316,0.0014748078637697888,-0.0021592702293536355,-0.0010393942060209827,0.0011693261878978113,0.000590832482018142,0.002183509811771898,0.001089975637580653,0.0002003729985790138,0.0004150750573760349,-0.0010942842252773175,0.0003906027935675903,0.005103581299182049,0.0004998226688963556,-0.004216468589986557
IND250221AAA,0.0,0,1,0.0,1.0,3.125,Daurala_Sardhnrd_D (Uttar Pradesh),0.0,-0.0016339014750702497,-0.0022015648276476657,0.0014748078637695304,-0.002159270229354192,-0.0010393942060211005,0.0011693261878977733,0.0005908324820180319,0.0021835098117720018,0.0010899756375819375,0.0002003729985805318,0.0004150750573785564,-0.0010942842252758085,-0.002513718645345191,-0.0008542076305378908,-0.004506284796069401,-0.003060355751586083
IND208017AAA,0.0,0,1,0.0,13.0,8.411764705882353,Kanpur_Central_D_5 (Uttar Pradesh),0.0,-0.001633901475070192,-0.0022015648276480595,0.001474807863769325,-0.002159270229354602,-0.001039394206021041,0.001169326187897777,0.0005908324820180089,0.002183509811771946,0.0010899756375815624,0.00020037299857954806,0.00041507505737532155,-0.0010942842252803088,-0.002927480871144816,-0.003314999116051124,-0.007193616876623503,0.009391796440078554
IND793001AAA,0.0004053738488258,1,2,0.5,9.0,2.4997807017543856,Shillong (Meghalaya),0.0036483646394325,-0.001633901475069605,-0.002201564827648228,0.0014748078637693133,-0.0021592702293546954,-0.0010393942060210328,0.001169326187897766,0.0005908324820179627,0.0021835098117715637,0.0010899756375814854,0.00020037299857917116,0.0004150750573743913,-0.0010942842252755066,-0.004173513994898221,-0.01590572665601329,0.01940453307390901,0.004885628820938181
IND793150AAA,0.0,1,1,1.0,5.0,2.0,Jowai_Ldthlabh_D (Meghalaya),0.0,-0.0016339014750695986,-0.0022015648276482234,0.0014748078637693129,-0.0021592702293547015,-0.001039394206021031,0.0011693261878977631,0.0005908324820179657,0.0021835098117715616,0.0010899756375814876,0.00020037299857917227,0.0004150750573743874,-0.0010942842252755077,-0.004175148591499183,-0.015915103811586274,0.019416726164045592,0.004889104403012261
IND500055AAA,0.0,1,2,1.0,3.0,2.560416666666667,Hyd_Trimulgherry_Dc (Telangana),0.0,-0.0016339014750702114,-0.0022015648276481016,0.001474807863769282,-0.0021592702293546447,-0.0010393942060210315,0.0011693261878977623,0.0005908324820179574,0.0021835098117719753,0.0010899756375809511,0.00020037299857978279,0.000415075057375837,-0.0010942842252774044,-0.00044042026704146247,0.0033002200241900943,0.00035520062527774735,-0.0044365899700911935
IND133004AAA,0.0,0,1,0.0,18.0,1.466403162055336,Ambala (Haryana),0.0,-0.001633901475070382,-0.0022015648276482547,0.0014748078637691017,-0.0021592702293549704,-0.0010393942060209459,0.001169326187897805,0.0005908324820180748,0.0021835098117720633,0.0010899756375822073,0.0002003729985803658,0.00041507505737642045,-0.0010942842252764286,-0.00182406979347829,0.0004795423240444394,-0.0036298022205278717,-0.0035387295395949334
IND000000AFR,0.0,0,1,0.0,24.0,1.8702380952380957,Cochin_PanditRd_D (Kerala),0.0,-0.0016339014750702283,-0.0022015648276481206,0.0014748078637692678,-0.0021592702293546932,-0.0010393942060210161,0.0011693261878977415,0.0005908324820182904,0.0021835098117721167,0.0010899756375820733,0.000200372998577771,0.0004150750573744466,-0.0010942842252794063,0.0032526562855535275,0.027578179859235608,0.013056597441115758,0.01117304048011913
IND638001AAA,3.648729512383788e-07,1,1,0.0,3.0,2.1666666666666665,Erode (Tamil Nadu),1.0946188537151363e-06,0.009312805143119942,-0.0023666828295894563,0.011384359630327658,-0.00017758505363356088,-0.02794107259812896,-0.005155027499587245,0.03539105660940137,0.006701464440900792,-0.013996377199514153,0.030766277250304962,-0.02077599980735617,0.0270792757762256,7.096318147444459e-16,2.325558580897209e-15,-3.720547631981397e-15,5.537559266204869e-15
IND722101AAB,0.0,1,1,0.0,5.0,1.375,Bankura_NapitDPP_D (West Bengal),0.0,-0.0016339014750702133,-0.002201564827648083,0.0014748078637693003,-0.00215927022935471,-0.0010393942060210634,0.0011693261878977833,0.0005908324820181202,0.002183509811771967,0.0010899756375832602,0.00020037299857955733,0.0004150750573775034,-0.0010942842252734423,-0.0027064766324193267,-0.005804504486444444,0.008729494917841335,-0.0014107548245335974
IND395009AAA,0.0,1,1,0.0,21.0,6.270299145299147,Surat_Central_D_12 (Gujarat),0.0,-0.0070820709748867176,-0.0011290668662148422,-0.005278622889405648,-0.002726875197087105,0.010689807809418488,0.0066532958169083865,-0.008275075644317433,0.009624934471828623,-0.00954991974579567,0.0028364931085680415,-0.004289070796925656,0.009882663810754862,7.416616771750615e-16,1.292051019279603e-15,-1.0768016438049418e-15,3.0012863951492708e-15
IND212402AAA,0.0008060043492855,1,1,0.0,65.0,4.285714285714286,Phulpur_Shekhpur_D (Uttar Pradesh),0.0523902827035626,-0.001633901475070139,-0.002201564827648033,0.0014748078637693684,-0.0021592702293544938,-0.0010393942060210677,0.001169326187897761,0.000590832482017791,0.002183509811771912,0.001089975637581434,0.00020037299857921903,0.00041507505737448493,-0.0010942842252851812,-0.004284214317482166,-0.006690199365175852,-0.01713239874493188,0.02807335013628545
IND626138AAA,4.378475414860546e-06,1,1,0.0,48.0,1.7104247104247103,Maharajapuram_Krsnakcl_D (Tamil Nadu),0.0002101668199133,0.003924301322963828,-0.007718983503482843,0.010655081328392355,-0.009289066971924737,0.0007248610992129952,-0.003616670909450359,0.01307230136698322,-0.005317493490964929,0.01113701253890682,-0.008495777146193125,0.009445492930392357,-0.015446229277288883,-2.1369777770601646e-15,-2.9454740583840123e-15,3.078763314735218e-15,-3.163981036008939e-15
IND222001AAA,4.7433483660989244e-06,2,1,0.0,1.0,2.9166666666666665,Jaunpur_Katghara_D (Uttar Pradesh),4.7433483660989244e-06,-0.0016339014750703595,-0.0022015648276480708,0.0014748078637691498,-0.0021592702293548108,-0.0010393942060209873,0.001169326187897785,0.0005908324820176799,0.002183509811772035,0.0010899756375811372,0.00020037299857869845,0.0004150750573735212,-0.0010942842252894551,-0.005352950026880347,-0.009820364763829198,-0.025716574135583682,0.04619861499419629
IND422103AAC,0.0005401335921498,1,2,0.0,54.0,1.8571428571428568,Sinnar_Central_D_1 (Maharashtra),0.0291672139760932,-0.001633901475070158,-0.002201564827647534,0.0014748078637692593,-0.002159270229354912,-0.0010393942060211653,0.001169326187897738,0.0005908324820177502,0.002183509811771946,0.0010899756375819672,0.00020037299857998485,0.000415075057374286,-0.0010942842252776907,-0.0014291112271157171,0.0014943486504636137,-0.0011657827491906559,-0.00496606914188368
IND518222AAA,0.0,1,1,1.0,15.0,1.2352941176470589,Dhone_RmNyrDPP_D (Andhra Pradesh),0.0,-0.0016339014750704167,-0.0022015648276480053,0.0014748078637692188,-0.0021592702293546802,-0.001039394206020879,0.0011693261878978833,0.0005908324820180036,0.002183509811772039,0.0010899756375807661,0.0002003729985793244,0.00041507505737519936,-0.0010942842252765212,0.0007219779564084949,0.005072134238325357,0.0008605972302567163,-0.004448633422887165
IND560099AAG,0.0,0,1,0.0,2.0,1.8035714285714288,Bengaluru_Bomsndra_L (Karnataka),0.0,-0.001633901475070329,-0.002201564827648134,0.0014748078637692491,-0.00215927022935463,-0.0010393942060209424,0.001169326187897803,0.000590832482018208,0.0021835098117720273,0.00108997563758119,0.0002003729985791262,0.00041507505737565934,-0.0010942842252770338,0.001797363913773193,0.006919446765092085,0.0019502919330908293,-0.001570851626857169
IND754103AAA,0.00121393230877,1,1,0.0,3.0,2.0,Jagatsghpr_Markndpr_D (Orissa),0.0036417969263102,-0.0016339014750702885,-0.0022015648276479186,0.00147480786376923,-0.0021592702293548377,-0.0010393942060210372,0.001169326187897789,0.000590832482018148,0.0021835098117720304,0.001089975637581156,0.000200372998579654,0.00041507505737620827,-0.0010942842252772457,-0.0006855412306487697,0.0014393400656033067,0.0015717398430098299,-0.0031569235490947513
IND754142AAA,0.0016156574280835,2,1,0.0,0.0,0.0,Paradip_Udyabata_D (Orissa),0.0,-0.0016339014750702812,-0.0022015648276478804,0.0014748078637692248,-0.002159270229354845,-0.001039394206021038,0.0011693261878977844,0.0005908324820181433,0.002183509811772033,0.001089975637581139,0.00020037299857966295,0.0004150750573762211,-0.0010942842252772628,-0.0006921952787911642,0.0014604451088894663,0.0015963210648687798,-0.003212904558710261
IND799250AAA,0.0004061035947283,1,1,0.0,5.0,2.5,Dharmanagr_Ranakant_D (Tripura),0.0020305179736415,-0.0016339014750666662,-0.0022015648276489837,0.0014748078637694178,-0.002159270229354777,-0.0010393942060210242,0.0011693261878977217,0.0005908324820179417,0.002183509811769593,0.0010899756375817942,0.000200372998579327,0.0004150750573738441,-0.0010942842252745718,-0.004847455346296521,-0.020120804889613913,0.02498416021286194,0.006539838707162806
IND493445AAB,7.297459024767576e-07,1,1,0.0,1.0,14.40983606557377,Mahasamund_RajpurRD_D (Chhattisgarh),7.297459024767576e-07,0.008013715859531301,-0.006528482461853762,-0.024710527890244204,0.021444368841254956,0.00021419081785381287,0.019165389098403207,0.005767957743122716,-0.010744937461603422,-0.006058733843936735,0.012167536190910542,0.01094817857100351,-0.014375563850417166,-1.2856531464511537e-15,-1.3254899814996707e-15,1.6996132179281961e-15,-3.226487400939277e-15
IND364004AAB,0.0012183107841849,1,1,0.0,35.0,1.8125,Bhavnagar_ChtrGIDC_IP (Gujarat),0.0426408774464731,-0.0016339014750699865,-0.002201564827648879,0.0014748078637695516,-0.002159270229354866,-0.0010393942060215114,0.00116932618789747,0.0005908324820178694,0.0021835098117720018,0.0010899756375809286,0.00020037299858087634,0.00041507505737657847,-0.0010942842252769434,-0.0016041099630869293,0.0012324339054040263,-0.0029281559540529543,-0.00424846854576666
IND365560AAB,0.0004068333406307,2,1,0.0,22.0,2.4545454545454546,Amreli_Rajula_DC (Gujarat),0.0089503334938774,-0.0016339014750699358,-0.0022015648276490617,0.00147480786376961,-0.002159270229354902,-0.001039394206021623,0.001169326187897391,0.0005908324820178081,0.002183509811772008,0.0010899756375808587,0.00020037299858118563,0.0004150750573767611,-0.001094284225276903,-0.0016679634731079063,0.0013075959350389405,-0.003119160436494203,-0.004564587473068733
IND364270AAA,0.0,0,1,0.0,4.0,1.927807486631016,Palitana_STRdDPP_D (Gujarat),0.0,0.08664592385626943,-0.0016461313463916997,0.03570179250529246,0.033777924762587154,-0.06655722471156784,-0.05391754582008281,-0.12369436636025763,-0.06604092751465297,-0.02886038757466852,0.09008927849335342,0.00477508344959937,-0.01726381934383611,3.760603567762506e-15,6.216970351636108e-15,3.5701352049437654e-15,9.415411690098414e-15
IND792121AAB,0.0,1,1,0.0,25.0,16.987875417130144,Jairampur_Mdiclcly_D (Arunachal Pradesh),0.0,-0.0016339014750719548,-0.0022015648276477273,0.0014748078637691541,-0.002159270229354748,-0.0010393942060210454,0.0011693261878978195,0.0005908324820177246,0.0021835098117731324,0.0010899756375792283,0.00020037299857611647,0.0004150750573706114,-0.001094284225274949,-0.0065625908285358425,-0.0338910208408894,0.044299564684943754,0.013110005399408858
IND311302AAA,0.0008060043492855,2,1,0.1666666666666666,6.0,6.949019607843137,Badnaur_BhmrdDPP_D (Rajasthan),0.0048360260957134,-0.0016339014750704108,-0.0022015648276482087,0.001474807863769165,-0.002159270229354794,-0.001039394206020894,0.0011693261878978375,0.0005908324820182954,0.0021835098117720534,0.0010899756375778457,0.0002003729985802279,0.00041507505737638684,-0.001094284225274213,-0.0016170561625189442,0.002080892390974771,-0.004732697909756568,-0.005675247578749276
IND152024AAA,0.0004053738488258,1,1,0.5,4.0,1.4444444444444444,Jalalabad_Muktsar_D (Punjab),0.0016214953953033,-0.0016339014750703998,-0.002201564827648372,0.0014748078637690115,-0.0021592702293551347,-0.001039394206020906,0.0011693261878977983,0.0005908324820180891,0.002183509811772071,0.0010899756375823536,0.00020037299858057038,0.00041507505737639177,-0.001094284225276291,-0.0019322389735426705,0.0005241448707781843,-0.003992634155550917,-0.0039464544935417295
IND152123AAA,0.0004031846111184,1,1,0.5,3.0,1.6666666666666667,Fazilka_GndhiChk_D (Punjab),0.0012095538333552,-0.0016339014750704187,-0.0022015648276483457,0.0014748078637690026,-0.0021592702293551144,-0.00103939420602092,0.0011693261878977963,0.0005908324820180849,0.002183509811772082,0.0010899756375823708,0.00020037299858057298,0.0004150750573764004,-0.0010942842252762905,-0.0019328962390001594,0.0005244132598342687,-0.0039948132235728675,-0.003948893007153664
IND788121AAA,0.0004053738488258,1,1,0.5,9.0,3.763809523809524,Kabuganj_Jantaclg_D (Assam),0.0036483646394325,-0.0016339014750666834,-0.0022015648276489837,0.001474807863769409,-0.0021592702293547874,-0.001039394206021032,0.0011693261878977272,0.0005908324820179345,0.002183509811769606,0.0010899756375817866,0.00020037299857934919,0.0004150750573738615,-0.0010942842252745645,-0.004847286607628824,-0.020119596434896837,0.02498252066585094,0.006539327296435652
IND781102AAA,0.0002017747420348,2,1,0.0,3.0,1.9411764705882355,Hajo_Sardala_D (Assam),0.0006053242261044,-0.0016339014750695983,-0.002201564827648241,0.0014748078637693144,-0.002159270229354707,-0.0010393942060210348,0.001169326187897767,0.0005908324820179608,0.0021835098117715533,0.0010899756375814865,0.00020037299857918645,0.0004150750573744052,-0.0010942842252754843,-0.004196125851190738,-0.01603626173285486,0.01957447758616304,0.004934199241465395
IND721501AAC,0.0,1,2,1.0,24.0,1.8247594690049933,AmaDubi_Bulabeda_D (West Bengal),0.0,-0.0016339014750703157,-0.0022015648276480786,0.0014748078637692513,-0.0021592702293547214,-0.0010393942060210016,0.0011693261878978085,0.0005908324820181752,0.0021835098117720425,0.0010899756375824076,0.00020037299858009528,0.0004150750573761668,-0.0010942842252757371,-0.0022859360294222885,-0.004339854621438212,0.006345169058968025,-0.000959539975699814
IND335524AAA,0.0,2,1,0.5,0.0,0.0,Rawatsar_ShivmDPP_D (Rajasthan),0.0,-0.0016339014750701233,-0.002201564827648083,0.0014748078637694167,-0.002159270229354481,-0.0010393942060210903,0.0011693261878977553,0.000590832482017977,0.002183509811771924,0.0010899756375817762,0.00020037299857937954,0.0004150750573758711,-0.001094284225277558,-0.0021911471322866717,-0.0009551087706516143,-0.0034082085281771693,-0.0013054469955146332
IND752056AAA,0.0,2,1,0.5,3.0,2.0,Khurdha_MdhsnDPP_D (Orissa),0.0,-0.0016339014750702853,-0.002201564827647882,0.0014748078637692255,-0.002159270229354841,-0.0010393942060210346,0.0011693261878977916,0.0005908324820181557,0.002183509811772026,0.001089975637581142,0.00020037299857966236,0.00041507505737620166,-0.0010942842252772559,-0.0006903976970835766,0.0014547561552836236,0.0015896979767232602,-0.0031978353038887466
IND721636AAB,0.0,1,1,1.0,6.0,1.528985507246377,Tamluk_Central_DPP_2 (West Bengal),0.0,-0.0016339014750713788,-0.002201564827648116,0.0014748078637691485,-0.002159270229354759,-0.001039394206020914,0.001169326187897841,0.0005908324820177531,0.0021835098117727295,0.0010899756375829664,0.0002003729985812711,0.00041507505737745456,-0.0010942842252759113,-0.0027176907957974315,-0.005708450339757377,0.008524693508247059,-0.0013510802537576622
IND370615AAB,0.0,2,1,1.0,4.0,4.122159090909091,Nakhatrana_ClgRDDPP_D (Gujarat),0.0,-0.0016339014750696873,-0.0022015648276496463,0.0014748078637697969,-0.0021592702293549634,-0.0010393942060219095,0.0011693261878972273,0.0005908324820178454,0.0021835098117719354,0.0010899756375807004,0.0002003729985819934,0.00041507505737711347,-0.0010942842252770885,-0.0017541489917413992,0.001415435679407146,-0.003396634496565109,-0.005036438561519555
IND000000AAZ,0.001614927682181,2,2,0.1666666666666666,6.0,2.625905797101449,Buldhana_Thsil3PL_D (Maharashtra),0.0096895660930863,-0.001633901475070168,-0.0022015648276476766,0.0014748078637692697,-0.0021592702293548433,-0.0010393942060211556,0.0011693261878977445,0.0005908324820176849,0.0021835098117719515,0.0010899756375819085,0.0002003729985799264,0.00041507505737486527,-0.0010942842252774742,-0.0014117839912920907,0.0014646039079773748,-0.0011406084653223193,-0.004839872477651188
IND444303AAA,0.0,1,1,0.5,2.0,3.242424242424242,Khamgaon_WamanDPP_D (Maharashtra),0.0,-0.0016339014750701702,-0.0022015648276476757,0.0014748078637692704,-0.0021592702293548476,-0.0010393942060211536,0.0011693261878977488,0.0005908324820176795,0.002183509811771955,0.0010899756375819126,0.00020037299857993547,0.00041507505737482483,-0.001094284225277482,-0.0014154094355353173,0.0014702641512730746,-0.0011453066223516774,-0.004862440068667036
IND471001AAA,0.0011815802404269,2,1,0.3333333333333333,36.0,1.5773809523809526,Chhatarpur_Busstand_D (Madhya Pradesh),0.0425368886553702,-0.0016339014750700466,-0.0022015648276480187,0.0014748078637694725,-0.0021592702293543407,-0.0010393942060211107,0.0011693261878977456,0.0005908324820178478,0.0021835098117718513,0.0010899756375815795,0.0002003729985793533,0.0004150750573749595,-0.0010942842252833402,-0.003817619984145555,-0.005258512812063028,-0.013798715851563016,0.020345165862840405
IND600016AAA,0.0,0,1,0.0,16.0,2.184659090909091,Airport (Tamil Nadu),0.0,-0.0016339014750701986,-0.0022015648276489897,0.0014748078637697698,-0.0021592702293537465,-0.001039394206020983,0.00116932618789794,0.0005908324820181944,0.0021835098117719285,0.0010899756375806523,0.00020037299857913403,0.0004150750573758896,-0.001094284225277477,0.00038473400970672205,0.004986404340048389,0.0004875547423263719,-0.004098549788290918
IND796009AAA,0.0,1,1,0.0,13.0,4.9399224806201545,Aizawl_HunthrVg_I (Mizoram),0.0,0.044312274729004716,-0.010940086766624266,0.07611146401726904,-0.04060707258410154,0.034838978890835974,-0.03519949078316908,-0.021391951432255567,-0.07221579271028819,0.0031429173172216425,-0.026168240257181664,-0.02027371704277298,0.0369365411126079,2.807524857522256e-15,3.9781717912539545e-15,-4.198484772039293e-15,9.435843762415954e-15
IND796321AAB,0.0,1,1,0.0,9.0,9.669841800356506,Champhai_AwmpiVng_D (Mizoram),0.0,0.044312274729004716,-0.010940086766624254,0.07611146401726909,-0.04060707258410155,0.03483897889083598,-0.03519949078316909,-0.021391951432255574,-0.07221579271028808,0.0031429173172216425,-0.026168240257181664,-0.020273717042772966,0.03693654111260786,2.8123149871724697e-15,3.972798303917727e-15,-4.202067096930111e-15,9.443008412197591e-15
IND484661AAE,0.0016193061575959,1,2,0.1666666666666666,8.0,2.846590909090909,Umaria_Central_DPP_3 (Madhya Pradesh),0.0129544492607674,-0.0016339014750703033,-0.002201564827648156,0.0014748078637692274,-0.0021592702293547652,-0.0010393942060210129,0.0011693261878977215,0.0005908324820177816,0.002183509811772008,0.0010899756375828563,0.0002003729985804881,0.0004150750573752856,-0.0010942842252814825,-0.0014689954666946231,0.0023258725108941582,-0.004483316069573986,-0.0010589314367935167
IND248001AAA,0.0012097362698308,3,1,0.0,108.0,1.7110187110187112,Dehradun (Uttarakhand),0.1306515171417312,-0.0016339014750702517,-0.002201564827647643,0.0014748078637695425,-0.002159270229354158,-0.0010393942060211029,0.001169326187897767,0.0005908324820179648,0.002183509811771995,0.0010899756375819705,0.00020037299858053585,0.0004150750573786986,-0.0010942842252757426,-0.0025363955231912615,-0.0008660833475523029,-0.004573369121376771,-0.0031124495186244795
IND145001AAA,1.0946188537151363e-06,1,2,0.3333333333333333,7.0,1.7916666666666667,Pathankot_DC (Punjab),7.662331976005956e-06,-0.013632290271659318,0.03698936604842629,-0.038732088417444056,-0.0318135802265694,0.047725840887785545,0.02096424802418064,-0.04604088103071425,-0.04712082259569202,0.037384425613182365,-0.034151091838710235,0.01292747164304476,-0.035983512149695286,8.753920268021817e-17,-7.819141561487173e-16,5.157889872138907e-15,-4.1976444172194295e-15
IND756029AAA,0.0022038326254798,1,1,0.0,8.0,1.85,Basta_Central_DPP_1 (Orissa),0.0176306610038384,-0.0016339014750703315,-0.0022015648276480365,0.0014748078637692433,-0.002159270229354757,-0.0010393942060210068,0.0011693261878977983,0.000590832482018181,0.002183509811772039,0.0010899756375821442,0.00020037299858005733,0.0004150750573762438,-0.0010942842252760023,-0.0020827179804470816,-0.003584078269800776,0.005673454017246517,-0.0012230545272637228
IND484001AAA,0.001614927682181,2,2,0.1666666666666666,21.0,1.3717592592592591,Shahdol_Sohagpur_D (Madhya Pradesh),0.0339134813258023,-0.0016339014750703055,-0.0022015648276481597,0.0014748078637692283,-0.002159270229354767,-0.001039394206021013,0.0011693261878977122,0.0005908324820177765,0.0021835098117720113,0.0010899756375828892,0.00020037299858047765,0.0004150750573752775,-0.00109428422528152,-0.00147780579631167,0.0023468970482770192,-0.0045265219347482765,-0.0010704910305531226
IND413307AAB,0.0004031846111184,1,1,0.5,12.0,2.2777777777777777,Sangola_Central_DPP_2 (Maharashtra),0.0048382153334209,-0.00163390147507024,-0.0022015648276479147,0.0014748078637692415,-0.002159270229354766,-0.0010393942060210174,0.00116932618789782,0.0005908324820179574,0.0021835098117719753,0.001089975637581214,0.00020037299857965547,0.0004150750573756414,-0.0010942842252770835,-0.0006239115642402524,0.002765997236080986,-0.00035721704792879267,-0.004317197935940162
IND360370AAA,7.662331976005956e-06,1,1,0.0,1.0,2.4615384615384617,Jetpur_DC (Gujarat),7.662331976005956e-06,-0.005311017640626104,-0.013135942306193733,0.015167636239420447,0.011361124035081143,-0.009994206360163549,-0.003233886126821172,0.015297544700170546,0.01828118703006048,-0.009668263821182774,0.013187906197033056,-0.008471403499950205,0.013471385511354522,3.153471175827642e-16,7.756118311818056e-16,-1.958010289948917e-15,1.9979696836213437e-15
IND360410AAA,7.662331976005956e-06,1,1,0.0,2.0,2.8241758241758244,Dhoraji_JmnvadRd_DC (Gujarat),1.532466395201191e-05,-0.005311017640626088,-0.013135942306193752,0.015167636239420437,0.011361124035081147,-0.00999420636016355,-0.003233886126821173,0.015297544700170548,0.01828118703006051,-0.009668263821182762,0.013187906197033009,-0.008471403499950219,0.01347138551135449,3.4231798275283517e-16,7.873555029756378e-16,-1.9512231247676087e-15,2.004040456064489e-15
IND803213AAA,0.0,0,2,0.5,10.0,2.234391885253954,Barh_Malahi_D (Bihar),0.0,-0.0264803259617658,-0.021991063729608587,0.015802343086532757,-0.028161804075755983,-0.016023396053462265,0.018191066654704196,-0.05100797600986256,0.0254255491382047,0.020592786176475496,0.018686537388833004,0.00553314653790337,-0.023183388998075455,1.0456114876602707e-15,1.2516442259775807e-15,3.457798649496888e-15,3.6462464846405715e-16
IND273155AAA,5.108221317337304e-06,1,2,0.0,8.0,1.8928571428571428,Anandnagar_LohiaDPP_D (Uttar Pradesh),4.086577053869843e-05,-0.0016339014750704427,-0.0022015648276480734,0.0014748078637691335,-0.0021592702293549066,-0.0010393942060209606,0.001169326187897815,0.0005908324820183854,0.002183509811772104,0.0010899756375802796,0.00020037299857992395,0.00041507505737502643,-0.0010942842252824932,-0.0037671375285782413,-0.005015368229050559,-0.011277281952961779,0.015967826950633573
IND273303AAA,1.824364756191894e-07,1,1,0.0,4.0,1.761904761904762,Maharajganj_PakriDPP_D (Uttar Pradesh),7.297459024767576e-07,-0.0016339014750704481,-0.002201564827648071,0.0014748078637691255,-0.0021592702293549114,-0.0010393942060209608,0.0011693261878978163,0.0005908324820183978,0.0021835098117721037,0.0010899756375802306,0.0002003729985799361,0.0004150750573749952,-0.0010942842252825362,-0.0037844261058143343,-0.005050047991406575,-0.011360410942355419,0.016101137769129616
IND504293AAA,0.0002014098690835,2,2,0.5833333333333334,41.0,1.452251552795031,Asifabad_PaikjNGR_D (Telangana),0.0082578046324269,-0.0016339014750703202,-0.0022015648276480634,0.0014748078637692303,-0.0021592702293548515,-0.001039394206021026,0.0011693261878977879,0.0005908324820176883,0.0021835098117720473,0.001089975637579878,0.00020037299858292272,0.0004150750573751457,-0.001094284225277043,-0.0005887217246292903,0.00533969020247987,0.0005996697378024112,-0.008260922553638125
IND626117AAA,1.20408073908665e-05,1,1,0.0,9.0,1.2576923076923077,Rajpalayam_AshkTalk_D (Tamil Nadu),0.0001083672665177,0.003924301322963831,-0.0077189835034828565,0.01065508132839237,-0.009289066971924807,0.0007248610992129957,-0.003616670909450367,0.013072301366983272,-0.00531749349096493,0.011137012538906815,-0.008495777146193172,0.009445492930392336,-0.015446229277288904,-2.140474293126085e-15,-2.9726179046986013e-15,3.132543548529057e-15,-3.134542619076938e-15
IND758034AAA,0.0,1,3,0.8,16.0,1.9366084370470336,Joda_Central_D_1 (Orissa),0.0,-0.0016339014750704076,-0.00220156482764791,0.0014748078637692227,-0.0021592702293549257,-0.0010393942060210018,0.001169326187897772,0.0005908324820182801,0.002183509811772103,0.001089975637581257,0.00020037299857994533,0.00041507505737656665,-0.0010942842252769812,-0.0011264479907016783,0.00016813622142259808,0.003007188195137067,-0.0030934059870822194
IND848114AAA,0.001215391800575,1,1,0.5,22.0,1.71375,DalsinghSarai_Wardno13_D (Bihar),0.0267386196126508,-0.0016339014750703425,-0.002201564827648041,0.0014748078637691544,-0.002159270229354839,-0.0010393942060209758,0.0011693261878977991,0.0005908324820180004,0.0021835098117720425,0.001089975637581265,0.00020037299857249104,0.0004150750573724095,-0.0010942842252786847,-0.00391667377703571,-0.002487580944698062,-0.014918702505109441,-0.012892897073436826
IND848210AAA,0.0012132025628676,1,2,0.3333333333333333,42.0,2.348622981956315,Rusera_Wardno4_D (Bihar),0.0509545076404396,-0.0016339014750703475,-0.002201564827648037,0.0014748078637691559,-0.0021592702293548372,-0.0010393942060209728,0.0011693261878978033,0.0005908324820179938,0.0021835098117720412,0.0010899756375812638,0.00020037299857247803,0.00041507505737239876,-0.0010942842252786816,-0.003918724231754205,-0.002489549469392036,-0.014931295978403078,-0.012905240262218579
IND535591AAA,0.0016171169198884,1,1,0.0,3.0,2.1333333333333333,Salur_ward9_D (Andhra Pradesh),0.0048513507596654,-0.0016339014750701571,-0.00220156482764678,0.0014748078637686654,-0.0021592702293565776,-0.0010393942060214522,0.001169326187897636,0.0005908324820185028,0.0021835098117721453,0.001089975637578915,0.00020037299857894798,0.00041507505737807803,-0.0010942842252813095,-0.00042248330556994535,0.0050992486602236126,0.001188071405337707,-0.00724665437059755
IND723101AAA,0.0028146299458528,1,1,0.0,28.0,2.1327639751552794,Purulia_GariDPP_D (West Bengal),0.0788096384838799,-0.0016339014750701548,-0.0022015648276480886,0.0014748078637693241,-0.002159270229354708,-0.0010393942060210922,0.0011693261878977718,0.0005908324820181014,0.002183509811771944,0.001089975637583795,0.00020037299857925307,0.00041507505737821285,-0.0010942842252720454,-0.00296544790310004,-0.006698159021410197,0.01018163102588001,-0.0016844817931660795
IND723202AAA,0.0028124407081454,1,1,0.0,98.0,1.6323529411764706,Jhalda_GMukrDPP_D (West Bengal),0.2756191893982516,-0.0016339014750701825,-0.0022015648276480842,0.0014748078637693144,-0.002159270229354707,-0.0010393942060210753,0.001169326187897776,0.0005908324820180982,0.0021835098117719545,0.0010899756375835278,0.00020037299857942072,0.0004150750573778611,-0.001094284225272725,-0.0028396921442420575,-0.006263911936157194,0.009475911701382886,-0.0015514162756950125
IND147201AAA,1.0946188537151363e-06,2,1,0.1666666666666666,0.0,0.0,Nabha_Sahni_D (Punjab),0.0,-0.0016339014750703673,-0.0022015648276482998,0.0014748078637690672,-0.002159270229355017,-0.0010393942060209235,0.0011693261878977488,0.0005908324820180653,0.00218350981177206,0.0010899756375822682,0.0002003729985804248,0.0004150750573764275,-0.0010942842252763697,-0.0018622272260388965,0.0004949591217378029,-0.003754693669702114,-0.0036778028512507847
IND584123AAA,0.0008122071894566,1,1,0.0,4.0,1.5208333333333337,Manvi_APMCYard_D (Karnataka),0.0032488287578265,-0.001633901475070445,-0.0022015648276479992,0.001474807863769195,-0.002159270229354666,-0.0010393942060208403,0.0011693261878979,0.0005908324820179637,0.0021835098117720386,0.0010899756375806653,0.00020037299857925215,0.00041507505737493964,-0.0010942842252762753,0.000753535764322083,0.0054149591866010476,0.0009229286373008508,-0.0048176647662785226
IND584128AAA,0.0004064684676795,1,1,0.0,6.0,2.4375,Sindhanur_VasaviNg_D (Karnataka),0.0024388108060773,-0.0016339014750704705,-0.0022015648276479897,0.0014748078637691878,-0.0021592702293546625,-0.0010393942060208247,0.0011693261878979028,0.0005908324820179444,0.002183509811772047,0.001089975637580633,0.00020037299857921664,0.000415075057374821,-0.0010942842252761743,0.0007666882919957462,0.005558393934745818,0.0009490273552367166,-0.00497243337024979
IND574117AAA,0.0003807629556348,1,2,0.3333333333333333,5.0,1.8307453416149069,Uchila_Busstand_D (Karnataka),0.0019038147781744,-0.001633901475070544,-0.0022015648276473496,0.0014748078637688415,-0.0021592702293552917,-0.0010393942060207874,0.0011693261878979525,0.0005908324820182842,0.0021835098117720707,0.0010899756375811402,0.00020037299857896335,0.0004150750573750922,-0.0010942842252758527,0.0014523823681426677,0.005423040268924267,0.0007776945800384141,-0.003402475002454414
IND521001AAA,0.0004031846111184,2,2,0.6,21.0,2.2095410628019323,Machilipatnam_DC (Andhra Pradesh),0.0084668768334865,-0.001633901475070194,-0.0022015648276481497,0.00147480786376935,-0.002159270229354517,-0.0010393942060210226,0.0011693261878978007,0.0005908324820179207,0.0021835098117719324,0.0010899756375810944,0.00020037299857952564,0.00041507505737576467,-0.0010942842252772793,-0.0006900441702077054,0.0028298209781754094,-0.000607534038118371,-0.00409210771191475
IND841101AAA,0.0,0,1,0.0,3.0,5.786111111111111,Sonepur_Sabalpur_D (Bihar),0.0,0.0696710921951739,-0.020897660683329596,0.021728963655134503,0.04196644400602056,0.035466554910001676,-0.06396295183200788,0.055822329806670255,0.005720322610985948,-0.034521692340988105,-0.012867755585506502,-0.029092169923796176,0.045243806999422154,9.540340558549429e-16,2.0453495601264265e-15,-6.195537958965717e-15,6.264761846775389e-15
IND211008AAA,0.0,0,1,0.0,18.0,4.166666666666667,Allahabad_Central_D_3 (Uttar Pradesh),0.0,-0.0016339014750701346,-0.0022015648276480348,0.0014748078637693651,-0.0021592702293544972,-0.0010393942060210662,0.0011693261878977582,0.0005908324820177924,0.0021835098117719094,0.0010899756375814314,0.0002003729985792181,0.00041507505737449263,-0.0010942842252851296,-0.004265546980598099,-0.006646190401188401,-0.01701220965290114,0.0278501077831284
IND431112AAB,0.0,2,1,1.0,88.0,2.333333333333333,Sillod_ZebaTWR_D (Maharashtra),0.0,-0.0016339014750703432,-0.0022015648276475785,0.0014748078637691008,-0.002159270229355002,-0.0010393942060209847,0.0011693261878978419,0.0005908324820178828,0.002183509811772009,0.0010899756375813117,0.00020037299857941757,0.00041507505737565484,-0.0010942842252765778,-0.00028431235519097635,0.0035280841228422116,-0.0005569568168293971,-0.0045703609424547565
IND784176AAA,0.0040260081439642,1,1,0.5,32.0,2.0782828282828283,Bishwanath_ChrliDPP_D (Assam),0.1288322606068567,-0.0016339014750701164,-0.002201564827648114,0.0014748078637692704,-0.002159270229354719,-0.0010393942060210194,0.001169326187897778,0.0005908324820179752,0.0021835098117719037,0.0010899756375815199,0.00020037299857926375,0.00041507505737424104,-0.0010942842252753193,-0.004308008886048231,-0.016756534133808832,0.02053431554958957,0.005223256522141603
IND825102AAA,0.0,1,1,0.5,5.0,2.0913461538461537,Phusro_RhmgjDPP_D (Jharkhand),0.0,-0.0016339014750700377,-0.002201564827648095,0.0014748078637693187,-0.002159270229354655,-0.0010393942060210565,0.0011693261878977777,0.0005908324820180326,0.002183509811771855,0.0010899756375818482,0.0002003729985796112,0.0004150750573754572,-0.001094284225276853,-0.0025406826268591126,-0.004975883838169935,0.004416179024867717,0.0006083699341559248
IND734214AAB,0.0,0,1,0.0,3.0,3.17948717948718,Mirik_WardNo3_D (West Bengal),0.0,-0.04100910338308538,-0.0297469590070644,0.026638205017425892,-0.01754683156264162,-0.010746694766435286,0.014601879890201792,-0.042158722797425656,0.019576056549738416,0.024356221836329794,0.0027207307342782035,0.016491119264366107,-0.03196489566343823,-2.477944763279843e-16,-1.1061453078465297e-15,4.387612434817809e-15,-4.054893265703022e-15
IND000000AFF,3.648729512383788e-07,1,1,0.0,3.0,4.842105263157895,Darjeeling_Hillcard_DC (West Bengal),1.0946188537151363e-06,-0.04100910338308531,-0.02974695900706446,0.026638205017425875,-0.017546831562641602,-0.010746694766435291,0.01460187989020185,-0.042158722797425684,0.019576056549738433,0.02435622183632977,0.0027207307342782512,0.016491119264366125,-0.0319648956634384,-2.5119536340178454e-16,-1.1269840833432525e-15,4.397687890437257e-15,-4.052242769238565e-15
IND628613AAA,6.567713122290818e-06,1,1,0.0,53.0,1.3333333333333333,Peikulam_SriVnktpm_D (Tamil Nadu),0.0003480887954814,-0.013331712946746843,-0.004786265098706636,-0.0004956699632962294,-0.0050129468610103705,0.00837455656874381,0.010415157626776979,0.0006290574840830358,-0.004748986194452503,-0.0013253003359399386,-0.004455146973652011,0.0038908720240787976,-0.0021395647105322017,-2.5513360093988533e-16,-5.89990021005535e-16,4.573523390444026e-16,-1.0261533527656904e-15
IND277303AAC,1.4230045098296772e-05,1,1,0.0,12.0,1.4431876456876456,Sikandarpur_Central_D_3 (Uttar Pradesh),0.0001707605411795,-0.0016339014750704512,-0.002201564827648074,0.00147480786376913,-0.002159270229354916,-0.0010393942060209463,0.0011693261878978135,0.0005908324820184111,0.0021835098117721045,0.001089975637580237,0.00020037299857991771,0.0004150750573750272,-0.001094284225282549,-0.0037854844285030477,-0.00505262061594624,-0.011366791600529752,0.016112108585248076
IND125033AAA,0.0,2,2,0.5833333333333334,5.0,2.0769407178075907,Hansi_DelRdDPP_D (Haryana),0.0,-0.0016339014750701493,-0.0022015648276480877,0.0014748078637693977,-0.002159270229354512,-0.0010393942060210786,0.0011693261878977597,0.0005908324820179966,0.002183509811771933,0.0010899756375817395,0.00020037299857935423,0.0004150750573758426,-0.0010942842252775517,-0.0021228053978972513,-0.0008601416903951586,-0.0033111431400231523,-0.0013209332214934968
IND322001AAC,1.2770553293343258e-05,1,1,0.5,36.0,1.3739737274220032,SawaiMadhopur_Central_DPP_1 (Rajasthan),0.0004597399185603,0.0061902133724995746,-0.004692625825373571,0.0133420191407604,-0.007794179941099491,-0.00969203139171744,-0.004497363920442514,0.007607952112082336,-0.008988039169708778,0.01351800460777931,-0.0020962111318062067,0.009676212933406345,-0.014774234203030125,-1.1302962058149917e-15,-1.927556222629094e-15,1.6867387082574044e-15,-4.110155466807952e-15
IND263139AAA,0.0,1,1,0.0,12.0,1.2972222222222225,Haldwani_PiliKoti_D (Uttarakhand),0.0,-0.0016339014750701034,-0.002201564827646831,0.0014748078637700055,-0.0021592702293531706,-0.0010393942060211833,0.0011693261878977903,0.0005908324820182048,0.0021835098117718955,0.0010899756375821888,0.00020037299858108868,0.0004150750573793294,-0.0010942842252750285,-0.0028000896552645405,-0.0010115537006036767,-0.005404057614709062,-0.003773115857696533
IND754160AAA,0.0,0,1,0.0,0.0,0.0,Tirtol_Central_D_2 (Orissa),0.0,-0.0016339014750702781,-0.0022015648276478704,0.001474807863769222,-0.0021592702293548463,-0.0010393942060210378,0.0011693261878977833,0.0005908324820181514,0.0021835098117720312,0.0010899756375811413,0.00020037299857966035,0.00041507505737624356,-0.0010942842252772659,-0.00069502601630214,0.0014694405672539042,0.0016068020462944228,-0.003236792813066476
IND483501AAA,0.000808193586993,2,1,0.3333333333333333,7.0,1.76,Katni_Bargawan_DC (Madhya Pradesh),0.005657355108951,-0.0016339014750703094,-0.0022015648276481176,0.001474807863769239,-0.002159270229354758,-0.0010393942060210176,0.0011693261878977918,0.0005908324820178049,0.002183509811772012,0.0010899756375827552,0.0002003729985803755,0.00041507505737532584,-0.001094284225281142,-0.0014246323404652455,0.002219587167042718,-0.004264727793013574,-0.0010003515533088697
IND311001AAA,0.0020122743260796,2,1,0.3333333333333333,0.0,0.0,Bhilwara_DC (Rajasthan),0.0,-0.0016339014750702196,-0.0022015648276484186,0.001474807863769349,-0.0021592702293547934,-0.0010393942060211827,0.0011693261878976777,0.0005908324820181341,0.0021835098117720286,0.0010899756375795998,0.00020037299858039246,0.00041507505737664645,-0.0010942842252758878,-0.001524775486115408,0.001606663461380427,-0.003670046963323592,-0.004591317112159361
IND283122AAB,0.0004042792299721,1,2,0.0,7.0,6.466666666666667,Kirauli_AchneraRD_D (Uttar Pradesh),0.0028299546098048,-0.0016339014750699696,-0.0022015648276480023,0.0014748078637695805,-0.002159270229354172,-0.0010393942060211608,0.0011693261878977224,0.0005908324820178439,0.002183509811771831,0.001089975637581856,0.00020037299857953117,0.0004150750573760008,-0.0010942842252787861,-0.002671472715149678,-0.001978719609496982,-0.005667395634699792,0.0026396568954828187
IND695541AAA,0.0012237838784535,2,2,0.2,3.0,2.2928571428571427,Nedumangad_Arsprmbu_D (Kerala),0.0036713516353605,-0.0016339014750702333,-0.002201564827648054,0.0014748078637692793,-0.0021592702293547358,-0.0010393942060209903,0.0011693261878978837,0.0005908324820182347,0.0021835098117719415,0.0010899756375804485,0.00020037299857805546,0.0004150750573778009,-0.001094284225288956,0.0056159429677260925,0.07299700727810181,0.038491321039240356,0.043358275928099786
IND501141AAA,0.0008092882058467,1,1,0.5,20.0,1.595959595959596,Tandur_SnthiNGR_D (Telangana),0.0161857641169344,-0.0016339014750702497,-0.002201564827648114,0.0014748078637692888,-0.0021592702293546503,-0.0010393942060210276,0.0011693261878977818,0.0005908324820179951,0.0021835098117719835,0.0010899756375809648,0.00020037299857976866,0.0004150750573758377,-0.001094284225277388,-0.0004336267963647112,0.0032235049373111574,0.00034639816026801954,-0.004312055241938645
IND501101AAB,0.0008070989681392,1,2,0.3333333333333333,31.0,1.480392156862745,Vikarabad_Central_DPP_2 (Telangana),0.0250200680123181,-0.0016339014750702493,-0.002201564827648114,0.001474807863769292,-0.0021592702293546494,-0.001039394206021031,0.001169326187897776,0.0005908324820179984,0.0021835098117719857,0.001089975637580968,0.00020037299857977002,0.0004150750573758548,-0.0010942842252773847,-0.00043398950760082674,0.0032275704876187673,0.00034686396616327215,-0.00431862458827366
IND509216AAC,0.0,2,1,0.3333333333333333,32.0,2.1291407867494825,Shadnagar_Central_D_1 (Telangana),0.0,-0.0016339014750702508,-0.0022015648276481167,0.0014748078637692899,-0.002159270229354651,-0.0010393942060210276,0.0011693261878977822,0.0005908324820179991,0.0021835098117719814,0.001089975637580966,0.00020037299857976365,0.0004150750573758455,-0.0010942842252773843,-0.00043391653920299677,0.0032267758905845734,0.00034677345152039956,-0.004317363924429804
IND690537AAA,0.0,0,1,0.0,1.0,2.071428571428572,Kayamkulam_Bhrnikvu_D (Kerala),0.0,-0.0016339014750702285,-0.0022015648276481276,0.0014748078637692751,-0.0021592702293546954,-0.0010393942060210083,0.0011693261878977475,0.0005908324820183003,0.0021835098117721215,0.0010899756375820741,0.00020037299857770312,0.00041507505737441543,-0.0010942842252794377,0.003293063972893468,0.028096731397313838,0.01331854846801923,0.0114274109771742
IND689503AAB,0.0004039143570208,1,1,0.0,5.0,2.0625,Manthuka_Central_D_1 (Kerala),0.0020195717851044,-0.0016339014750702276,-0.0022015648276481224,0.0014748078637692686,-0.002159270229354703,-0.0010393942060210088,0.0011693261878977458,0.0005908324820182909,0.002183509811772123,0.0010899756375820611,0.00020037299857772183,0.00041507505737441766,-0.0010942842252794087,0.0032796518134986306,0.0279247319418111,0.013231673137338874,0.011343074130232974
IND124001AAB,0.0012150269276238,1,1,0.0,12.0,2.0,Rohtak (Haryana),0.0145803231314856,-0.0016339014750702619,-0.002201564827647672,0.0014748078637695312,-0.0021592702293541923,-0.0010393942060210868,0.0011693261878977686,0.0005908324820180748,0.00218350981177201,0.0010899756375819553,0.00020037299858051847,0.00041507505737854174,-0.0010942842252758208,-0.002509991971627516,-0.0008523757657920831,-0.004496067575940895,-0.003052637132813344
IND575014AAA,5.947429105185575e-05,1,1,0.5,13.0,1.565217391304348,Surathkal_DC (Karnataka),0.0007731657836741,-0.0016339014750704978,-0.002201564827647445,0.0014748078637689145,-0.002159270229355195,-0.0010393942060208299,0.0011693261878979223,0.0005908324820182648,0.0021835098117720594,0.001089975637581173,0.0002003729985790698,0.00041507505737521503,-0.001094284225276047,0.0011927977010195024,0.005035626777243145,0.0005886365994761966,-0.0034476682841628934
IND781003AAA,0.0,1,1,0.0,6.0,3.2794117647058822,Guwahati_Chandmari (Assam),0.0,-0.0016339014750696207,-0.002201564827648216,0.0014748078637693094,-0.002159270229354706,-0.0010393942060210302,0.0011693261878977694,0.0005908324820179698,0.002183509811771569,0.0010899756375814828,0.0002003729985791764,0.00041507505737439494,-0.0010942842252755231,-0.004157146787641002,-0.015811765325025137,0.019282338071716764,0.004850787145828184
IND411017AAA,0.0,1,1,0.0,4.0,2.5177197802197804,PNQ Rahatani DPC (Maharashtra),0.0,-0.019745428329497636,-0.026542111972443362,0.0026605510612871786,-0.029661690826071365,0.012466472103810165,0.03372104891064851,-0.008375436405571516,0.03905092455007669,0.019095615032643412,-0.027255238226938105,-0.010992301042796169,0.017167496322081272,1.3751303192653842e-15,1.6624534739584139e-15,-1.942195893904287e-15,3.985915664080844e-15
IND144527AAA,0.0,0,1,0.0,8.0,1.923076923076923,Garhshnker_Jagrata_D (Punjab),0.0,-0.0016339014750704135,-0.0022015648276483926,0.0014748078637689865,-0.002159270229355155,-0.001039394206020919,0.0011693261878977714,0.0005908324820180893,0.0021835098117720894,0.0010899756375823996,0.00020037299858059656,0.00041507505737645606,-0.001094284225276255,-0.001956926645540389,0.0005341540955635849,-0.004073773550316025,-0.0040369371602468175
IND500039AAB,0.0,0,1,0.0,4.0,3.0,Hyd_Uppal_Dc (Telangana),0.0,-0.0016339014750702187,-0.002201564827648108,0.0014748078637693127,-0.002159270229354607,-0.0010393942060210255,0.0011693261878978093,0.0005908324820179407,0.0021835098117719692,0.0010899756375808136,0.0002003729985797892,0.0004150750573758108,-0.001094284225277396,-0.00046626366901063396,0.00360212785298062,0.0003900788419424802,-0.004937361084133798
IND501301AAC,0.0004039143570208,1,1,0.0,4.0,2.15,Ghatkesar_Central_D_1 (Telangana),0.0016156574280835,-0.0016339014750702207,-0.0022015648276481085,0.0014748078637693116,-0.002159270229354605,-0.0010393942060210228,0.0011693261878978048,0.0005908324820179433,0.00218350981177197,0.0010899756375808243,0.00020037299857979165,0.0004150750573758094,-0.0010942842252773964,-0.00046436464648928446,0.0035800767460172534,0.0003875344033750008,-0.004900922255874505
IND365560AAA,0.0008129369353591,1,1,0.0,24.0,1.808333333333333,Amreli_MrktYrd_DC (Gujarat),0.0195104864486185,-0.0016339014750699613,-0.002201564827649004,0.0014748078637695978,-0.0021592702293548815,-0.0010393942060215793,0.0011693261878974281,0.0005908324820178285,0.002183509811772009,0.001089975637580886,0.0002003729985810607,0.00041507505737667605,-0.0010942842252769358,-0.001642690411984802,0.001277793931177756,-0.0030434000380135853,-0.004439107729958256
IND445101AAA,0.0,0,1,0.0,3.0,2.4444444444444446,Nagpur_Gondkhry_H (Maharashtra),0.0,0.01693109494450865,-0.020287701596788797,0.005153864878978218,-0.0016564616611946573,-0.031231139192171357,0.004985904874685304,0.02517359313559785,-0.017899610416208175,0.028603534630057475,-0.006891281646592299,0.017180325020082654,-0.03742130870745321,-2.7453505713846972e-15,-4.220663011884594e-15,4.327178166758653e-15,-1.001242455816156e-14
IND600119AAA,0.0004035494840696,2,1,0.0,18.0,4.184210526315789,Chennai_Sholinganallur_Dc (Tamil Nadu),0.0072638907132536,-0.0016339014750702062,-0.0022015648276489637,0.0014748078637697476,-0.0021592702293537717,-0.0010393942060209873,0.0011693261878979204,0.000590832482018195,0.002183509811771927,0.0010899756375806744,0.0002003729985791424,0.0004150750573758986,-0.0010942842252774578,0.00038316704535214046,0.004955879122745504,0.00048437447988514647,-0.004068301574862148
IND443301AAA,0.0004053738488258,1,1,0.0,4.0,2.7672064777327936,Mehkar_SagarDPP_D (Maharashtra),0.0016214953953033,-0.0016339014750701706,-0.00220156482764768,0.0014748078637692695,-0.0021592702293548394,-0.001039394206021153,0.001169326187897749,0.0005908324820177318,0.002183509811771947,0.0010899756375819067,0.00020037299857991034,0.0004150750573749143,-0.0010942842252774576,-0.0014019456479032859,0.0014492333766655083,-0.0011278488174885988,-0.004778564219695972
IND443201AAA,0.0004031846111184,1,1,0.0,1.0,6.25,Chikhli_KKndrDPP_D (Maharashtra),0.0004031846111184,-0.001633901475070175,-0.0022015648276476657,0.0014748078637692704,-0.0021592702293548476,-0.0010393942060211553,0.0011693261878977456,0.0005908324820176868,0.002183509811771954,0.001089975637581918,0.00020037299857994333,0.0004150750573748268,-0.0010942842252774823,-0.0014145259473927166,0.0014688790095212642,-0.0011441559711885241,-0.004856903188618453
IND487001AAA,0.0031862530466891,1,1,0.0,8.0,1.47,Narsingpur_JrjolDPP_D (Madhya Pradesh),0.0254900243735131,-0.0016339014750702918,-0.0022015648276481007,0.0014748078637692441,-0.002159270229354746,-0.001039394206021018,0.0011693261878977935,0.0005908324820178485,0.0021835098117720013,0.001089975637582571,0.00020037299858028052,0.00041507505737534324,-0.0010942842252807702,-0.0013734978129722871,0.002098687961893333,-0.004016736562837193,-0.0009342666405146796
IND464668AAA,0.006771677102033,1,1,0.0,8.0,2.2967032967032965,Bareli_SourvDPP_D (Madhya Pradesh),0.0541734168162645,-0.0016339014750702719,-0.0022015648276480695,0.0014748078637692652,-0.0021592702293547015,-0.0010393942060210237,0.0011693261878977907,0.0005908324820179507,0.0021835098117719927,0.0010899756375820915,0.00020037299857996265,0.0004150750573754533,-0.0010942842252795034,-0.0012002964230527098,0.0016924705759546585,-0.003184814452284012,-0.0007133270189758998
IND476111AAA,0.0012132025628676,2,2,0.25,24.0,2.206213450292398,Ambah_MrenTirh_D (Madhya Pradesh),0.0291168615088226,-0.0016339014750700077,-0.0022015648276480287,0.001474807863769513,-0.002159270229354314,-0.0010393942060211386,0.0011693261878977445,0.000590832482017985,0.0021835098117718426,0.00108997563758174,0.0002003729985794689,0.0004150750573756426,-0.0010942842252800473,-0.002927386968528936,-0.002815810255810065,-0.007807060639069064,0.007576786299706948
IND477001AAA,0.0004026373016915,1,1,0.5,4.0,3.750980392156863,Bhind_BhrolDPP_D (Madhya Pradesh),0.0016105492067662,-0.0016339014750700199,-0.002201564827648024,0.001474807863769513,-0.002159270229354308,-0.0010393942060211317,0.001169326187897746,0.0005908324820179761,0.0021835098117718495,0.00108997563758174,0.00020037299857946452,0.00041507505737564096,-0.0010942842252800221,-0.002919138457128302,-0.0028038708910059196,-0.007771780231661076,0.0075380271168782615
IND695614AAA,0.0004119415619481,1,1,0.0,4.0,1.263157894736842,Kilimanoor_Krvnkuzy_D (Kerala),0.0016477662477925,-0.0016339014750702354,-0.0022015648276480556,0.0014748078637692793,-0.0021592702293547327,-0.0010393942060209988,0.0011693261878978798,0.0005908324820182302,0.002183509811771942,0.0010899756375804916,0.00020037299857803733,0.00041507505737783577,-0.0010942842252889564,0.0056219595440563964,0.07309015288743129,0.03854089694321109,0.04341384027642332
IND829121AAA,0.0008060043492855,1,1,0.5,57.0,5.437926912568305,Peterbar_GagiDPP_D (Jharkhand),0.0459422479092779,-0.001633901475070038,-0.0022015648276480972,0.001474807863769318,-0.0021592702293546573,-0.001039394206021056,0.0011693261878977725,0.0005908324820180342,0.0021835098117718526,0.0010899756375818504,0.0002003729985796087,0.0004150750573754572,-0.001094284225276854,-0.002537023769172962,-0.004965090788480551,0.004405968065706382,0.0006067770017911399
IND250002AAA,0.0004031846111184,3,1,0.4,15.0,1.9285714285714288,Meerut (Uttar Pradesh),0.0060477691667761,-0.0016339014750702562,-0.00220156482764769,0.0014748078637695236,-0.0021592702293542062,-0.0010393942060210938,0.0011693261878977753,0.0005908324820180417,0.002183509811772001,0.0010899756375819334,0.00020037299858050278,0.000415075057378499,-0.001094284225275833,-0.0024961729345755923,-0.0008452386321547069,-0.004455860853457308,-0.0030215971226476746
IND483770AAA,0.0008060043492855,1,1,0.5,12.0,2.368627450980392,Barhi_Central_DPP_1 (Madhya Pradesh),0.0096720521914269,-0.0016339014750703024,-0.002201564827648116,0.0014748078637692396,-0.0021592702293547566,-0.0010393942060210161,0.0011693261878977913,0.0005908324820178021,0.0021835098117720087,0.0010899756375827574,0.00020037299858037243,0.0004150750573753277,-0.001094284225281148,-0.0014230669980514004,0.0022159175168974905,-0.004257213211626526,-0.00099835631732942
IND125047AAB,0.0004152254185092,2,2,0.1666666666666666,31.0,2.0610472541507026,Hisar_AgrohDPP_D (Haryana),0.0128719879737875,-0.0016339014750701298,-0.0022015648276480847,0.0014748078637694183,-0.002159270229354475,-0.0010393942060210933,0.0011693261878977532,0.000590832482017971,0.002183509811771924,0.0010899756375817753,0.0002003729985793815,0.00041507505737586805,-0.0010942842252775614,-0.0022088890785695943,-0.0009765093073095239,-0.003438407887425743,-0.0013073099767641507
IND125051AAA,0.001614927682181,3,1,0.1666666666666666,0.0,0.0,Ratia_SchdvDPP_D (Haryana),0.0,-0.0016339014750701261,-0.002201564827648079,0.0014748078637694196,-0.002159270229354471,-0.0010393942060210929,0.0011693261878977538,0.0005908324820179655,0.0021835098117719224,0.0010899756375817742,0.00020037299857938936,0.0004150750573758614,-0.0010942842252775553,-0.0022165653785381047,-0.0009951698097626792,-0.0034373960629493303,-0.0012911075870040171
IND523201AAA,0.0012084592145015,1,1,0.0,3.0,5.77203947368421,Addanki_Oilmilrd_D (Andhra Pradesh),0.0036253776435045,-0.0016339014750701834,-0.002201564827648445,0.0014748078637694707,-0.0021592702293542813,-0.001039394206021014,0.001169326187897807,0.0005908324820179644,0.00218350981177193,0.0010899756375808939,0.00020037299857944142,0.0004150750573758725,-0.0010942842252773248,-0.0002694856274244245,0.003769378411438801,3.4749820596202245e-05,-0.004340528143980721
IND627811AAA,2.189237707430273e-06,1,1,0.5,20.0,1.5683229813664596,Tenkasi_RailwyRd_D (Tamil Nadu),4.378475414860546e-05,-0.013331712946746796,-0.004786265098706547,-0.0004956699632961838,-0.0050129468610103775,0.00837455656874381,0.01041515762677703,0.0006290574840830493,-0.004748986194452517,-0.0013253003359399614,-0.004455146973651988,0.003890872024078797,-0.0021395647105321974,-2.9263812756612977e-16,-4.6429634257312705e-16,5.956905512918004e-16,-1.0558463200607676e-15
IND791110AAA,0.0,0,1,0.0,2.0,3.607638888888889,Naharlagun_JmpuCntr_D (Arunachal Pradesh),0.0,-0.0016339014750773877,-0.002201564827646484,0.00147480786376872,-0.0021592702293549582,-0.0010393942060208882,0.001169326187897991,0.000590832482018123,0.0021835098117767454,0.0010899756375820073,0.0002003729985803066,0.00041507505737234396,-0.0010942842252733562,-0.005445184272633929,-0.024243384781271252,0.030557280435594945,0.008272202932262367
IND721133AAA,0.0008103828247004,1,1,0.0,4.0,2.935483870967742,Keshiary_MdnprDPP_D (West Bengal),0.0032415312988017,-0.001633901475070317,-0.0022015648276480742,0.0014748078637692602,-0.0021592702293547253,-0.0010393942060210018,0.0011693261878978117,0.0005908324820181861,0.002183509811772037,0.0010899756375824215,0.00020037299858012623,0.0004150750573761398,-0.001094284225275719,-0.0023030997453418744,-0.0043893007205952515,0.006422345084866795,-0.0009727979223923082
IND721434AAB,0.000808193586993,1,1,0.0,4.0,2.488095238095238,Manglamaro_Bypassrd_D (West Bengal),0.003232774347972,-0.0016339014750703193,-0.0022015648276480764,0.0014748078637692615,-0.0021592702293547227,-0.0010393942060210057,0.0011693261878978096,0.0005908324820181958,0.0021835098117720386,0.0010899756375824354,0.000200372998580126,0.00041507505737613736,-0.0010942842252756968,-0.0023127312944163144,-0.004416949503109914,0.00646546956692324,-0.0009801951753223995
IND721401AAA,0.0008060043492855,1,1,0.0,8.0,1.7613636363636362,Contai_Kanakpur_D (West Bengal),0.0064480347942846,-0.0016339014750703163,-0.0022015648276480742,0.0014748078637692558,-0.0021592702293547292,-0.0010393942060210022,0.0011693261878978109,0.0005908324820181922,0.002183509811772039,0.0010899756375824144,0.00020037299858012577,0.00041507505737614186,-0.001094284225275718,-0.0023035621678889405,-0.004390629513542695,0.0064244180462187895,-0.000973153653429482
IND342902AAA,0.0014033013704628,2,1,0.1666666666666666,50.0,1.9846491228070176,Gotan_DKLogDPP_D (Rajasthan),0.0701650685231402,-0.001633901475070337,-0.002201564827648051,0.0014748078637692253,-0.002159270229354715,-0.0010393942060209695,0.001169326187897811,0.0005908324820182345,0.00218350981177202,0.0010899756375793064,0.0002003729985799378,0.00041507505737658525,-0.0010942842252755543,-0.001380546965873395,0.001649504844858291,-0.0036791482500621166,-0.004212422726929932
IND140406AAA,0.0002025044879373,1,1,0.5,14.0,1.3154761904761902,SirhindFatehgarh_DC (Punjab),0.0028350628311222,-0.0016339014750704117,-0.002201564827648376,0.0014748078637690006,-0.0021592702293551295,-0.001039394206020937,0.0011693261878977733,0.0005908324820180833,0.0021835098117720863,0.0010899756375823788,0.00020037299858057263,0.0004150750573764195,-0.0010942842252762814,-0.0019368845234301068,0.0005259198148502561,-0.004006839709420311,-0.0039618456235080745
IND140401AAA,0.000403367047594,2,3,0.3888888888888889,23.0,1.5499517374517373,Rajpura_DC (Punjab),0.0092774420946626,-0.0016339014750704072,-0.002201564827648353,0.001474807863768998,-0.0021592702293551343,-0.0010393942060209279,0.0011693261878977783,0.0005908324820180894,0.0021835098117720772,0.0010899756375823703,0.0002003729985805913,0.00041507505737638564,-0.0010942842252762654,-0.001939933928519565,0.0005271661323239102,-0.004016960207700148,-0.003973174562242748
IND500032AAA,0.0,0,1,0.0,12.0,1.845238095238096,Hyd_Chandanagar_Dc (Telangana),0.0,-0.001633901475070214,-0.0022015648276481046,0.001474807863769273,-0.002159270229354638,-0.0010393942060210432,0.0011693261878977612,0.0005908324820180003,0.0021835098117719645,0.0010899756375809474,0.00020037299857978235,0.0004150750573758495,-0.0010942842252774107,-0.00044357056806266024,0.00333587404966398,0.0003592934488938893,-0.004494548703843374
IND502295AAA,0.0004039143570208,1,1,0.0,7.0,1.7777777777777777,Sangareddy_Pothredy_D (Telangana),0.0028274004991461,-0.0016339014750702124,-0.0022015648276481085,0.0014748078637692782,-0.0021592702293546425,-0.0010393942060210343,0.0011693261878977625,0.0005908324820180067,0.0021835098117719675,0.0010899756375809602,0.0002003729985798001,0.00041507505737581806,-0.0010942842252774027,-0.0004417639711636404,0.0033154528657172535,0.00035694981983708625,-0.004461377929915377
IND695012AAB,0.0,0,1,0.0,3.0,3.83474025974026,Trivandrum_Mnanthla_D (Kerala),0.0,-0.001633901475070221,-0.0022015648276480647,0.001474807863769281,-0.0021592702293547314,-0.0010393942060209964,0.001169326187897872,0.0005908324820182203,0.0021835098117719445,0.001089975637580538,0.00020037299857801898,0.0004150750573775967,-0.0010942842252884668,0.00549799994193657,0.07066751724891135,0.037179665703686776,0.04167885784830191
IND505326AAA,0.0,0,1,0.0,2.0,2.78921568627451,Koratla_BhemuDPP_D (Telangana),0.0,-0.0016339014750703183,-0.0022015648276480643,0.0014748078637692253,-0.00215927022935487,-0.0010393942060210285,0.001169326187897785,0.000590832482017666,0.002183509811772055,0.0010899756375798506,0.0002003729985830915,0.0004150750573751084,-0.0010942842252770256,-0.0005970762913485997,0.0054550530617784145,0.0006135095547190119,-0.008477812329332332
IND787059AAB,0.0016171169198884,1,1,0.0,4.0,2.1869565217391305,Silapathar_Hejunagr_D (Assam),0.0064684676795539,-0.001633901475074599,-0.0022015648276471527,0.001474807863768939,-0.0021592702293548797,-0.0010393942060209207,0.0011693261878979045,0.0005908324820180766,0.002183509811774887,0.0010899756375818469,0.00020037299857987413,0.00041507505737304625,-0.0010942842252740488,-0.005057502180415463,-0.02165656875895601,0.027085057276500717,0.007209982742267412
IND173220AAA,0.0,1,2,0.5,3.0,3.0799107142857145,Parwanoo_Central_D_1 (Himachal Pradesh),0.0,-0.0016339014750704082,-0.0022015648276482473,0.0014748078637690945,-0.0021592702293550038,-0.001039394206020927,0.0011693261878978453,0.000590832482018074,0.002183509811772081,0.0010899756375822205,0.00020037299858041778,0.000415075057376382,-0.0010942842252763929,-0.0018559416730887744,0.0004923356984676788,-0.0037333062385644647,-0.0036536627797591308
IND590016AAA,0.0004053738488258,2,1,0.6666666666666666,10.0,1.753981937602627,Belgaum_Dc (Karnataka),0.0040537384882583,-0.0016339014750703935,-0.002201564827647715,0.0014748078637690837,-0.0021592702293549548,-0.0010393942060209207,0.001169326187897872,0.0005908324820181756,0.0021835098117720365,0.0010899756375812616,0.00020037299857932325,0.00041507505737547096,-0.001094284225276552,0.0007254665945766722,0.004247711905931399,0.00027014227682024334,-0.003470217188199687
IND125121AAA,0.0016105492067662,1,1,0.0,6.0,2.61128364389234,Barwala_Central_DPP_1 (Haryana),0.0096632952405972,-0.001633901475070122,-0.00220156482764808,0.0014748078637694237,-0.0021592702293544747,-0.0010393942060211037,0.001169326187897755,0.0005908324820179753,0.002183509811771922,0.001089975637581792,0.0002003729985793984,0.0004150750573758793,-0.0010942842252775575,-0.0022177690364471054,-0.0010052697834290092,-0.003426573211264572,-0.0012756131925251298
IND580002AAA,0.0,2,1,0.5,2.0,4.979166666666666,Dharwad_Dc (Karnataka),0.0,-0.0016339014750703944,-0.0022015648276477095,0.0014748078637690828,-0.0021592702293549526,-0.0010393942060209203,0.0011693261878978748,0.0005908324820181807,0.0021835098117720365,0.001089975637581252,0.00020037299857932758,0.0004150750573754454,-0.0010942842252765594,0.0007242470117216728,0.00423713678608012,0.0002694277863694492,-0.00345989944355793
IND400072AAA,0.0,1,1,0.0,3.0,2.6666666666666665,Mumbai_Tejpal_M (Maharashtra),0.0,-0.001633901475070223,-0.0022015648276479754,0.0014748078637692814,-0.0021592702293547323,-0.0010393942060210684,0.001169326187897768,0.0005908324820179937,0.00218350981177198,0.0010899756375817688,0.00020037299857970356,0.0004150750573755967,-0.001094284225277257,-0.001228229609014713,0.00117863057860442,-0.0009033407561378974,-0.0037011640879370264
IND400072AAJ,0.0004061035947283,2,1,0.0,2.0,9.0,Mumbai_Tejpal_I (Maharashtra),0.0008122071894566,-0.0016339014750703733,-0.002201564827647954,0.0014748078637693445,-0.0021592702293546906,-0.0010393942060211918,0.0011693261878978221,0.0005908324820179546,0.0021835098117720803,0.001089975637582254,0.00020037299857985567,0.00041507505737555824,-0.001094284225277337,-0.001266897943814951,0.0012354853411017423,-0.0009499488195474606,-0.00391899981160474
IND424101AAA,3.648729512383788e-06,1,1,0.0,3.0,1.5,Chalisgaon_BhadgDPP_D (Maharashtra),1.0946188537151364e-05,-0.0016339014750703144,-0.0022015648276481367,0.0014748078637692357,-0.002159270229354641,-0.0010393942060209405,0.0011693261878978085,0.0005908324820180542,0.0021835098117719957,0.001089975637582915,0.0002003729985781625,0.00041507505737400176,-0.0010942842252790557,-0.001836787375982244,0.0023489860414298317,-0.0019259062889442982,-0.009273755571913067
IND482002AAA,0.0,1,1,0.0,4.0,12.8125,Jabalpur (Madhya Pradesh),0.0,-0.001633901475070308,-0.002201564827648118,0.0014748078637692385,-0.0021592702293547544,-0.0010393942060210183,0.0011693261878977896,0.0005908324820178104,0.002183509811772009,0.0010899756375826958,0.0002003729985803425,0.00041507505737533023,-0.0010942842252810968,-0.0014175748552401324,0.002203032376507359,-0.004230823513072943,-0.000991347201181096
IND515411AAA,0.0012150269276238,1,1,0.0,6.0,1.9583333333333333,Tadipatri_CBRoad_D (Andhra Pradesh),0.0072901615657428,-0.0016339014750703733,-0.0022015648276480894,0.0014748078637692454,-0.0021592702293546234,-0.001039394206020931,0.001169326187897883,0.0005908324820181537,0.0021835098117720356,0.0010899756375809754,0.00020037299857921323,0.0004150750573758985,-0.001094284225276798,0.0011075829470106146,0.0057503267015946696,0.0012719320827793408,-0.0033104111415793824
IND516360AAB,0.0012128376899163,1,1,0.0,4.0,1.5978260869565215,Proddatur_Central_D_2 (Andhra Pradesh),0.0048513507596654,-0.0016339014750703746,-0.002201564827648074,0.0014748078637692467,-0.002159270229354622,-0.0010393942060209316,0.0011693261878978978,0.0005908324820181461,0.00218350981177203,0.0010899756375809342,0.00020037299857921109,0.0004150750573758926,-0.0010942842252767843,0.0011159939121767964,0.005816216120259826,0.0012874733093213083,-0.0033562505607341634
IND516001AAA,0.0012106484522089,1,1,0.0,4.0,1.7742857142857145,Cuddapah_DC (Andhra Pradesh),0.0048425938088357,-0.001633901475070375,-0.0022015648276480734,0.0014748078637692424,-0.0021592702293546256,-0.0010393942060209342,0.0011693261878979037,0.0005908324820181413,0.002183509811772029,0.0010899756375809364,0.00020037299857921323,0.00041507505737589363,-0.0010942842252767825,0.0011161865135553117,0.005817728268699851,0.0012878301327657255,-0.0033573040065099837
IND516227AAA,0.0012084592145015,1,1,0.0,16.0,1.9705882352941173,Badvel_Sidrd_D (Andhra Pradesh),0.0193353474320241,-0.0016339014750703718,-0.0022015648276480938,0.0014748078637692448,-0.002159270229354621,-0.0010393942060209305,0.0011693261878978915,0.0005908324820181483,0.002183509811772043,0.0010899756375809674,0.000200372998579209,0.00041507505737590193,-0.0010942842252767914,0.001107719960453117,0.005751403363426844,0.0012721861877227657,-0.0033111616094244722
IND411048AAA,0.0,1,1,0.0,4.0,4.178571428571429,Pune_East_D_8 (Maharashtra),0.0,-0.0016339014750702862,-0.00220156482764783,0.0014748078637691563,-0.0021592702293548646,-0.001039394206021,0.0011693261878977417,0.000590832482017986,0.0021835098117719874,0.0010899756375813252,0.0002003729985795348,0.00041507505737561326,-0.0010942842252768257,-0.00026565567969598217,0.003173819284113911,-0.0004971545690322356,-0.004010884717488284
IND274402AAA,2.736547134287841e-06,1,2,0.1666666666666666,6.0,3.261186525892408,Kushinagar_JiswlDPP_D (Uttar Pradesh),1.6419282805727045e-05,-0.001633901475070517,-0.00220156482764808,0.0014748078637690913,-0.002159270229354987,-0.0010393942060209378,0.0011693261878978302,0.0005908324820184498,0.002183509811772138,0.0010899756375800196,0.00020037299858000413,0.00041507505737493954,-0.0010942842252829497,-0.003934351442410396,-0.005359113530722133,-0.012105293169325345,0.01730975477760487
IND331507AAA,0.0,0,1,0.0,24.0,1.807881773399015,Sujangarh_JngidDPP_D (Rajasthan),0.0,-0.0016339014750703198,-0.0022015648276480096,0.0014748078637692318,-0.002159270229354699,-0.0010393942060209743,0.0011693261878978137,0.0005908324820182138,0.0021835098117720117,0.0010899756375796468,0.0002003729985798383,0.00041507505737649623,-0.0010942842252758794,-0.0012990154836936697,0.0015252402990984554,-0.003373125141427996,-0.0037735703048891924
IND209801AAA,0.0,1,1,0.0,25.0,1.625,Unnao_VikasRam_D (Uttar Pradesh),0.0,-0.0016339014750701927,-0.00220156482764806,0.0014748078637693226,-0.002159270229354601,-0.0010393942060210395,0.0011693261878977811,0.0005908324820180192,0.002183509811771949,0.0010899756375815607,0.00020037299857954236,0.00041507505737532714,-0.0010942842252803136,-0.0029274808711447892,-0.0033149991160511282,-0.007193616876623471,0.009391796440078558
IND422605AAA,5.473094268575683e-07,1,2,0.3333333333333333,58.0,1.7471590909090908,Sangamner_JawanChk_D (Maharashtra),3.174394675773896e-05,-0.0016339014750701554,-0.0022015648276475118,0.0014748078637692602,-0.0021592702293549136,-0.0010393942060211677,0.0011693261878977425,0.0005908324820177386,0.0021835098117719454,0.0010899756375819679,0.00020037299857998846,0.00041507505737426045,-0.0010942842252777065,-0.0014332938427622072,0.001500924288411062,-0.0011712490958119125,-0.004992418849317596
IND110095AAB,0.0,1,1,0.0,7.0,1.3,Delhi_Jhilmil_L (Delhi),0.0,-0.0016339014750701912,-0.0022015648276480964,0.0014748078637693506,-0.00215927022935459,-0.001039394206021057,0.0011693261878977673,0.0005908324820180319,0.0021835098117719597,0.001089975637581644,0.00020037299857928926,0.00041507505737578906,-0.0010942842252775623,-0.001956476693235688,-0.0006306844265212706,-0.003072983813595725,-0.0013559453287604955
IND733129AAB,0.0004141307996555,2,1,0.1666666666666666,15.0,1.5,Kaliyaganj_Central_DPP_1 (West Bengal),0.0062119619948333,-0.0016339014750704395,-0.0022015648276480664,0.0014748078637692242,-0.0021592702293547284,-0.0010393942060209806,0.001169326187897806,0.0005908324820181677,0.0021835098117721128,0.0010899756375827598,0.00020037299858027604,0.0004150750573760748,-0.0010942842252754299,-0.0024764047830626943,-0.004921797130256085,0.007264633663452583,-0.0011218093313979727
IND721139AAC,0.0008169505378227,2,2,0.2,3.0,2.5,Panskura_Central_D_3 (West Bengal),0.0024508516134681,-0.0016339014750713303,-0.0022015648276481167,0.0014748078637691546,-0.0021592702293547613,-0.0010393942060209192,0.0011693261878978436,0.0005908324820177785,0.002183509811772699,0.0010899756375829482,0.00020037299858121954,0.00041507505737741303,-0.0010942842252759115,-0.00269842743140184,-0.005647626362050457,0.008427907222964971,-0.0013337235259258935
IND248001AAD,0.0004026373016915,2,1,0.0,131.0,1.7275551413482448,Dehradun_Nirjanpur_L (Uttarakhand),0.0527454865215931,-0.001633901475070252,-0.002201564827647681,0.001474807863769528,-0.002159270229354191,-0.0010393942060210886,0.0011693261878977742,0.000590832482018016,0.0021835098117720026,0.0010899756375819466,0.00020037299858052262,0.0004150750573785728,-0.0010942842252758057,-0.0025080057182227857,-0.0008514084818744626,-0.004490683916500208,-0.003048589716161525
IND411043AAA,0.0,1,1,0.0,6.0,3.0961538461538463,Pune Balaji Nagar (Maharashtra),0.0,-0.0016339014750702823,-0.0022015648276478388,0.0014748078637691602,-0.0021592702293548693,-0.0010393942060209975,0.0011693261878977376,0.0005908324820180098,0.0021835098117719866,0.0010899756375813243,0.00020037299857953778,0.00041507505737561423,-0.0010942842252768216,-0.0002656556796959708,0.0031738192841139147,-0.0004971545690322258,-0.0040108847174882825
IND742137AAA,0.0016127384444736,1,1,0.0,18.0,2.3269230769230766,Kandi_DohalDPP_D (West Bengal),0.0290292920005254,-0.0016339014750705275,-0.002201564827648073,0.0014748078637692114,-0.0021592702293547344,-0.001039394206020978,0.0011693261878978154,0.000590832482018187,0.0021835098117721726,0.001089975637582719,0.0002003729985806289,0.00041507505737632905,-0.0010942842252754164,-0.0025217519708210377,-0.005076853922667815,0.007515307663208993,-0.001168322284068132
IND752030AAA,0.0,0,1,0.0,2.0,1.6,Balugaon_Thikiri_D (Orissa),0.0,-0.0016339014750704128,-0.0022015648276480153,0.0014748078637692253,-0.002159270229354853,-0.001039394206021037,0.0011693261878977918,0.0005908324820181413,0.0021835098117720564,0.0010899756375811317,0.0002003729985796684,0.0004150750573762334,-0.0010942842252772526,-0.0006952269867106374,0.00147016060978684,0.0016076597842566136,-0.0032388398156514894
IND152101AAA,0.0,1,1,0.0,0.0,0.0,Giddarbaha_DC (Punjab),0.0,-0.0016339014750704091,-0.002201564827648341,0.0014748078637690104,-0.0021592702293551126,-0.0010393942060209118,0.0011693261878977907,0.000590832482018075,0.0021835098117720803,0.0010899756375823454,0.00020037299858055487,0.0004150750573763789,-0.0010942842252762946,-0.001926617551386415,0.0005218479037397873,-0.0039739825343889324,-0.0039255764194436275
IND442605AAA,0.0,2,1,0.5,10.0,1.875,Gadchiroli_Central_DPP_1 (Maharashtra),0.0,-0.014153409697954658,-0.03605506520285438,0.001966977884006388,0.04216760132034138,0.028439975656615928,-0.03690146478937902,-0.015838547501549373,0.04636248496124694,0.0008928805692850809,-0.031486817599468864,0.011831185372676785,-0.008639919694949138,-5.711862051472516e-16,-1.4075388212010159e-15,1.329875488847085e-15,-2.607393674983655e-15
IND211010AAB,0.0,0,1,0.0,1.0,4.0,Allahabad_Mirapati_L (Uttar Pradesh),0.0,-0.0016339014750701348,-0.002201564827648034,0.0014748078637693651,-0.002159270229354496,-0.001039394206021064,0.0011693261878977595,0.000590832482017778,0.0021835098117719107,0.001089975637581431,0.0002003729985792164,0.00041507505737450195,-0.0010942842252851229,-0.0042655469805980995,-0.006646190401188406,-0.01701220965290114,0.02785010778312843
IND121002AAA,0.0,1,1,0.0,1.0,19.08333333333333,Faridabad_Old (Haryana),0.0,-0.0016339014750701355,-0.0022015648276480526,0.0014748078637694213,-0.002159270229354488,-0.0010393942060210838,0.0011693261878977638,0.0005908324820180129,0.002183509811771929,0.00108997563758183,0.00020037299857952735,0.00041507505737599316,-0.001094284225277532,-0.0023073425196875504,-0.0013792472066724523,-0.003190892647422906,-0.0008023649688353773
IND415301AAB,0.0004053738488258,1,1,0.5,14.0,1.8571428571428568,Atapadi_Vidyangr_D (Maharashtra),0.0056752338835617,-0.0016339014750702372,-0.0022015648276479125,0.0014748078637692407,-0.0021592702293547626,-0.0010393942060210183,0.001169326187897821,0.0005908324820179594,0.0021835098117719692,0.0010899756375812135,0.00020037299857965303,0.000415075057375643,-0.0010942842252770811,-0.0006242981724335097,0.002768577302103081,-0.00035757219528375115,-0.00432205735287247
IND221401AAA,0.0008122071894566,1,1,0.0,2.0,2.71875,Bhadohi_Rajpura_D (Uttar Pradesh),0.0016244143789132,-0.001633901475070262,-0.002201564827648052,0.0014748078637692355,-0.0021592702293546867,-0.0010393942060210127,0.0011693261878977742,0.000590832482017742,0.002183509811771983,0.0010899756375812482,0.00020037299857893743,0.00041507505737392825,-0.0010942842252874986,-0.004855917642974673,-0.008395972634456628,-0.02171085203338995,0.037916783153788845
IND790001AAB,0.0,0,1,0.0,8.0,2.6666666666666665,Bomdila_CTRoad_D (Arunachal Pradesh),0.0,-0.0016339014750700802,-0.0022015648276481137,0.0014748078637692738,-0.0021592702293547245,-0.0010393942060210317,0.001169326187897775,0.0005908324820179813,0.0021835098117718938,0.0010899756375815364,0.00020037299857929652,0.0004150750573741761,-0.0010942842252752566,-0.004405704438990847,-0.01733353834729615,0.021289231608019724,0.005441429754454432
IND312601AAA,0.0008103828247004,1,1,0.0,12.0,1.282051282051282,Nimbahera_MsjidDPP_D (Rajasthan),0.0097245938964052,-0.0016339014750702202,-0.0022015648276484754,0.00147480786376936,-0.0021592702293548134,-0.0010393942060212087,0.0011693261878976812,0.0005908324820181369,0.0021835098117720386,0.0010899756375794697,0.00020037299858048716,0.0004150750573767111,-0.001094284225275781,-0.0015631196467155981,0.001668285531164444,-0.0038204667895528413,-0.004805553189469152
IND331022A1B,0.0,0,1,0.0,3.0,3.25,Unknown_Source,0.0,0.07171579462280832,0.0476870515214109,-0.02527830792033521,-0.07408026905214767,-0.051889485517344285,0.0364449683984646,-0.011498864544790603,0.04192027793886451,-0.025076331972616793,-0.008934986881343412,0.02421905097818424,0.019812613722054284,-1.2748023291599522e-15,-2.2709134279491977e-15,-2.4094776371121994e-15,-6.601044964293007e-16
IND221303AAA,0.0004064684676795,1,1,0.0,3.0,1.7193969979296069,Gopiganj_Wardno13_D (Uttar Pradesh),0.0012194054030386,-0.0016339014750702632,-0.002201564827648055,0.0014748078637692346,-0.0021592702293546915,-0.0010393942060210129,0.001169326187897774,0.0005908324820177444,0.0021835098117719853,0.001089975637581251,0.00020037299857893087,0.00041507505737388634,-0.0010942842252876276,-0.004895655991466059,-0.008499725471637033,-0.021996986663145278,0.0384832873510825
IND207123AAA,0.0,1,1,0.0,1.0,8.098039215686274,Kasganj_BnkrGate_D (Uttar Pradesh),0.0,-0.0016339014750700654,-0.0022015648276480144,0.0014748078637694757,-0.0021592702293543827,-0.001039394206021098,0.001169326187897755,0.0005908324820180685,0.0021835098117718756,0.0010899756375818584,0.00020037299857964057,0.00041507505737606787,-0.001094284225277921,-0.0024850154824099073,-0.0017952887377136737,-0.003903421914582046,0.0006143989763115436
IND152116AAA,0.0,1,2,1.0,1.0,1.2666666666666666,Abohar_DC (Punjab),0.0,-0.0016339014750704108,-0.002201564827648374,0.0014748078637690106,-0.0021592702293551226,-0.001039394206020917,0.00116932618789779,0.0005908324820180868,0.0021835098117720816,0.0010899756375823755,0.0002003729985805628,0.0004150750573764076,-0.001094284225276289,-0.0019321415106704368,0.0005241045465157097,-0.003992305920406779,-0.003946085165110343
IND152107AAA,0.0,2,1,1.0,2.0,1.6636029411764706,Malout_DC (Punjab),0.0,-0.0016339014750704072,-0.0022015648276483488,0.0014748078637690054,-0.0021592702293551248,-0.001039394206020911,0.001169326187897796,0.0005908324820180857,0.002183509811772075,0.001089975637582357,0.00020037299858056753,0.00041507505737637263,-0.0010942842252762955,-0.001931731260617302,0.0005239370470654374,-0.00399094601809335,-0.003944563436746252
IND403002AAA,0.0,1,1,0.0,3.0,1.5,Central Goa (Goa),0.0,0.04274147426627864,-0.07603812569843119,-0.061787115084199505,0.05696238805163705,-0.047050443830490084,0.05980317280221954,-0.01765136430971171,-0.03134917144842324,0.048212216927689684,-0.03873571495024906,-0.025490866206463774,0.040334033141070244,3.2558810973918876e-15,3.38589412879989e-15,-4.861070340950103e-15,8.396394225277451e-15
IND521165AAA,0.0,2,1,1.0,4.0,5.807692307692308,Vuyyuru_BhogdDPP_D (Andhra Pradesh),0.0,-0.0016339014750701934,-0.002201564827648153,0.0014748078637693478,-0.0021592702293545198,-0.0010393942060210222,0.0011693261878978017,0.0005908324820179243,0.002183509811771937,0.001089975637581097,0.00020037299857952334,0.0004150750573757607,-0.0010942842252772745,-0.0006883145483439971,0.0028191436486295902,-0.0006050907688572709,-0.00407347599166098
IND505326AAB,0.0010072317818935,2,3,0.3,3.0,3.4615819209039547,Unknown_Source,0.0030216953456806,-0.0016339014750703176,-0.0022015648276480634,0.0014748078637692266,-0.0021592702293548615,-0.0010393942060210259,0.0011693261878977864,0.0005908324820176657,0.002183509811772053,0.0010899756375798708,0.00020037299858300783,0.00041507505737513507,-0.0010942842252770198,-0.0005918671049461419,0.005383556553828771,0.0006049425177055075,-0.008343898083460916
IND413531AAA,0.0,1,1,1.0,27.0,2.0,Latur_Srnwsngr_D (Maharashtra),0.0,-0.001633901475070316,-0.0022015648276476393,0.0014748078637691366,-0.002159270229354969,-0.0010393942060209851,0.001169326187897836,0.0005908324820179437,0.0021835098117719914,0.0010899756375812777,0.00020037299857951786,0.0004150750573755996,-0.0010942842252766184,-0.0002827975396894778,0.0034960259817257526,-0.00055143050863711,-0.004516302971976519
IND413517AAA,0.000808193586993,2,2,0.4,22.0,2.4007936507936507,Udgir_NlgaonRd_D (Maharashtra),0.0177802589138461,-0.001633901475070321,-0.002201564827647632,0.0014748078637691357,-0.0021592702293549704,-0.0010393942060209851,0.0011693261878978375,0.0005908324820179438,0.0021835098117719914,0.0010899756375812842,0.0002003729985795223,0.0004150750573756008,-0.0010942842252766151,-0.00028326976727473306,0.003504821435752736,-0.0005529094321595848,-0.004530021329264756
IND757001AAA,0.0004031846111184,3,1,0.5,5.0,2.1904761904761907,Baripada_KalikDPP_D (Orissa),0.002015923055592,-0.001633901475070395,-0.0022015648276480066,0.0014748078637692378,-0.002159270229354821,-0.0010393942060209964,0.0011693261878978215,0.0005908324820182549,0.002183509811772079,0.0010899756375819818,0.00020037299858015635,0.00041507505737634244,-0.0010942842252761279,-0.0019737359738129716,-0.003020340304901138,0.005516353878618918,-0.0017375660868350195
IND390018AAB,0.0,1,1,0.0,1.0,2.0,Vadodara_Karelibaug_DC (Gujarat),0.0,-0.001633901475070101,-0.0022015648276484607,0.001474807863769445,-0.002159270229354759,-0.0010393942060212998,0.001169326187897617,0.0005908324820178787,0.002183509811771982,0.0010899756375812736,0.00020037299858018,0.00041507505737617374,-0.0010942842252771538,-0.0014912423038428053,0.0009282391800467248,-0.0025873021144092187,-0.0032469931060345515
IND534260AAC,0.0,1,1,0.0,12.0,2.0545751633986926,Palakollu_CroadDPP_D (Andhra Pradesh),0.0,-0.001633901475070177,-0.002201564827647931,0.0014748078637692094,-0.002159270229354919,-0.0010393942060211144,0.0011693261878977603,0.0005908324820181217,0.0021835098117719775,0.0010899756375804506,0.0002003729985795762,0.00041507505737629105,-0.0010942842252781753,-0.00043847533823447945,0.003909299370284306,0.000617983043955934,-0.005371765224175358
IND811307AAA,0.0,0,2,1.0,5.0,1.9794117647058824,Jamui_Mehsouri_D (Bihar),0.0,0.029927371218154655,-0.028243994562404746,0.005198053318601311,0.04335436984153917,0.028152852332284907,-0.038694252504569024,-0.01570360817224851,0.07865554837866828,-0.007196354634330689,-0.03715875405908681,0.01244796461834436,-0.012733797427908177,-5.5127670299036e-16,-1.4847790543556093e-15,1.9041441307766595e-15,-3.0951060733778115e-15
IND811213AAA,1.824364756191894e-07,2,2,0.4,4.0,2.294458128078818,KharagpurBR_Central_DPP_1 (Bihar),7.297459024767576e-07,0.0299273712181547,-0.028243994562404784,0.005198053318601308,0.04335436984153914,0.028152852332284924,-0.03869425250456912,-0.015703608172248498,0.07865554837866823,-0.007196354634330686,-0.037158754059086654,0.012447964618344373,-0.012733797427908056,-5.569194583669351e-16,-1.4751746510212635e-15,1.9009143940549738e-15,-3.0967820799012553e-15
IND811201AAB,1.824364756191894e-07,2,2,0.4,8.0,2.070970695970696,Munger_Kaura_D (Bihar),1.4594918049535152e-06,0.029927371218154687,-0.028243994562404777,0.005198053318601305,0.04335436984153914,0.028152852332284907,-0.03869425250456912,-0.015703608172248525,0.07865554837866803,-0.007196354634330711,-0.037158754059086564,0.012447964618344331,-0.01273379742790808,-5.577612585175234e-16,-1.4835484397414714e-15,1.9048682596769674e-15,-3.1033478730570595e-15
IND148102AAA,0.0004031846111184,1,1,0.5,3.0,2.3076923076923075,Bhadaur_BChwkDPP_D (Punjab),0.0012095538333552,-0.0016339014750704356,-0.0022015648276484186,0.0014748078637689527,-0.002159270229355198,-0.001039394206020881,0.001169326187897804,0.0005908324820181113,0.0021835098117720885,0.001089975637582453,0.00020037299858065744,0.00041507505737638543,-0.0010942842252762153,-0.001983059125861095,0.0005454685714390068,-0.004166704655901684,-0.004143545701846099
IND416122AAA,0.000758805147351,1,1,0.0,23.0,1.4782608695652173,Kolhapur_Central_H_2 (Maharashtra),0.0174525183890742,-0.0016339014750702367,-0.0022015648276480465,0.0014748078637692775,-0.0021592702293548004,-0.001039394206021093,0.0011693261878977488,0.0005908324820180568,0.002183509811771995,0.0010899756375813902,0.00020037299857973841,0.00041507505737584067,-0.001094284225276971,-0.00047370951226543244,0.002381499315042602,-0.0009794764724857551,-0.003310887274556565
IND784101AAA,0.0,1,1,0.5,3.0,1.2777777777777777,Balipara_EragnDPP_D (Assam),0.0,-0.0016339014750700804,-0.002201564827648112,0.0014748078637692751,-0.0021592702293547245,-0.001039394206021037,0.0011693261878977757,0.0005908324820179762,0.0021835098117718825,0.0010899756375815377,0.00020037299857930126,0.0004150750573741841,-0.0010942842252752473,-0.0044152689549537515,-0.017390267734188163,0.02136351714623447,0.005462939384956939
IND768201AAA,0.0,0,1,0.0,2.0,8.333333333333334,Jharsuguda_MbRoad_D (Orissa),0.0,0.017154392367711872,0.005565596880393585,0.0012059181627268418,0.010028676485912309,-0.000876685651594272,-0.010323011278090133,0.017172077530065992,-0.0006545616262413816,-0.008781445856863305,0.007182518675042587,-0.010385573037401388,0.01563503325768861,3.941521653066049e-16,1.0200716125425312e-15,-2.1416996919596943e-15,2.6897440575790098e-15
IND713145AAB,0.0012183107841849,1,2,0.0,5.0,1.716403162055336,Manteswar_MemariRD_D (West Bengal),0.0060915539209247,-0.0016339014750702994,-0.0022015648276480677,0.0014748078637692528,-0.002159270229354716,-0.0010393942060210079,0.0011693261878977987,0.0005908324820180634,0.0021835098117720204,0.0010899756375823532,0.00020037299858007086,0.00041507505737613595,-0.0010942842252757822,-0.0022527484194322833,-0.004244660910479953,0.00619671251832184,-0.0009340811994315496
IND517325AAA,0.0,0,1,0.0,0.0,0.0,Madnapalle_PngnrRd_D (Andhra Pradesh),0.0,0.045685752907424854,0.028027709340707117,0.028751805905833924,-0.007031857831923743,-0.05692867434698378,-0.03831389794419605,-0.029512482742734616,-0.05709497334575074,-0.0013451841381757076,0.028102123189991342,-0.004079728187517054,0.02351804031212271,1.46069164918445e-15,3.6989061637500845e-15,-2.3940978015600142e-15,8.50046728146361e-15
IND686632AAA,0.0004090225783382,1,1,0.0,1.0,2.5,Kothanalloor_Majoor_D (Kerala),0.0004090225783382,-0.0016339014750695845,-0.0022015648276488826,0.001474807863768599,-0.002159270229354185,-0.0010393942060211456,0.0011693261878961696,0.0005908324820181031,0.002183509811773804,0.001089975637583334,0.00020037299857570716,0.0004150750573718004,-0.0010942842252823317,0.0038774909023479172,0.03653298055846075,0.01768718362536761,0.01591035049673566
IND461001AAA,0.0016244143789132,1,1,0.0,1.0,4.785714285714286,Hoshangabad_MnRDDPP_D (Madhya Pradesh),0.0016244143789132,-0.0016339014750702638,-0.0022015648276480413,0.0014748078637692773,-0.0021592702293546833,-0.0010393942060210215,0.001169326187897789,0.0005908324820180106,0.002183509811771986,0.001089975637581845,0.00020037299857982718,0.00041507505737549617,-0.0010942842252789665,-0.0011400267551348131,0.0015421628813268031,-0.0028732608516650825,-0.0006284280457909817
IND244921AAB,0.0008077679018832,2,2,0.25,13.0,1.2255536786786787,Bilaspur_GrmNgriya_D (Uttar Pradesh),0.010500982724482,-0.0016339014750704258,-0.0022015648276486645,0.0014748078637689217,-0.002159270229355438,-0.0010393942060209398,0.0011693261878978154,0.0005908324820180599,0.0021835098117720907,0.0010899756375799595,0.00020037299858291618,0.0004150750573890306,-0.0010942842252711395,-0.0035281753015777087,-0.0015112812852013807,-0.008404471870247976,-0.006458120111690715
IND791109AAA,0.0,0,1,0.0,2.0,3.882591093117409,Nirjuli_BageDPP_D (Arunachal Pradesh),0.0,-0.0016339014750774397,-0.0022015648276464926,0.0014748078637687257,-0.002159270229354965,-0.001039394206020877,0.0011693261878980006,0.0005908324820181419,0.002183509811776786,0.001089975637582015,0.00020037299858028239,0.00041507505737235507,-0.0010942842252734035,-0.005445184272633914,-0.024243384781271204,0.030557280435595045,0.008272202932262369
IND764059AAA,0.0016152925551323,1,1,0.0,6.0,3.1011904761904763,Nabarangpr_PhdofDPP_D (Orissa),0.0096917553307938,-0.0016339014750701793,-0.002201564827647763,0.0014748078637691318,-0.002159270229355222,-0.0010393942060211855,0.0011693261878977144,0.00059083248201824,0.0021835098117720113,0.0010899756375800829,0.00020037299857931964,0.0004150750573768264,-0.0010942842252788796,-0.00036872347974492537,0.004123809255457135,0.0009459024794950544,-0.005575289815650723
IND395006AAA,0.0,1,1,0.0,4.0,38.4375,Surat_Varachha_DC (Gujarat),0.0,-0.007082070974886725,-0.0011290668662148377,-0.005278622889405646,-0.002726875197087113,0.01068980780941851,0.0066532958169083865,-0.008275075644317455,0.009624934471828613,-0.009549919745795655,0.0028364931085680415,-0.004289070796925656,0.009882663810754838,7.411955164505982e-16,1.2894536733085572e-15,-1.0836968275420301e-15,2.9983602090479124e-15
IND127021AAA,0.0012128376899163,2,1,0.1666666666666666,24.0,2.0,Bhiwani_DC (Haryana),0.0291081045579929,-0.001633901475070183,-0.0022015648276480955,0.0014748078637693534,-0.00215927022935458,-0.0010393942060210424,0.001169326187897765,0.0005908324820180263,0.00218350981177196,0.0010899756375816621,0.00020037299857927164,0.00041507505737576293,-0.0010942842252775586,-0.0019746392023616685,-0.0006395474464186308,-0.0031190632317331306,-0.0013790193182566788
IND786184AAA,0.0,1,2,0.6666666666666666,20.0,2.208333333333333,Chabua_CollgeRD_D (Assam),0.0,-0.001633901475071781,-0.002201564827647771,0.0014748078637691659,-0.0021592702293547392,-0.001039394206021031,0.001169326187897808,0.0005908324820177472,0.0021835098117730096,0.001089975637579332,0.00020037299857630664,0.00041507505737086375,-0.001094284225274975,-0.0064490936502875915,-0.03300631925842233,0.04306634578649906,0.012696343456117155
IND484551AAA,0.0,1,1,0.5,2.0,2.0,PaliBirsighpr_CtyLgDPP_D (Madhya Pradesh),0.0,-0.0016339014750702987,-0.002201564827648153,0.0014748078637692218,-0.002159270229354765,-0.0010393942060210111,0.0011693261878977124,0.0005908324820177785,0.0021835098117720074,0.0010899756375828496,0.0002003729985804597,0.00041507505737527873,-0.0010942842252815242,-0.0014784551719560512,0.002348453711997114,-0.004529723752144961,-0.0010713492950075207
IND275101AAA,0.0,1,1,0.5,2.0,4.136363636363637,Mau_BaliaMod_D (Uttar Pradesh),0.0,-0.0016339014750704872,-0.002201564827648091,0.0014748078637690394,-0.0021592702293549803,-0.0010393942060209552,0.0011693261878977955,0.000590832482017598,0.0021835098117721154,0.0010899756375809923,0.0002003729985784045,0.00041507505737307774,-0.0010942842252917332,-0.005926130008479197,-0.011482940485840845,-0.03040331342799663,0.055938348027016006
IND504251AAA,0.0008103828247004,2,2,0.5833333333333334,10.0,1.7976794340924775,Bellmpalli_BasthDPP_D (Telangana),0.0081038282470043,-0.0016339014750703204,-0.00220156482764806,0.0014748078637692274,-0.0021592702293548537,-0.0010393942060210259,0.0011693261878977866,0.000590832482017691,0.002183509811772051,0.0010899756375799157,0.0002003729985829213,0.00041507505737513654,-0.0010942842252770434,-0.0005887710535358628,0.005340363356283433,0.0005997503060074971,-0.008262178848890925
IND733134AAA,0.0,1,1,0.5,9.0,1.4545454545454546,Raiganj_SubrtDPP_D (West Bengal),0.0,-0.0016339014750704408,-0.0022015648276480972,0.0014748078637692233,-0.002159270229354724,-0.0010393942060209845,0.0011693261878978046,0.0005908324820181678,0.0021835098117721145,0.0010899756375827847,0.00020037299858025924,0.00041507505737611264,-0.001094284225275424,-0.002482357002903764,-0.0049396255574392705,0.00729268791667248,-0.0011267163789308943
IND560099AAH,0.0,0,1,0.0,0.0,0.0,Bengaluru_South_D_20 (Karnataka),0.0,-0.0016339014750703566,-0.0022015648276480612,0.0014748078637692198,-0.002159270229354684,-0.001039394206020929,0.0011693261878978304,0.0005908324820182436,0.002183509811772045,0.0010899756375811664,0.0002003729985791886,0.00041507505737562556,-0.00109428422527685,0.0019185174951011688,0.006333626753237279,0.0016157585510721475,-0.001981109291847629
IND131301AAA,0.0012084592145015,2,1,0.1666666666666666,6.0,3.219298245614035,Gohana_DvlalDPP_D (Haryana),0.007250755287009,-0.0016339014750702682,-0.0022015648276476714,0.0014748078637695325,-0.0021592702293541854,-0.0010393942060210836,0.0011693261878977718,0.0005908324820180662,0.0021835098117720057,0.0010899756375819553,0.0002003729985805241,0.0004150750573785094,-0.001094284225275792,-0.0025136628542036595,-0.0008542595583091317,-0.004506666474352304,-0.0030607975475309955
IND796081AAA,0.0004031846111184,1,1,0.5,4.0,2.520833333333333,Kolasib_Diakkawn_D (Mizoram),0.0016127384444736,-0.0016339014750666842,-0.0022015648276489646,0.001474807863769405,-0.0021592702293547813,-0.0010393942060210283,0.0011693261878977298,0.0005908324820179359,0.002183509811769602,0.0010899756375817935,0.00020037299857935013,0.0004150750573738656,-0.001094284225274564,-0.00484743430605722,-0.020120519116656337,0.02498374176641843,0.006539689141242989
IND625218AAA,8.392077878482712e-06,1,1,0.0,4.0,2.064102564102564,Vadipatti_lalaNGR_D (Tamil Nadu),3.356831151393085e-05,0.003924301322963838,-0.007718983503482851,0.010655081328392383,-0.009289066971924808,0.0007248610992130006,-0.003616670909450375,0.013072301366983253,-0.005317493490964924,0.011137012538906374,-0.00849577714619338,0.00944549293039445,-0.015446229277288292,-2.1216596568161238e-15,-2.821609213586152e-15,3.4582656697735792e-15,-2.0320806361472782e-15
IND751021AAA,0.0,0,1,0.0,1.0,3.2,Bhubaneswar_Patia (Orissa),0.0,-0.0016339014750702918,-0.002201564827647927,0.0014748078637692311,-0.002159270229354836,-0.0010393942060210374,0.0011693261878977887,0.0005908324820181631,0.002183509811772032,0.0010899756375811625,0.0002003729985796517,0.0004150750573762044,-0.0010942842252772476,-0.0006836905407651703,0.0014334667969885617,0.0015648984374908826,-0.0031413393024661233
IND341030AAA,0.0,1,1,0.5,9.0,1.3,Tarnau_BsstdDPP_D (Rajasthan),0.0,-0.0016339014750704586,-0.002201564827647458,0.0014748078637690828,-0.0021592702293546763,-0.0010393942060207624,0.0011693261878979741,0.0005908324820184097,0.002183509811772025,0.0010899756375783941,0.00020037299857969518,0.00041507505737732294,-0.0010942842252752475,-0.0014959898137469811,0.001908811327291944,-0.004295851121426936,-0.004996272459671461
IND742147AAA,0.001614927682181,1,1,0.0,5.0,1.5,Khargram_BoiDPP_D (West Bengal),0.0080746384109053,-0.0016339014750705355,-0.0022015648276480695,0.001474807863769208,-0.002159270229354738,-0.0010393942060209769,0.0011693261878978176,0.00059083248201819,0.00218350981177218,0.0010899756375827218,0.00020037299858066343,0.00041507505737632856,-0.0010942842252754203,-0.0025320504977492946,-0.005108091108906362,0.007564601980184717,-0.0011770015469906188
IND335501AAA,0.0004053738488258,1,1,0.5,1.0,1.7142857142857142,Bhadra_GMndiDPP_D (Rajasthan),0.0004053738488258,-0.0016339014750701164,-0.0022015648276480816,0.0014748078637694185,-0.0021592702293544816,-0.001039394206021094,0.0011693261878977536,0.0005908324820179585,0.0021835098117719207,0.0010899756375817833,0.00020037299857940069,0.00041507505737587753,-0.0010942842252775545,-0.0022079274628376204,-0.0010006503587927534,-0.003398898858749603,-0.001261419176693227
IND506343AAA,0.0012183107841849,1,1,0.0,4.0,1.2111111111111112,Mulugu_LaxmiNGR_D (Telangana),0.0048732431367397,-0.001633901475070388,-0.002201564827648151,0.001474807863769376,-0.0021592702293546416,-0.0010393942060210356,0.0011693261878977976,0.0005908324820179292,0.0021835098117720638,0.0010899756375804767,0.00020037299857996753,0.00041507505737613763,-0.0010942842252774842,-0.000485846101946781,0.003849129877724841,0.00041906181158522993,-0.005367852603850025
IND414203AAB,0.0,1,1,0.5,4.0,1.791866028708134,Ashti_SavtaHTL_D (Maharashtra),0.0,-0.001633901475070295,-0.00220156482764782,0.0014748078637691847,-0.002159270229354844,-0.0010393942060210031,0.0011693261878977816,0.0005908324820180305,0.0021835098117719953,0.0010899756375813163,0.000200372998579537,0.0004150750573756329,-0.001094284225276851,-0.00026239752708059194,0.0031147476157782805,-0.0004872763775828771,-0.0039203502464751445
IND243002AAA,0.0,1,1,1.0,2.0,1.807843137254902,Bareilly (Uttar Pradesh),0.0,-0.0016339014750703673,-0.0022015648276486398,0.0014748078637689434,-0.002159270229355409,-0.001039394206020944,0.0011693261878978085,0.0005908324820180418,0.0021835098117720616,0.0010899756375799593,0.0002003729985828361,0.00041507505738883576,-0.0010942842252712507,-0.0035079476630433854,-0.0014982059069520333,-0.008326931219828339,-0.006390591741896066
IND733202AAB,3.648729512383788e-07,1,1,0.0,1.0,1.3225806451612905,Islampure_ShbdnDPP_D (West Bengal),3.648729512383788e-07,-0.04154577471591049,0.1303496507223032,0.009734723114471612,0.08167939255281009,-0.0667108638252144,-0.07376093048751522,0.02966204461293545,0.0002591005254027308,0.02637805430282377,0.014406128540775975,0.028484075495795277,-0.04226978318693593,-3.861110133330433e-15,-4.8802593075736456e-15,4.9244063901257095e-15,-1.1113024689696895e-14
IND733102AAA,9.851569683436229e-06,2,1,0.1666666666666666,9.0,1.8,Balurghat_AkhirDPP_D (West Bengal),8.866412715092605e-05,-0.001633901475070424,-0.002201564827648075,0.0014748078637692268,-0.0021592702293547236,-0.0010393942060209944,0.0011693261878978041,0.0005908324820181356,0.0021835098117721097,0.0010899756375826822,0.0002003729985802986,0.0004150750573761954,-0.00109428422527551,-0.0024393764011677666,-0.004812971013317607,0.007094143344750182,-0.0010922961404177904
IND484224AAA,0.0,1,1,0.5,0.0,0.0,Anuppur_JthriDPP_DC (Madhya Pradesh),0.0,-0.0016339014750703024,-0.0022015648276481584,0.0014748078637692255,-0.002159270229354769,-0.0010393942060210114,0.0011693261878977079,0.00059083248201777,0.0021835098117720096,0.0010899756375828803,0.00020037299858047367,0.00041507505737528187,-0.001094284225281544,-0.0014773231733561864,0.002345737374208155,-0.004524135557253885,-0.0010698507149326725
IND768028AAB,7.297459024767576e-07,1,1,0.0,4.0,2.2150735294117645,Bargarh_GurpdDPP_D (Orissa),2.9189836099070305e-06,0.011969227531735795,-0.010636558798903928,0.020301085110382967,-6.900581345269626e-05,-0.03272290102001032,-0.011737648569996536,-0.04188614764447733,0.005102751116927151,0.01397607318505531,0.027997909531647096,-0.0011485765494076382,-0.0170071490665274,1.3068369669628608e-15,1.650721224577581e-15,2.458061727528972e-15,1.1659604810835888e-15
IND131028AAE,0.0,1,1,0.0,2.0,1.793103448275862,Sonipat_Central_D_2 (Haryana),0.0,-0.0016339014750702623,-0.0022015648276476796,0.0014748078637695256,-0.0021592702293541945,-0.0010393942060210968,0.0011693261878977772,0.0005908324820180518,0.0021835098117720057,0.0010899756375819388,0.0002003729985805304,0.00041507505737854895,-0.0010942842252758213,-0.00250930743774293,-0.0008519498165312043,-0.004493588113953956,-0.003050591132636394
IND488001AAA,0.0,1,1,0.5,12.0,2.1213235294117645,Panna_Mohnprwa_D (Madhya Pradesh),0.0,-0.0016339014750700437,-0.0022015648276480235,0.0014748078637694694,-0.0021592702293543485,-0.0010393942060211063,0.001169326187897744,0.0005908324820178413,0.0021835098117718578,0.00108997563758157,0.0002003729985793383,0.00041507505737490495,-0.001094284225283645,-0.0039010523238980316,-0.005488205311377839,-0.01436100738828958,0.021546819861784607
IND403507AAA,0.0,1,1,0.0,9.0,2.771428571428572,Panaji Goa (Goa),0.0,0.04274147426627856,-0.07603812569843114,-0.06178711508419937,0.056962388051637,-0.04705044383049004,0.059803172802219445,-0.017651364309711648,-0.031349171448423266,0.04821221692768973,-0.038735714950249064,-0.025490866206463726,0.04033403314107022,3.220732962563249e-15,3.3793153169483944e-15,-4.8729269175319065e-15,8.415486811867876e-15
IND125050AAA,0.0,1,1,0.5,3.0,1.6363636363636365,Fatehabad_SirsaDPP_D (Haryana),0.0,-0.0016339014750701194,-0.0022015648276480834,0.0014748078637694224,-0.0021592702293544708,-0.0010393942060210907,0.0011693261878977519,0.0005908324820179674,0.002183509811771919,0.001089975637581773,0.00020037299857938253,0.00041507505737588393,-0.0010942842252775623,-0.0022208160799750062,-0.0009895729623489843,-0.0034606011090188944,-0.001310901788341662
IND125111AAA,0.0016127384444736,1,1,0.0,4.0,2.451114163614164,Fatehabad_BhunaDPP_D (Haryana),0.0064509537778945,-0.0016339014750701157,-0.0022015648276480803,0.0014748078637694256,-0.002159270229354467,-0.0010393942060211057,0.0011693261878977545,0.0005908324820179727,0.0021835098117719194,0.001089975637581794,0.00020037299857940304,0.00041507505737589315,-0.00109428422527756,-0.0022265552601742787,-0.0010090790555732708,-0.0034516252371524525,-0.0012887572578453748
IND756045AAB,0.0044204358042529,1,1,0.0,1.0,1.6875,Soro_UttarDPP_D (Orissa),0.0044204358042529,-0.0016339014750703742,-0.002201564827647962,0.0014748078637691882,-0.002159270229354851,-0.0010393942060210003,0.001169326187897772,0.0005908324820182588,0.002183509811772074,0.0010899756375816925,0.00020037299858005159,0.00041507505737640294,-0.00109428422527648,-0.0016081391014560016,-0.0016729080568707636,0.004417525282744874,-0.002270592754764961
IND306304AAB,0.0,1,1,0.5,2.0,1.934523809523809,Raipur_BypRDDPP_D (Rajasthan),0.0,-0.0016339014750704106,-0.0022015648276482043,0.0014748078637691635,-0.0021592702293547848,-0.0010393942060208953,0.0011693261878978338,0.0005908324820182924,0.0021835098117720534,0.0010899756375778926,0.00020037299858019505,0.0004150750573764013,-0.0010942842252742685,-0.0016097821192597095,0.0020667959931454653,-0.00469852362136664,-0.005628843514228989
IND360003AAA,0.0,0,1,0.0,8.0,1.845238095238096,Rajkot_Kothriya_DC (Gujarat),0.0,-0.05016001899883344,-0.07391353442572642,-0.0709118389266492,0.026731692612941213,0.11513948854512637,-0.12914092968607188,0.10100813976739534,-0.00013172527674844956,0.13480188998611684,0.04631268291147994,-0.12900981723635008,-0.10334693310071351,5.4314382598366364e-15,9.695277614784109e-15,1.1748755802952292e-14,-4.2908499454260543e-16
IND387620AAB,0.0004061035947283,1,1,0.0,7.0,1.6666666666666667,Kapadvanj_Busstand_D (Gujarat),0.0028427251630982,-0.0016339014750700312,-0.0022015648276487373,0.001474807863769521,-0.002159270229354837,-0.001039394206021438,0.001169326187897518,0.0005908324820179228,0.002183509811771998,0.0010899756375809698,0.00020037299858067752,0.0004150750573764538,-0.0010942842252769632,-0.0015630700645652806,0.00118388292723309,-0.002804654673021349,-0.004043637368973985
IND600048AAA,0.0,2,1,1.0,2.0,2.159090909090909,Chennai_Vandalur_Dc (Tamil Nadu),0.0,-0.0016339014750701587,-0.0022015648276491545,0.0014748078637697789,-0.0021592702293536437,-0.001039394206020983,0.0011693261878978046,0.0005908324820181316,0.002183509811771921,0.001089975637580653,0.000200372998579019,0.00041507505737603214,-0.0010942842252773203,0.00038982700868606335,0.005088299360882199,0.0004982269830253235,-0.00420121873537023
IND506169AAB,0.0008129369353591,1,1,0.0,0.0,0.0,Bhupalpally_JwahrNGR_D (Telangana),0.0,-0.0016339014750704707,-0.002201564827648167,0.0014748078637694044,-0.0021592702293546182,-0.0010393942060210517,0.001169326187897788,0.0005908324820179189,0.0021835098117721084,0.001089975637580335,0.0002003729985800456,0.00041507505737619043,-0.0010942842252775334,-0.0004994296477293143,0.004014692113922208,0.0004383573205048979,-0.005650302568700962
IND505503AAA,0.0004068333406307,1,1,0.0,3.0,2.3076923076923075,Mahadevpur_Kataram_D (Telangana),0.0012205000218923,-0.0016339014750705292,-0.002201564827648177,0.0014748078637694243,-0.002159270229354618,-0.0010393942060210517,0.001169326187897786,0.0005908324820179229,0.0021835098117721553,0.0010899756375802006,0.00020037299858011097,0.00041507505737632184,-0.00109428422527753,-0.0005105604005921479,0.0041508205018687214,0.0004542330358274311,-0.00588302499720345
IND000000ADM,0.0,1,1,0.0,3.0,1.5454545454545454,Cochin_Kdvantra_D (Kerala),0.0,-0.001633901475070225,-0.002201564827648125,0.00147480786376927,-0.0021592702293546937,-0.001039394206021016,0.001169326187897742,0.0005908324820182899,0.002183509811772115,0.001089975637582078,0.000200372998577773,0.0004150750573744347,-0.001094284225279414,0.0032526562855535145,0.0275781798592356,0.013056597441115715,0.01117304048011917
IND673027AAB,7.297459024767576e-07,1,2,0.1666666666666666,0.0,0.0,Kozhikode_Feroke_H (Kerala),0.0,-0.0016339014750707394,-0.0022015648276475,0.001474807863770021,-0.0021592702293552215,-0.0010393942060211298,0.0011693261878991353,0.0005908324820184652,0.002183509811770447,0.001089975637583307,0.00020037299857787275,0.0004150750573741305,-0.0010942842252768157,0.0038010753703939977,0.03539943391008454,0.017097671268433354,0.01530077887269995
IND844101AAB,0.0,0,1,0.0,1.0,2.611111111111111,Hajipur_ThaneDPP_D (Bihar),0.0,0.06967109219517394,-0.020897660683329565,0.021728963655134527,0.0419664440060206,0.03546655491000167,-0.0639629518320079,0.055822329806670276,0.0057203226109859805,-0.034521692340988126,-0.012867755585506494,-0.029092169923796155,0.045243806999422036,9.699454005719874e-16,2.06548786179017e-15,-6.2050518924881404e-15,6.26087588875274e-15
IND282001AAC,0.0,1,1,0.5,16.0,1.837121212121212,Agra_Idgah_L (Uttar Pradesh),0.0,-0.0016339014750701678,-0.002201564827648061,0.0014748078637693669,-0.0021592702293545697,-0.0010393942060210578,0.001169326187897769,0.0005908324820180259,0.00218350981177195,0.0010899756375817207,0.00020037299857945107,0.0004150750573759145,-0.001094284225277515,-0.0021270783548684277,-0.0011329213034307864,-0.0029194806414689386,-0.0008392720314734107
IND403507AAB,0.0,1,1,0.0,4.0,2.672727272727273,Goa_Mapusa (Goa),0.0,0.042741474266278605,-0.07603812569843113,-0.061787115084199484,0.056962388051636975,-0.04705044383049009,0.05980317280221942,-0.017651364309711662,-0.031349171448423294,0.04821221692768967,-0.03873571495024911,-0.025490866206463566,0.04033403314107058,3.249393024810208e-15,3.3864742834368074e-15,-4.8598001623501734e-15,8.403846568954885e-15
IND783129AAA,0.0036199045492359,1,1,0.0,4.0,1.975146198830409,Lakhipur_WrdN4DPP_D (Assam),0.0144796181969438,-0.0016339014750691824,-0.0022015648276483496,0.0014748078637693202,-0.002159270229354761,-0.0010393942060210935,0.0011693261878977447,0.0005908324820177952,0.0021835098117712897,0.001089975637581738,0.00020037299857908965,0.0004150750573744619,-0.001094284225275367,-0.0044588126916445285,-0.017640510299792005,0.021687155311263077,0.005553316901067716
IND301705AAA,0.0012142971817213,2,1,0.1666666666666666,2.0,2.340725806451613,Neemrana_Rcocmplx_D (Rajasthan),0.0024285943634426,-0.0016339014750701847,-0.0022015648276480972,0.0014748078637693554,-0.0021592702293545796,-0.0010393942060210816,0.0011693261878977631,0.0005908324820180285,0.0021835098117719554,0.0010899756375816107,0.0002003729985793279,0.0004150750573757822,-0.0010942842252775983,-0.001985330883636521,-0.0006448332479108152,-0.003146615093630463,-0.001392891875714845
IND792110AAA,0.0,1,1,0.5,26.0,1.8035714285714288,Roing_DibngVly_D (Arunachal Pradesh),0.0,-0.0016339014750717243,-0.0022015648276477815,0.0014748078637691682,-0.0021592702293547358,-0.0010393942060210313,0.001169326187897812,0.0005908324820177332,0.002183509811772977,0.0010899756375793764,0.00020037299857635784,0.00041507505737093113,-0.0010942842252749617,-0.006416935431377695,-0.03275819199615758,0.04272116945536717,0.012581061328498387
IND741101AAB,0.0004064684676795,1,1,0.0,1.0,2.6666666666666665,Krishnanagar_AnadiDPP_D (West Bengal),0.0004064684676795,-0.0016339014750702994,-0.0022015648276480764,0.0014748078637692476,-0.002159270229354719,-0.001039394206021006,0.0011693261878978002,0.0005908324820180514,0.002183509811772023,0.0010899756375823946,0.0002003729985801047,0.00041507505737611107,-0.0010942842252757417,-0.0022864385206751337,-0.004340870145844402,0.006346616860316992,-0.0009597372863369279
IND560077AAA,0.0,1,1,0.0,4.0,2.253496503496504,Bengaluru_ Kothanur_L (Karnataka),0.0,-0.001633901475070324,-0.0022015648276481306,0.0014748078637692502,-0.002159270229354631,-0.0010393942060209433,0.001169326187897803,0.0005908324820181898,0.0021835098117720278,0.0010899756375811864,0.00020037299857912142,0.00041507505737565684,-0.0010942842252770369,0.0017973639137731847,0.006919446765092094,0.0019502919330908143,-0.001570851626857161
IND732103AAA,0.0016251441248157,2,1,0.1666666666666666,4.0,3.34,Malda_krshnPly_DC (West Bengal),0.0065005764992629,-0.0016339014750704213,-0.002201564827648074,0.0014748078637692246,-0.002159270229354723,-0.0010393942060210025,0.0011693261878978013,0.0005908324820181396,0.002183509811772103,0.0010899756375826232,0.00020037299858033684,0.00041507505737622117,-0.0010942842252755411,-0.00241813036291452,-0.004752247968222017,0.006999592975889065,-0.0010761556135846957
IND759122AAC,1.824364756191894e-06,1,1,0.0,14.0,1.7888888888888888,Angul_Central_I_2 (Orissa),2.554110658668652e-05,0.011969227531735778,-0.010636558798903907,0.02030108511038298,-6.900581345269638e-05,-0.032722901020010256,-0.01173764856999653,-0.04188614764447726,0.005102751116927148,0.013976073185055267,0.027997909531647124,-0.0011485765494076304,-0.017007149066527224,1.326445475199122e-15,1.6584389651907682e-15,2.4618917406998552e-15,1.1743371956906382e-15
IND762001AAA,1.824364756191894e-06,1,1,0.0,11.0,3.147058823529412,Phulbani_Krusphrma_D (Orissa),2.0068012318110838e-05,0.01196922753173578,-0.01063655879890392,0.020301085110382994,-6.900581345269632e-05,-0.032722901020010305,-0.011737648569996524,-0.04188614764447729,0.005102751116927147,0.013976073185055312,0.027997909531647207,-0.001148576549407651,-0.017007149066527286,1.3420894375413594e-15,1.673007961420108e-15,2.4479593183210584e-15,1.162235878134627e-15
IND302026AAA,0.0,1,1,0.0,4.0,8.154761904761905,Jaipur_Bhankrot_DC (Rajasthan),0.0,0.006190213372499596,-0.004692625825373561,0.013342019140760417,-0.007794179941099488,-0.009692031391717433,-0.004497363920442509,0.007607952112082329,-0.00898803916970879,0.013518004607779313,-0.0020962111318062015,0.009676212933406458,-0.014774234203030118,-1.1216889506547116e-15,-1.937220839788235e-15,1.674186464238437e-15,-4.105280161583221e-15
IND141010AAA,0.0,0,1,0.0,0.0,0.0,Ludhiana_DC (Punjab),0.0,-0.0016339014750703996,-0.0022015648276483384,0.0014748078637690112,-0.0021592702293551187,-0.0010393942060209183,0.0011693261878977744,0.0005908324820180973,0.0021835098117720724,0.0010899756375823526,0.00020037299858056002,0.0004150750573763622,-0.0010942842252762853,-0.0019279534118696595,0.0005222658635780402,-0.003977162503000089,-0.003928610555034636
IND425401AAA,5.473094268575682e-06,1,1,0.0,4.0,1.616161616161616,Amalner_Murtingr_D (Maharashtra),2.1892377074302727e-05,-0.001633901475070311,-0.0022015648276481332,0.0014748078637692387,-0.002159270229354638,-0.0010393942060209496,0.0011693261878978091,0.0005908324820180555,0.0021835098117719935,0.0010899756375829172,0.00020037299857818342,0.00041507505737399373,-0.0010942842252790468,-0.0018370132044126385,0.0023493895358198884,-0.0019262535015887492,-0.00927558533595034
IND425109AAA,0.0004123064348993,1,1,0.0,0.0,0.0,Erandol_BsStdDPP_D (Maharashtra),0.0,-0.0016339014750703122,-0.0022015648276481354,0.00147480786376923,-0.002159270229354645,-0.0010393942060209483,0.0011693261878978109,0.0005908324820180467,0.0021835098117719957,0.0010899756375829372,0.0002003729985781483,0.0004150750573739565,-0.0010942842252790479,-0.0018398515786042494,0.0023548406445448983,-0.0019310148785751844,-0.009301516434914196
IND424201AAA,0.0008191397755301,1,1,0.0,1.0,10.552238805970148,Pachora_PcrrdDPP_D (Maharashtra),0.0008191397755301,-0.0016339014750703115,-0.0022015648276481332,0.0014748078637692357,-0.0021592702293546434,-0.001039394206020941,0.0011693261878978104,0.0005908324820180533,0.002183509811771994,0.0010899756375828947,0.00020037299857819923,0.00041507505737402734,-0.001094284225279004,-0.0018260166232438187,0.0023282128753596408,-0.0019077464249475761,-0.009174677701368065
IND396191AAB,0.0,0,1,0.0,12.0,1.8468045112781957,Vapi_IndEstat_L (Gujarat),0.0,-0.0016339014750702317,-0.0022015648276479775,0.0014748078637692797,-0.0021592702293547323,-0.0010393942060210693,0.001169326187897773,0.0005908324820179696,0.0021835098117719822,0.0010899756375817708,0.00020037299857970545,0.0004150750573755959,-0.00109428422527726,-0.0012282296090147203,0.001178630578604415,-0.0009033407561379068,-0.0037011640879370277
IND400706AAA,0.0,1,1,0.0,2.0,4.712121212121212,Mumbai_Nerul_D (Maharashtra),0.0,-0.001633901475070149,-0.0022015648276479125,0.0014748078637692509,-0.0021592702293547414,-0.001039394206021048,0.0011693261878977577,0.0005908324820179567,0.0021835098117719298,0.001089975637581647,0.00020037299857972622,0.0004150750573754771,-0.0010942842252771976,-0.0012463863031478976,0.0014007760614915207,-0.000968248182584589,-0.004134659168927586
IND621112AAA,3.648729512383788e-07,1,1,0.0,1.0,6.458333333333333,Tiruchi_Samyaprm_D (Tamil Nadu),3.648729512383788e-07,0.002269878025762377,-0.0012637054261883534,0.0017770653115270181,0.0024618320465052564,-0.003319319430815195,-0.0018242839482014999,0.002716801371543844,0.0020246725710992303,-0.0028196933049282552,0.0031370940255117043,-0.001450998017706674,0.0020804919262401023,-1.3637269394629045e-16,4.809403889816201e-16,-6.45081194553752e-16,1.257953064552809e-15
IND110083AAA,0.0,1,1,0.0,2.0,3.971428571428572,Delhi_Mangol_DC (Delhi),0.0,-0.0016339014750701459,-0.0022015648276480578,0.0014748078637693833,-0.002159270229354534,-0.001039394206021067,0.00116932618789777,0.0005908324820180953,0.002183509811771932,0.0010899756375817226,0.00020037299857951304,0.00041507505737586956,-0.0010942842252775566,-0.0022080229915975714,-0.0012203959973790628,-0.003070047897449587,-0.0008608701549701227
IND244901AAC,4.2568510977810854e-07,1,1,0.0,3.0,1.5,Rampur_ThanaDPP_D (Uttar Pradesh),1.2770553293343257e-06,-0.0016339014750704536,-0.002201564827648698,0.001474807863768913,-0.0021592702293554474,-0.00103939420602094,0.0011693261878978093,0.0005908324820180514,0.0021835098117720998,0.0010899756375799285,0.0002003729985829289,0.0004150750573891628,-0.001094284225271052,-0.0035437875894140363,-0.0015213594026346022,-0.00846422181694375,-0.006510124957589448
IND752055AAA,0.0,1,2,0.5,4.0,1.7142857142857144,Khurdha_MunplDPP_D (Orissa),0.0,-0.001633901475070284,-0.0022015648276478847,0.001474807863769227,-0.002159270229354843,-0.001039394206021037,0.001169326187897786,0.0005908324820181457,0.0021835098117720304,0.0010899756375811402,0.00020037299857966236,0.0004150750573762071,-0.0010942842252772622,-0.0006901206534149896,0.0014538767548540408,0.0015886735744611846,-0.003195501573622469
IND814133AAA,0.0003023884583388,1,1,0.0,3.0,1.5416666666666667,Godda_PushPlza_D (Jharkhand),0.0009071653750164,-0.0016339014750700002,-0.0022015648276480708,0.0014748078637693434,-0.002159270229354565,-0.0010393942060210387,0.0011693261878977788,0.0005908324820180788,0.002183509811771822,0.0010899756375820225,0.00020037299857979132,0.00041507505737543133,-0.001094284225277771,-0.0027749568666822883,-0.004526930611523935,0.0008600038564132951,0.003292902331551353
IND733202AAC,0.0,0,1,0.0,1.0,2.1538461538461537,Islampure_Central_DPP_2 (West Bengal),0.0,-0.04154577471591051,0.13034965072230317,0.009734723114471613,0.08167939255281013,-0.06671086382521445,-0.07376093048751516,0.02966204461293554,0.00025910052540274703,0.026378054302823646,0.01440612854077593,0.02848407549579526,-0.042269783186935896,-3.917994176357015e-15,-4.888813234521514e-15,4.936093826731587e-15,-1.117713199846118e-14
IND722154AAA,0.0004031846111184,2,2,0.2,5.0,3.3461538461538467,MirzapurWB_VidyaDPP_D (West Bengal),0.002015923055592,-0.0016339014750703078,-0.0022015648276480834,0.0014748078637692621,-0.0021592702293547145,-0.0010393942060209999,0.0011693261878978013,0.0005908324820181178,0.002183509811772031,0.0010899756375822927,0.00020037299858001115,0.00041507505737619466,-0.001094284225275863,-0.002191444915476241,-0.0040685711945774965,0.005922029570463277,-0.0008869529401205511
IND638452AAA,1.1675934439628122e-05,1,1,0.0,0.0,0.0,Gobicheti_Ward25_D (Tamil Nadu),0.0,0.020794586572540574,-0.00591078526969173,-0.00436599594692862,0.017362493321755195,0.02638728905781818,-0.019847780345015675,-0.0332580874117453,0.023497990580928926,9.395019813817077e-05,-0.03651570701036924,0.02268186401726317,-0.025389488428085766,-9.58467580667473e-16,-2.588648329146458e-15,3.60415260392867e-15,-5.528652567711234e-15
IND741121AAA,0.0,0,1,0.0,1.0,2.789473684210526,Badkulla_Central_DPP_1 (West Bengal),0.0,-0.0016339014750702992,-0.002201564827648063,0.0014748078637692307,-0.0021592702293547175,-0.0010393942060209934,0.001169326187897789,0.0005908324820181205,0.002183509811772021,0.001089975637582293,0.0002003729985799896,0.0004150750573761998,-0.0010942842252758755,-0.002180241555163343,-0.004036961757210668,0.005872899080919324,-0.0008785889260337682
IND624703AAA,1.20408073908665e-05,2,1,0.1666666666666666,2.0,1.22,Gujiliam_Parai_D (Tamil Nadu),2.4081614781733e-05,0.003924301322963856,-0.007718983503482861,0.010655081328392373,-0.009289066971924803,0.0007248610992130009,-0.0036166709094503716,0.01307230136698325,-0.005317493490964933,0.011137012538906347,-0.008495777146193375,0.00944549293039434,-0.015446229277288347,-2.1340083294104567e-15,-2.8629214665431505e-15,3.4277154973577858e-15,-2.121223558260713e-15
IND242001AAA,0.0024202022855641,1,1,0.0,1.0,6.230769230769231,Shahjhnpur_NavdaCln_D (Uttar Pradesh),0.0024202022855641,-0.0016339014750699973,-0.002201564827647982,0.0014748078637695891,-0.002159270229354237,-0.0010393942060211092,0.0011693261878977363,0.0005908324820179631,0.0021835098117718344,0.0010899756375820188,0.0002003729985797084,0.0004150750573761962,-0.0010942842252781434,-0.002636036138992391,-0.0019686032845076347,-0.004198623687376699,0.0005451493917706314
IND533242AAA,0.0,2,1,0.5,2.0,2.247619047619048,Razole_Shanthi_D (Andhra Pradesh),0.0,-0.0016339014750701654,-0.0022015648276479103,0.0014748078637692053,-0.002159270229354937,-0.0010393942060211222,0.0011693261878977601,0.0005908324820181284,0.002183509811771973,0.0010899756375804016,0.00020037299857957093,0.0004150750573762943,-0.0010942842252782247,-0.00044299971478869505,0.003970590809663204,0.0006283291021660966,-0.005473985620248849
IND410503AAA,0.0,1,1,1.0,8.0,2.3472222222222223,Ambegaon_Manchar_D (Maharashtra),0.0,-0.0016339014750702948,-0.0022015648276478422,0.0014748078637691869,-0.002159270229354845,-0.0010393942060209996,0.0011693261878977991,0.0005908324820180374,0.002183509811771999,0.001089975637581332,0.00020037299857952342,0.0004150750573756231,-0.0010942842252768695,-0.0002597449451812892,0.00306733261867745,-0.0004793696611648976,-0.0038483195437684836
IND304001AAA,1.20408073908665e-05,2,1,0.3333333333333333,7.0,1.5,Tonk_DC (Rajasthan),8.42856517360655e-05,0.006190213372499577,-0.00469262582537355,0.013342019140760407,-0.007794179941099474,-0.009692031391717428,-0.004497363920442516,0.007607952112082382,-0.008988039169708778,0.013518004607779317,-0.0020962111318062024,0.009676212933406416,-0.01477423420303019,-1.1337095264561496e-15,-1.9249784357766184e-15,1.6859288261050123e-15,-4.112596903231909e-15
IND000000AAQ,0.0,0,1,0.0,4.0,4.9393939393939394,Barasat_KrshnNgr_D (West Bengal),0.0,-0.001633901475070273,-0.0022015648276480647,0.00147480786376926,-0.0021592702293547136,-0.0010393942060210387,0.0011693261878977944,0.0005908324820181272,0.002183509811772028,0.0010899756375822786,0.0002003729985800442,0.00041507505737623163,-0.0010942842252759048,-0.0022024519498426323,-0.004099336608288533,0.0059697601924533,-0.0008950466778560643
IND760003AAB,0.0008107476976516,1,2,0.1666666666666666,6.0,2.4078947368421053,Berhampur_Khajuria_I (Orissa),0.00486448618591,-0.001633901475070401,-0.0022015648276479767,0.0014748078637692248,-0.0021592702293548468,-0.001039394206021038,0.0011693261878977916,0.0005908324820181462,0.0021835098117720326,0.001089975637581132,0.00020037299857967336,0.00041507505737621087,-0.001094284225277257,-0.0006931716831093943,0.001463632638741965,0.0016000545052939797,-0.0032215093480749473
IND302006AAC,0.0,1,1,0.0,2.0,4.291666666666666,Jaipur_Central_D_10 (Rajasthan),0.0,0.006190213372499588,-0.004692625825373551,0.013342019140760412,-0.0077941799410994935,-0.009692031391717417,-0.004497363920442525,0.007607952112082361,-0.008988039169708773,0.013518004607779322,-0.002096211131806206,0.009676212933406435,-0.014774234203030114,-1.1238481964169494e-15,-1.9217635602629254e-15,1.6713900070957732e-15,-4.096412782922105e-15
IND826001AAC,0.0,0,1,0.0,3.0,2.4444444444444446,Dhanbad_Central_D_4 (Jharkhand),0.0,-0.0016339014750700453,-0.0022015648276480686,0.0014748078637693187,-0.0021592702293545896,-0.001039394206021042,0.0011693261878977675,0.0005908324820180737,0.0021835098117718565,0.0010899756375819841,0.0002003729985797578,0.00041507505737549253,-0.0010942842252777566,-0.002717818836055546,-0.004386231783340647,0.0008314990835826016,0.0031691933709288326
IND360311AAA,3.648729512383788e-07,1,1,0.0,5.0,1.4545454545454546,Gondal_DC (Gujarat),1.824364756191894e-06,-0.05016001899883347,-0.07391353442572636,-0.07091183892664916,0.02673169261294126,0.11513948854512635,-0.12914092968607174,0.1010081397673958,-0.0001317252767484137,0.1348018899861165,0.046312682911479636,-0.1290098172363505,-0.10334693310071372,5.493405448717984e-15,9.64132829416669e-15,1.1719332490690731e-14,-4.889421638880097e-16
IND495004AAA,0.0,0,1,0.0,3.0,3.111111111111111,Bilaspur_Torwa_DC (Chhattisgarh),0.0,-0.032864585897692464,0.028157325583824146,-0.0549535864137361,0.05046633389726439,0.020363167466146578,0.021965864731570785,-0.05734112026886948,0.03170135431621337,-0.07021899306061812,0.04713635101694864,-0.031178752250063266,0.03485543865009222,4.8440709562397656e-15,7.801088420841445e-15,-3.682208150230758e-15,1.514583480597053e-14
IND811105AAA,0.0,1,1,0.5,6.0,2.0740740740740744,Sheikhpura_Bgwtichk_D (Bihar),0.0,-0.02648032596176582,-0.0219910637296086,0.015802343086532764,-0.02816180407575601,-0.016023396053462268,0.018191066654704192,-0.05100797600986261,0.025425549138204696,0.020592786176475537,0.018686537388832986,0.005533146537903388,-0.023183388998075514,1.048241992763932e-15,1.2446342768491094e-15,3.441467269797681e-15,3.494961579690909e-16
IND686540AAA,5.108221317337304e-06,2,1,0.3333333333333333,4.0,1.9204545454545447,Karukachal_MnimlaRd_D (Kerala),2.043288526934921e-05,-0.0016339014750693505,-0.0022015648276490817,0.0014748078637684232,-0.0021592702293540284,-0.0010393942060211092,0.0011693261878957884,0.0005908324820180968,0.0021835098117742534,0.001089975637583255,0.00020037299857493122,0.00041507505737091807,-0.0010942842252828796,0.004021474418551202,0.038632826569382495,0.018776797093444167,0.017033420485914025
IND334001AAB,0.0002025044879373,1,1,0.0,6.0,1.6176470588235294,Bikaner_DC (Rajasthan),0.0012150269276238,-0.0016339014750704841,-0.00220156482764733,0.001474807863769057,-0.0021592702293546607,-0.0010393942060207126,0.001169326187898016,0.0005908324820184438,0.002183509811772021,0.0010899756375781565,0.00020037299857965274,0.0004150750573776392,-0.0010942842252751042,-0.001532689700360173,0.001982199404207302,-0.004473340352341298,-0.005234202556476133
IND679322AAA,3.283856561145409e-06,1,1,0.0,4.0,1.87987012987013,Printhlmna_EmsPnmbi_D (Kerala),1.3135426244581637e-05,-0.001633901475071355,-0.002201564827646586,0.0014748078637711113,-0.0021592702293559223,-0.001039394206021289,0.0011693261879011606,0.0005908324820186911,0.002183509811767846,0.0010899756375844188,0.00020037299857828236,0.00041507505737412254,-0.0010942842252730269,0.004249916597489773,0.04213090491702914,0.02061114129420611,0.018969490996102276
IND785612AAB,0.0079677306361924,2,2,0.2,11.0,1.8555194805194808,Bokakhat_MlnprDPP_D (Assam),0.0876450369981172,-0.0016339014750701782,-0.0022015648276480985,0.0014748078637692767,-0.002159270229354705,-0.0010393942060210268,0.0011693261878977777,0.0005908324820178998,0.0021835098117719423,0.0010899756375807805,0.00020037299857833554,0.00041507505737336636,-0.001094284225275346,-0.004909857311168248,-0.021389156306773606,0.026977476973338684,0.007374967556910635
IND491001AAA,0.0,0,1,0.0,5.0,1.24,Durg_Pulgaon_DC (Chhattisgarh),0.0,0.008013715859531291,-0.006528482461853759,-0.024710527890244204,0.021444368841254984,0.00021419081785380766,0.019165389098403218,0.0057679577431227124,-0.01074493746160344,-0.0060587338439367635,0.012167536190910527,0.010948178571003489,-0.014375563850417161,-1.2831975711324797e-15,-1.3331110278997204e-15,1.7323043681267768e-15,-3.2075671708390588e-15
IND785675AAA,0.0075714786111475,1,1,0.0,7.0,2.1538461538461537,Moranhat_TiloiDPP_D (Assam),0.0530003502780331,-0.0016339014750709176,-0.0022015648276479463,0.001474807863769226,-0.002159270229354722,-0.0010393942060210313,0.0011693261878977913,0.0005908324820178116,0.0021835098117724398,0.00108997563758009,0.00020037299857737504,0.00041507505737216647,-0.0010942842252751608,-0.005651450160737042,-0.026971378100069564,0.03470435170998781,0.00992772998118036
IND431717AAA,0.0,1,1,1.0,9.0,1.8571428571428568,Degloor_Busstand_D (Maharashtra),0.0,-0.0016339014750703107,-0.0022015648276476384,0.0014748078637691338,-0.0021592702293549704,-0.0010393942060209853,0.0011693261878978362,0.0005908324820179498,0.002183509811771991,0.0010899756375812777,0.00020037299857951626,0.0004150750573756035,-0.0010942842252766132,-0.0002832368748857301,0.0035042118238915003,-0.0005528070279017483,-0.0045290734161799705
IND500035AAA,0.0,1,1,0.0,2.0,2.0681818181818183,Hyd_LB-Nagar_Dc (Telangana),0.0,-0.0016339014750702296,-0.002201564827648109,0.0014748078637693064,-0.002159270229354616,-0.0010393942060210224,0.0011693261878977974,0.0005908324820179578,0.00218350981177197,0.001089975637580844,0.00020037299857978522,0.00041507505737580755,-0.0010942842252774031,-0.0004590542123839935,0.003518349254753514,0.00038041033381992675,-0.004798854466045512
IND732123AAC,0.0004093874512894,3,1,0.4,2.0,1.3452380952380951,Chanchal_BargaDPP_D (West Bengal),0.0008187749025789,-0.00163390147507042,-0.0022015648276481167,0.0014748078637692294,-0.002159270229354724,-0.0010393942060209964,0.001169326187897805,0.0005908324820181404,0.0021835098117720993,0.0010899756375827058,0.00020037299858024842,0.0004150750573761611,-0.0010942842252754908,-0.0024377153217430684,-0.004805701496263828,0.007081883570857702,-0.0010898193285226788
IND600073AAA,0.0,0,1,0.0,2.0,1.871428571428572,Chennai_Selaiyur_DC (Tamil Nadu),0.0,-0.0016339014750701684,-0.0022015648276491645,0.001474807863769804,-0.002159270229353604,-0.001039394206020979,0.0011693261878978176,0.0005908324820181383,0.0021835098117718747,0.001089975637580634,0.00020037299857899715,0.0004150750573760407,-0.0010942842252773094,0.00039220016646729014,0.005135016272538356,0.0005031043596690104,-0.004247818439420919
IND412803AAB,0.0004053738488258,1,1,0.0,0.0,0.0,Wai_Central_DPP_3 (Maharashtra),0.0,-0.0016339014750702673,-0.002201564827647873,0.0014748078637692092,-0.0021592702293548433,-0.0010393942060210235,0.0011693261878977968,0.0005908324820180391,0.002183509811771987,0.0010899756375813184,0.00020037299857955966,0.0004150750573756716,-0.0010942842252768417,-0.00014384376476535743,0.00318800985987064,-0.0004604028385619692,-0.0037734564864123393
IND276140AAA,0.000421063385729,1,1,0.0,2.0,2.2857142857142856,Jiyanpur_Central_DPP_1 (Uttar Pradesh),0.0008421267714581,-0.0016339014750704848,-0.002201564827648085,0.0014748078637690256,-0.0021592702293549825,-0.001039394206020959,0.0011693261878977952,0.000590832482017609,0.0021835098117721176,0.001089975637580975,0.00020037299857840094,0.0004150750573730245,-0.0010942842252918317,-0.005952384865856772,-0.011559916291847841,-0.03062076274601512,0.056392281143474304
IND276129AAA,1.6419282805727048e-05,1,1,0.0,4.0,2.726539589442816,Chiraiyakot_KamalDPP_D (Uttar Pradesh),6.567713122290819e-05,-0.0016339014750704596,-0.0022015648276480708,0.0014748078637690386,-0.0021592702293549673,-0.0010393942060209483,0.0011693261878978028,0.000590832482017618,0.0021835098117720998,0.0010899756375809893,0.00020037299857845006,0.0004150750573730766,-0.0010942842252915095,-0.0058787344742551595,-0.011344941792758821,-0.030014010475922556,0.05512802927179109
IND852118A1B,0.0001339813476947,3,1,0.5,3.0,1.7777777777777777,Unknown_Source,0.0004019440430841,-0.0016339014750702354,-0.002201564827648051,0.0014748078637692927,-0.0021592702293546026,-0.0010393942060210179,0.0011693261878977811,0.0005908324820178343,0.002183509811771986,0.0010899756375813573,0.00020037299857338187,0.00041507505737307644,-0.0010942842252782959,-0.00371627831100054,-0.0022771541239367007,-0.013547317051103444,-0.011492738890538975
IND400016AAA,0.0,0,1,0.0,0.0,0.0,Mumbai Mahim (Maharashtra),0.0,-0.001633901475070219,-0.0022015648276479407,0.0014748078637692743,-0.0021592702293547358,-0.0010393942060210762,0.0011693261878977592,0.0005908324820179626,0.0021835098117719727,0.0010899756375817673,0.00020037299857970535,0.0004150750573755487,-0.0010942842252772127,-0.001201323854387793,0.0013675522321117493,-0.0009214077897741865,-0.003935099949843168
IND331701AAA,0.0004031846111184,1,1,0.5,6.0,2.071428571428571,Sidhmukh_MnbzrDPP_D (Rajasthan),0.0024191076667104,-0.00163390147507012,-0.002201564827648079,0.0014748078637694187,-0.0021592702293544773,-0.0010393942060210979,0.0011693261878977525,0.0005908324820179608,0.002183509811771916,0.0010899756375817807,0.0002003729985794,0.00041507505737587536,-0.001094284225277544,-0.0022080137155735154,-0.0010007091975758966,-0.0033991118734037432,-0.0012615086761912024
IND335523AAB,0.0004107474322895,3,1,0.3,5.0,1.5588235294117647,Nohar_Central_DPP_2 (Rajasthan),0.0020537371614476,-0.0016339014750701246,-0.0022015648276480842,0.0014748078637694176,-0.0021592702293544794,-0.0010393942060210892,0.001169326187897754,0.0005908324820179739,0.0021835098117719224,0.001089975637581775,0.00020037299857938106,0.000415075057375869,-0.0010942842252775514,-0.002190412636413523,-0.0009534125647029385,-0.003408179710479311,-0.001306839704341291
IND361335AAA,1.0946188537151363e-06,2,1,0.1666666666666666,9.0,1.4,Dwarka_StnRoad_DC (Gujarat),9.851569683436229e-06,-0.0026207172913471997,-0.005732977362199383,0.0015749039704881637,-0.007026940767721863,0.0017761894079367474,0.005001572344420025,0.007163953382293517,0.003523860400265504,0.0068425355025958125,-0.0035243748347033644,0.003047575680800379,-0.00526253884673659,-6.049785368409314e-16,-9.99015297584845e-16,5.628083743908124e-16,-1.772420316754916e-15
IND562132AAC,0.0,0,1,0.0,78.0,1.3333333333333333,Bengaluru_Nelmngla_L (Karnataka),0.0,-0.001633901475070186,-0.0022015648276480955,0.0014748078637693521,-0.002159270229354586,-0.0010393942060210554,0.0011693261878977684,0.0005908324820180469,0.002183509811771962,0.0010899756375816372,0.00020037299857929088,0.00041507505737579275,-0.0010942842252775642,-0.001956476693235674,-0.0006306844265212694,-0.003072983813595703,-0.0013559453287605007
IND639104AAB,2.189237707430273e-06,1,1,0.0,0.0,0.0,Kulithalai_AnnaNGR_D (Tamil Nadu),0.0,0.0022698780257623765,-0.00126370542618835,0.0017770653115270114,0.0024618320465052534,-0.0033193194308151833,-0.0018242839482014994,0.002716801371543713,0.002024672571099217,-0.0028196933049282557,0.0031370940255117147,-0.0014509980177066627,0.0020804919262400676,-1.511484326038863e-16,2.0846992179588874e-16,-2.61669675719805e-16,3.1092514409059177e-16
IND122413AAE,0.0,1,0,0.0,0.0,0.0,Gurgaon_Bilaspur_P (Haryana),0.0,-0.0016339014750701812,-0.002201564827648096,0.0014748078637693558,-0.0021592702293545835,-0.0010393942060210497,0.0011693261878977631,0.0005908324820180179,0.0021835098117719597,0.0010899756375816587,0.00020037299857927083,0.0004150750573757612,-0.0010942842252775564,-0.001977130482573991,-0.0006407514322215353,-0.0031253108250542546,-0.0013821348718950264
IND501359AAF,0.0,3,0,0.0,0.0,0.0,Hyderabad_Shamshbd_P (Telangana),0.0,-0.015867236464820595,-0.013240636908228109,0.01625326755360256,-0.0040564016321795755,-0.027869621033327952,0.003634089322870821,-0.02437736841803312,0.018281936798198756,0.005852617274755304,0.02754763537878098,-0.004040437786787346,-0.004950219560705928,1.3846238030130922e-15,1.4857740975301831e-15,7.999264798913659e-16,1.7840284723350395e-15
IND176041AAA,0.0,2,0,0.5,0.0,0.0,Bhota_BpassDPP_D (Himachal Pradesh),0.0,-0.0016339014750703705,-0.0022015648276482377,0.0014748078637691162,-0.002159270229354952,-0.001039394206020945,0.0011693261878977987,0.0005908324820180853,0.0021835098117720573,0.0010899756375821767,0.00020037299858035408,0.00041507505737640077,-0.001094284225276461,-0.0018069850233336515,0.0004727837569277417,-0.0035752798487032112,-0.0034785603450349757
IND302023AAA,0.0,1,0,0.0,0.0,0.0,Ambabadi_DC (Rajasthan),0.0,0.006190213372499572,-0.0046926258253735574,0.013342019140760419,-0.007794179941099489,-0.009692031391717431,-0.0044973639204425086,0.007607952112082362,-0.008988039169708787,0.013518004607779252,-0.002096211131806204,0.009676212933406368,-0.01477423420303012,-1.1185542736375063e-15,-1.928294598757884e-15,1.6700408578528102e-15,-4.100854194121817e-15
IND360002AAB,0.0,3,0,0.1666666666666666,0.0,0.0,Rajkot_PedakRd_P (Gujarat),0.0,-0.0026207172913471927,-0.005732977362199377,0.0015749039704881665,-0.007026940767721871,0.0017761894079367482,0.00500157234442002,0.007163953382293531,0.0035238604002655054,0.006842535502595811,-0.0035243748347033753,0.003047575680800402,-0.005262538846736621,-6.577527943684826e-16,-9.825550516221726e-16,5.693122165177064e-16,-1.7516681728797084e-15
IND321401AAB,0.0,2,0,0.5,0.0,0.0,Bayana_LalBagh_D (Rajasthan),0.0,-0.0016339014750702896,-0.002201564827648008,0.0014748078637692723,-0.0021592702293546377,-0.0010393942060209814,0.0011693261878978174,0.0005908324820182112,0.002183509811771995,0.0010899756375799875,0.00020037299857970247,0.0004150750573763953,-0.0010942842252761502,-0.0016233767323442733,0.0009456233373412997,-0.0037030037688854565,-0.003457766088761133
IND501218AAC,0.0,2,0,1.0,0.0,0.0,Shamshabad_Lngrguda_D (Telangana),0.0,-0.0016339014750702515,-0.0022015648276481115,0.001474807863769289,-0.002159270229354651,-0.0010393942060210304,0.0011693261878977827,0.0005908324820179963,0.0021835098117719766,0.0010899756375809685,0.00020037299857977246,0.0004150750573758538,-0.0010942842252773858,-0.00043290985459872933,0.003215560862145065,0.00034549006968559643,-0.004299311819309121
IND382345AAA,0.0,1,0,0.0,0.0,0.0,Amdavad_East (Gujarat),0.0,-0.0016339014750700377,-0.0022015648276487256,0.00147480786376951,-0.002159270229354832,-0.001039394206021425,0.0011693261878975372,0.0005908324820179112,0.0021835098117719827,0.0010899756375809813,0.00020037299858063275,0.0004150750573764355,-0.0010942842252769731,-0.0015532842559003474,0.0011727080581002357,-0.0027764289755752847,-0.003997534229860051
IND421302AAH,0.0,2,0,0.0,0.0,0.0,Bhiwandi_Mankoli_GW (Maharashtra),0.0,-0.001633901475070155,-0.0022015648276479307,0.0014748078637692593,-0.0021592702293547405,-0.0010393942060210448,0.0011693261878977575,0.0005908324820179524,0.0021835098117719306,0.0010899756375816639,0.00020037299857973064,0.0004150750573754808,-0.001094284225277209,-0.001251716641806168,0.0013646889432019044,-0.0009649204382751941,-0.004090157825304799
IND421004AAA,0.0,1,0,0.0,0.0,0.0,Mumbai_Ulhasngr_DC (Maharashtra),0.0,-0.0016339014750701452,-0.002201564827647818,0.0014748078637692773,-0.0021592702293547965,-0.0010393942060211026,0.0011693261878977857,0.0005908324820178178,0.0021835098117719285,0.0010899756375818206,0.0002003729985798336,0.0004150750573753246,-0.0010942842252772275,-0.0012554666959841358,0.0016617798284729386,-0.0010345020880338394,-0.004617306784278786
IND636402AAA,0.0,2,0,0.5,0.0,0.0,Mettur_RTOroad_D (Tamil Nadu),0.0,-0.018846460409636386,-0.009029131798526222,-0.014643107655597601,-0.009311671601902155,0.031548788346197267,0.018559013541035077,-0.02275799690048422,0.034501178049063934,-0.031862140193078224,0.0037239625705779208,-0.0221955820954944,0.03637089426174235,2.9421816827343798e-15,4.443530674449935e-15,-4.408645252079376e-15,1.0487430100149257e-14
IND122101AAC,0.0,1,0,0.0,0.0,0.0,Gurgaon_SohnaRd_D (Haryana),0.0,-0.0016339014750701567,-0.0022015648276480404,0.001474807863769381,-0.002159270229354539,-0.0010393942060210627,0.0011693261878977733,0.0005908324820179952,0.0021835098117719367,0.0010899756375817667,0.00020037299857954123,0.0004150750573759604,-0.0010942842252775202,-0.00224728234860519,-0.001382404213979947,-0.002967679750473604,-0.0006596079717648404
IND629001AAA,0.0,2,0,0.5,0.0,0.0,Nagarcoil_AsrplmRd_DC (Tamil Nadu),0.0,-0.013331712946746807,-0.004786265098706545,-0.0004956699632961814,-0.005012946861010375,0.008374556568743806,0.010415157626776991,0.0006290574840830279,-0.004748986194452512,-0.0013253003359399627,-0.004455146973651975,0.0038908720240788237,-0.0021395647105322095,-2.40440017203018e-16,-4.745489688205487e-16,5.97825656251585e-16,-1.0564679557261936e-15
IND148001AAA,0.0,1,0,0.0,0.0,0.0,Sangrur_DC (Punjab),0.0,-0.0016339014750703547,-0.0022015648276483466,0.001474807863769041,-0.0021592702293550493,-0.0010393942060209287,0.0011693261878977096,0.0005908324820180587,0.0021835098117720464,0.0010899756375823259,0.0002003729985804825,0.00041507505737641687,-0.001094284225276313,-0.001891100285628155,0.0005065844905468739,-0.0038488067550935643,-0.0037824503077487927
IND480106AAA,0.0,1,0,0.0,0.0,0.0,Sausar_Central_DPP_1 (Madhya Pradesh),0.0,-0.0016339014750702593,-0.002201564827648038,0.0014748078637692836,-0.0021592702293546802,-0.0010393942060210185,0.0011693261878977866,0.0005908324820179597,0.0021835098117719887,0.00108997563758188,0.00020037299857988335,0.00041507505737547486,-0.0010942842252791983,-0.0011928955003824354,0.0016516774571431318,-0.0030914757623112413,-0.0006828571082448988
IND600044AAC,0.0,3,0,0.0,0.0,0.0,Chennai_Chrompet_PC (Tamil Nadu),0.0,0.0038160922115912615,-0.038102387001724365,0.046339617367501425,-0.08105452681314484,0.0745571640085543,-0.002587795929392225,-0.03945000841052043,0.008600874529189756,-0.04840278041593705,-0.010581678758512462,-0.03918803087650967,0.06639814561591105,5.3561114062635705e-15,7.308693933994562e-15,-7.752392048031332e-15,1.6971452861906427e-14
IND401208AAA,0.0,1,0,0.0,0.0,0.0,Nalasopara (Maharashtra),0.0,-0.001633901475070204,-0.0022015648276479415,0.0014748078637692747,-0.0021592702293547535,-0.001039394206021063,0.0011693261878977703,0.0005908324820179652,0.002183509811771964,0.0010899756375817558,0.00020037299857971635,0.0004150750573755279,-0.0010942842252772169,-0.0012070739202838755,0.0013681399209674368,-0.0009265417378734479,-0.003954146564056622
IND441107AAB,0.0,1,0,0.0,0.0,0.0,Savner_Wagodha_D (Maharashtra),0.0,0.0041598340985489375,-0.007880129784260196,-0.0005307181882991573,0.007612994778390079,0.004166851605371316,-0.01149903362115752,-0.0031111989067529613,0.014971296015906313,-0.0022071601134111105,-0.007952857830963726,-5.6479641857915877e-05,-0.0017508551098536012,1.0447391468160188e-16,-5.377642775528102e-17,2.3783781657090347e-16,-2.3765711620882257e-16
IND679576AAA,0.0,1,0,0.0,0.0,0.0,Edappal_PonaniRD_D (Kerala),0.0,-0.0016339014750702346,-0.0022015648276481263,0.001474807863769271,-0.002159270229354686,-0.0010393942060210096,0.0011693261878977415,0.0005908324820183053,0.002183509811772127,0.001089975637582076,0.00020037299857769865,0.00041507505737437776,-0.0010942842252794384,0.0032965587562376777,0.028141902652016933,0.013341399352576076,0.011449667749035716
IND410209AAA,0.0,1,0,0.0,0.0,0.0,Mumbai_Khandeshwar_Dc (Maharashtra),0.0,-0.0016339014750701556,-0.0022015648276479203,0.001474807863769246,-0.0021592702293547488,-0.0010393942060210437,0.0011693261878977612,0.000590832482017938,0.0021835098117719293,0.0010899756375816548,0.00020037299857972578,0.00041507505737547253,-0.001094284225277196,-0.0012463863031479004,0.0014007760614915253,-0.0009682481825845883,-0.004134659168927588
IND131028AAA,0.0,1,0,0.0,0.0,0.0,Sonipat_Kundli_P (Haryana),0.0,0.1403311909446616,0.07446649059960204,-0.07534585202771305,-0.07705161169112382,-0.03964037508467527,0.018539461456501902,-0.005378821408894251,0.15665424569938236,-0.006877519210829851,0.01521568422315316,0.018568896076819632,0.030797043972304153,-8.646032506787776e-16,-1.2266788028397696e-15,-3.882681585199887e-15,1.7130272268731584e-15
IND602105AAB,0.0,1,0,0.0,0.0,0.0,Chennai_Sriperumbudur_Dc (Tamil Nadu),0.0,-0.0016339014750701311,-0.002201564827649323,0.0014748078637698361,-0.0021592702293534998,-0.0010393942060209788,0.0011693261878977952,0.0005908324820181388,0.002183509811771877,0.0010899756375806066,0.00020037299857899175,0.0004150750573760476,-0.0010942842252773634,0.0003965336006914354,0.005223471904690509,0.0005124064398233763,-0.004338091779869999
IND712310AAA,0.0,2,0,0.0,0.0,0.0,Kolkata_Dankuni_P (West Bengal),0.0,0.03590604543441703,-0.05926859450671329,0.013069018138686628,-0.028947884899782797,-0.01853999624069956,0.028141971077640455,0.02807733458057215,-0.0037995338538483188,0.034637155943725,-0.010982563110038321,0.01726661837053593,-0.027827905051127484,-2.6649969904253627e-15,-4.192464426122836e-15,3.0905533022800596e-15,-9.03756290842723e-15
IND203205AAA,0.0,1,0,0.0,0.0,0.0,Sikandrabd_GTRoad_D (Uttar Pradesh),0.0,-0.0016339014750703458,-0.0022015648276480777,0.0014748078637691992,-0.0021592702293547973,-0.0010393942060209777,0.001169326187897805,0.0005908324820180949,0.002183509811772052,0.0010899756375831386,0.0002003729985789387,0.0004150750573754007,-0.0010942842252776458,-0.002586343030831439,-0.0015995907728017656,-0.004257382490222053,-0.0010454156179348821
IND492007AAA,0.0,1,0,0.0,0.0,0.0,Raipur_Central_D_5 (Chhattisgarh),0.0,0.07169315784236614,0.028757873896402743,-0.01998539936087627,-0.041776991427135944,0.09393931737342974,-0.014004284476033803,-0.04141520304928916,0.07303503783557937,0.1589005351382384,0.16946780139196688,0.06935567062239423,0.12254566251597215,-2.7312384145627566e-15,-2.892456374101944e-15,-1.5664133549499447e-14,1.0632381186795789e-14
IND500035AAD,0.0,1,0,0.0,0.0,0.0,Hyderabad_South_D_12 (Telangana),0.0,-0.0016339014750702343,-0.0022015648276481076,0.0014748078637693105,-0.0021592702293546148,-0.0010393942060210222,0.0011693261878978007,0.0005908324820179498,0.0021835098117719705,0.00108997563758085,0.00020037299857977856,0.0004150750573758062,-0.0010942842252773942,-0.00045905421238400657,0.0035183492547535143,0.0003804103338199255,-0.004798854466045517
IND457661AAA,0.0,1,0,0.0,0.0,0.0,Jhabua_Ward11_D (Madhya Pradesh),0.0,-0.001633901475069973,-0.002201564827648915,0.0014748078637695696,-0.002159270229354868,-0.0010393942060215424,0.0011693261878974713,0.0005908324820178,0.0021835098117719957,0.0010899756375808824,0.00020037299858093532,0.000415075057376639,-0.0010942842252769697,-0.001625750717369527,0.0012568252354013322,-0.0029895871146027966,-0.004348156057827967
IND613104AAA,0.0,1,0,0.0,0.0,0.0,Thirukkatupli_Poondi_D (Tamil Nadu),0.0,0.09393362628887303,0.05637559859036636,-0.04918169469036838,-0.04825897658911945,0.020909960083390054,0.01071299550607401,0.02581969133521553,0.04292141576233746,0.08903510463413047,0.06283626333765903,-0.044017319667872125,-0.006075225317693229,2.5850760551718684e-15,4.123969589065882e-15,8.394849036266426e-17,4.040021098703218e-15
IND841428AAA,0.0,2,0,0.5,0.0,0.0,Gopalganj_GopalDPP_D (Bihar),0.0,0.009582142558197766,0.0026410219743536532,0.00013091906865079055,0.005015120172279476,0.001268079640079758,-0.0052291075445401285,0.011665867237741684,-0.004558195561075401,-0.005119261254604284,-0.0008939094313054768,-0.0007590354017276613,0.0064189053786993695,-2.6279650123315737e-16,-1.6229109525746709e-16,-8.997820458301162e-16,2.7287883273379424e-16
IND736165AAA,0.0,1,0,0.0,0.0,0.0,Pundibari_StatonRD_D (West Bengal),0.0,0.028074391322274912,0.06853226726134735,-0.05132381523977169,-0.02251446929292081,0.044174343151865796,0.028406760613513604,-0.04176447133217985,-0.045231484515198955,0.030867793373546313,-0.028302612005520845,0.014637697395595967,-0.02758206278778742,-6.040601568347992e-17,-1.0620137145665984e-15,3.883746619381802e-15,-3.58567624211259e-15
IND281004AAA,0.0,1,0,0.0,0.0,0.0,Mathura_DC (Uttar Pradesh),0.0,-0.001633901475070076,-0.002201564827648024,0.0014748078637694597,-0.0021592702293544014,-0.0010393942060210994,0.0011693261878977525,0.0005908324820180328,0.0021835098117718877,0.0010899756375818258,0.00020037299857956302,0.000415075057375983,-0.0010942842252780944,-0.00245235745238094,-0.0017438243600803442,-0.004159483175353457,0.0010745523455753954
IND000000ACS,0.0,4,0,0.5,0.0,0.0,BLR_HSR_Layout_PC (Karnataka),0.0,-0.0016339014750703556,-0.0022015648276480634,0.001474807863769221,-0.0021592702293547006,-0.0010393942060209333,0.0011693261878978364,0.0005908324820182118,0.002183509811772046,0.001089975637581177,0.00020037299857918702,0.00041507505737563836,-0.0010942842252768684,0.0019009902729746728,0.0062467454172127875,0.0015921466260361004,-0.0019483671950962368
IND000000ACO,0.0,1,0,0.0,0.0,0.0,Kasaragod_Nullipad_D (Kerala),0.0,-0.0016339014750705431,-0.0022015648276473305,0.001474807863768824,-0.002159270229355312,-0.001039394206020776,0.0011693261878979525,0.0005908324820182692,0.0021835098117720755,0.0010899756375811352,0.00020037299857899186,0.0004150750573750465,-0.0010942842252758221,0.0014794910025670072,0.005484154263500972,0.0007985107921309704,-0.003418848657883732
IND736101AAA,0.0,1,0,0.0,0.0,0.0,CoochBehar_Psthrjhr_D (West Bengal),0.0,0.028074391322274787,0.06853226726134737,-0.0513238152397717,-0.022514469292920773,0.04417434315186582,0.02840676061351357,-0.041764471332179885,-0.04523148451519885,0.030867793373546323,-0.028302612005520852,0.014637697395595945,-0.027582062787787246,-7.708001370317326e-17,-1.0477857357366426e-15,3.8814880519728546e-15,-3.576634012021988e-15
IND804401AAA,0.0,1,0,0.0,0.0,0.0,Arwal_Rozapar_D (Bihar),0.0,-0.022231445306635667,0.04138299241727035,-0.044334434595906726,0.006997178991919395,0.022526732795369188,0.009139372932051582,0.019565754347921883,-0.054297043473345546,-0.008587892083357215,-0.02769532057958064,0.011001498799998406,-0.0032658906273096686,-1.578551220910654e-15,-1.6929640491267648e-15,4.81938670919298e-16,-2.6691987927838044e-15
IND226004AAC,0.0,1,0,0.0,0.0,0.0,Lucknow_Pandriba_L (Uttar Pradesh),0.0,-0.0016339014750701587,-0.0022015648276480348,0.001474807863769378,-0.0021592702293545497,-0.0010393942060210604,0.0011693261878977777,0.0005908324820180308,0.002183509811771941,0.0010899756375818048,0.0002003729985796063,0.00041507505737603176,-0.0010942842252774571,-0.0022882636910214423,-0.0016074373137576407,-0.0027744500470244767,-0.00035111641617943976
IND224122AAA,0.0,1,0,0.0,0.0,0.0,Akbarpur_Auliyapr_D (Uttar Pradesh),0.0,0.0026157008309454985,0.0067473802152810845,-0.0012025783598371346,-0.0025313151382952647,-0.00588500082064305,0.0016799009357166324,-0.008388151582258594,-0.004266708374282203,0.0012058259552512793,0.006843327636441201,-0.001159523110888841,-0.0013358593096189104,3.765980852215089e-16,5.251724307029852e-16,2.4262472405909855e-16,7.227294579266787e-16
IND262723AAB,0.0,1,0,0.0,0.0,0.0,Dhaurahara_TahsilRD_D (Uttar Pradesh),0.0,0.054935709608912524,0.002741281472970914,-0.00867126621897019,0.033280102303407735,-0.003964196365148445,-0.034222952630199824,0.04267250086139116,-0.018179053727124615,-0.02447980063920067,-0.006166795545633913,-0.006079475462751307,0.02660429448891613,-7.356965115222737e-16,-3.2962828511644307e-16,-3.695246741081229e-15,1.782266038146837e-15
IND411057AAF,0.0,1,0,0.0,0.0,0.0,Pune_East_D_7 (Maharashtra),0.0,0.06987220611182338,0.09096009381999141,0.1673085342388115,0.10791860887045185,0.06026843025851254,0.19175482339622407,0.047426698166343345,0.04841196210549426,0.01985513749705346,-0.011946324416202478,-0.0564922996123187,-0.058063330068622916,2.129430305877877e-15,3.828667372664676e-15,6.967906879272602e-15,-1.7938511466331e-15
IND770017AAB,0.0,1,0,0.0,0.0,0.0,Rajgangpur_Central_D_2 (Orissa),0.0,0.017154392367711904,0.005565596880393602,0.0012059181627268407,0.010028676485912326,-0.0008766856515942721,-0.010323011278090129,0.017172077530065995,-0.0006545616262413827,-0.008781445856863263,0.007182518675042555,-0.010385573037401409,0.015635033257688526,3.979425213972233e-16,1.0226293587624874e-15,-2.1500842538200207e-15,2.6972485523004644e-15
IND231216AAA,0.0,2,0,0.5,0.0,0.0,Robertsganj_ArtoDPP_D (Uttar Pradesh),0.0,-0.003986190069564476,0.02450799192411252,-0.010804846630845362,0.01992719333953254,-0.0009443841446011992,-0.012360259799835448,-0.01976091871448655,-0.009573385925536445,-0.02290981562539904,0.015267365207623196,-0.010734987942497505,0.015460254839831771,1.758619857837423e-15,3.1037363424338198e-15,-1.5756999317505028e-15,6.0981269600664474e-15
IND560066AAB,0.0,1,0,0.0,0.0,0.0,Bengaluru_Whitefld_L (Karnataka),0.0,-0.0016339014750703443,-0.0022015648276480005,0.0014748078637691953,-0.0021592702293547414,-0.0010393942060209446,0.001169326187897816,0.0005908324820182134,0.002183509811772035,0.001089975637581238,0.00020037299857927898,0.0004150750573757251,-0.0010942842252768838,0.001895416254513217,0.0049574216269190115,0.0010555540986665838,-0.002131943700098909
IND364710AAA,0.0,1,0,0.0,0.0,0.0,Botad_DC (Gujarat),0.0,-0.06864052934321666,0.09303431691523546,0.04579745211922055,0.004221715030140137,-0.08967818523948001,-0.05581205745129763,-0.03972175319718651,0.05170083815255997,0.14681493854409602,-0.1510022984937148,-0.07218853815573087,0.12893283747327203,9.037260588418119e-15,1.0401862538780009e-14,-1.5180831459898748e-14,2.6676852180824014e-14
IND140603AAA,0.0,1,0,0.0,0.0,0.0,Zirakpur_DC (Punjab),0.0,-0.0016339014750703636,-0.0022015648276482325,0.0014748078637691205,-0.002159270229354951,-0.0010393942060209437,0.001169326187897799,0.0005908324820180973,0.0021835098117720564,0.0010899756375821659,0.00020037299858033963,0.0004150750573764062,-0.0010942842252764753,-0.001800382244427043,0.00047018188326954547,-0.003554306186051018,-0.0034554523586917863
IND445001AAB,0.0,1,0,0.0,0.0,0.0,Yavatmal_JajuDPP_D (Maharashtra),0.0,0.009578874371167048,-0.012680428315643644,0.01028984957280292,0.015084223718048627,-0.029619494066940564,-0.028374157067262623,0.02797295728255947,0.02434289097115707,-0.014684253421399396,0.025507972946675776,-0.026619403684274047,0.023410870662574912,1.4643940482959898e-15,2.564543672349781e-15,-3.355608553993617e-15,5.329770471016287e-15
IND132039AAA,0.0,1,0,0.0,0.0,0.0,Assandh_MhrjaDPP_D (Haryana),0.0,-0.001633901475070311,-0.002201564827647478,0.001474807863769635,-0.002159270229353971,-0.00103939420602116,0.0011693261878977714,0.000590832482018077,0.0021835098117720378,0.0010899756375821652,0.00020037299858070425,0.00041507505737893314,-0.0010942842252753765,-0.0026503387595017557,-0.0009262357435882608,-0.004913735886815997,-0.0033777482773730914
IND507167AAA,0.0,1,0,0.0,0.0,0.0,Tallada_PtrlBunk_D (Telangana),0.0,-0.0016339014750701658,-0.0022015648276481653,0.0014748078637693454,-0.002159270229354503,-0.0010393942060210222,0.001169326187897795,0.0005908324820178825,0.002183509811771922,0.001089975637581013,0.00020037299857960414,0.0004150750573757267,-0.0010942842252773144,-0.0006253936830012886,0.0032145078939650102,-0.0002737780892122208,-0.004584177681537824
IND423301AAB,0.0,1,0,0.0,0.0,0.0,Satana_ThrbadRD_D (Maharashtra),0.0,-0.0016339014750703137,-0.002201564827648137,0.0014748078637692368,-0.0021592702293546373,-0.001039394206020938,0.001169326187897811,0.0005908324820180726,0.0021835098117719922,0.0010899756375829244,0.00020037299857815385,0.00041507505737396343,-0.0010942842252790737,-0.0018448190327345732,0.002364445513976632,-0.0019394156179324917,-0.009347398620854193
IND673639AAA,0.0,2,0,0.0,0.0,0.0,Areacode_Puthalam_D (Kerala),0.0,-0.0016339014750718164,-0.002201564827646467,0.0014748078637712107,-0.002159270229355997,-0.0010393942060213054,0.0011693261879014217,0.0005908324820187034,0.0021835098117676814,0.0010899756375845435,0.0002003729985783282,0.0004150750573741258,-0.0010942842252726257,0.004297958790233842,0.04285131955791504,0.02098714834844053,0.019362085554973433
IND803108AAB,0.0,1,0,0.0,0.0,0.0,Chandi_SH78_D (Bihar),0.0,-0.005282998224130249,-0.006694182519287402,0.0019786983299977857,-0.009267877907072156,0.011517427450346774,0.005427518585444585,0.0072779065299543215,0.007185791198337043,0.00038971492333292205,-0.010245314783745886,0.0027823312344966767,-0.0006165934473874679,-5.234161790385111e-16,-7.206629085258041e-16,2.2887048218092926e-17,-1.1890100659643398e-15
IND560064AAA,0.0,1,0,0.0,0.0,0.0,Bengaluru_NwYlhnka_DC (Karnataka),0.0,-0.0016339014750703484,-0.0022015648276480556,0.0014748078637692192,-0.0021592702293547024,-0.001039394206020941,0.0011693261878978271,0.0005908324820182137,0.002183509811772036,0.0010899756375811983,0.00020037299857918276,0.0004150750573756797,-0.001094284225276896,0.001886916608899503,0.006013378286660973,0.0015046055557857553,-0.0019466598715285805
IND400052AAA,0.0,1,0,0.0,0.0,0.0,Mumbai_Khar West _Dc (Maharashtra),0.0,-0.0016339014750702278,-0.0022015648276479624,0.0014748078637692825,-0.0021592702293547353,-0.0010393942060211298,0.0011693261878977723,0.0005908324820179652,0.002183509811771985,0.0010899756375816563,0.0002003729985797556,0.0004150750573756708,-0.0010942842252773426,-0.0012490765977380119,0.0012089824842069624,-0.000928173806616208,-0.0038167395105480908
IND786602AAA,0.0,1,0,0.0,0.0,0.0,Duliajan_StatonRd_D (Assam),0.0,-0.0016339014750716928,-0.0022015648276477863,0.0014748078637691706,-0.00215927022935474,-0.0010393942060210324,0.0011693261878978057,0.0005908324820177545,0.0021835098117729524,0.0010899756375794044,0.00020037299857640091,0.000415075057370991,-0.0010942842252749643,-0.006387569659556444,-0.03253218918327136,0.042406929067960036,0.012476224173423353
IND470227AAB,0.0,2,0,0.5,0.0,0.0,Rehli_Ward7DPP_D (Madhya Pradesh),0.0,-0.0016339014750703091,-0.0022015648276480356,0.0014748078637692964,-0.002159270229354687,-0.0010393942060210272,0.00116932618789779,0.0005908324820180773,0.0021835098117720174,0.0010899756375819451,0.00020037299857989795,0.0004150750573754682,-0.0010942842252793113,-0.0012243261231252073,0.0017218193761054323,-0.0032333355901070625,-0.0007193987576004095
IND851112AAB,0.0,1,0,0.0,0.0,0.0,Barauni_Wardno10_D (Bihar),0.0,-0.00163390147507036,-0.0022015648276480413,0.001474807863769149,-0.0021592702293548437,-0.0010393942060209775,0.0011693261878978024,0.0005908324820180055,0.0021835098117720525,0.0010899756375812588,0.00020037299857239219,0.00041507505737235827,-0.0010942842252786979,-0.003942931100576161,-0.0025127485848559887,-0.015079659597243174,-0.013050548848188535
IND622001AAA,0.0,1,0,0.0,0.0,0.0,Pudukkotti_Mrthndpr_D (Tamil Nadu),0.0,-0.042741702226555704,0.003280334155498667,-0.0029788130847595534,-0.024722501429328757,-0.001461600643284776,0.02384467448083165,-0.0082048458700386,-0.052628129198481685,0.015894132416794205,0.013374346141073865,-0.0050769445154945055,-0.007832859582250478,7.585507707583055e-16,6.715124372187953e-16,7.621776729794011e-16,3.3022785057521443e-16
IND571602AAA,0.0,1,0,0.0,0.0,0.0,Krishnarajngr_JublieRD_D (Karnataka),0.0,-0.0016339014750702966,-0.0022015648276481415,0.0014748078637692957,-0.002159270229354757,-0.0010393942060210417,0.0011693261878978139,0.0005908324820203633,0.002183509811772085,0.0010899756375815977,0.00020037299857913243,0.0004150750573810425,-0.001094284225278175,0.05745104557280346,-0.009024349791703625,-0.0015687473879243785,0.0022472032584874104
IND722101AAC,0.0,2,0,1.0,0.0,0.0,Bankura_BhowmDPP_D (West Bengal),0.0,-0.0016339014750702107,-0.0022015648276480755,0.0014748078637693012,-0.00215927022935471,-0.0010393942060210593,0.0011693261878977868,0.0005908324820181004,0.0021835098117719684,0.0010899756375832858,0.00020037299857957305,0.0004150750573774678,-0.001094284225273394,-0.002715211761416246,-0.00583276218234438,0.008774808667946221,-0.0014190526881047356
IND813203AAA,0.0,2,0,0.5,0.0,0.0,Kahalgaon_NdiaTola_D (Bihar),0.0,0.008315118172720706,-0.005764586461257131,0.012027103246181904,0.010150994259775748,-0.00611846644392101,-0.010278722788946464,0.014934177876856828,0.005941612267055538,-0.008718144138009906,0.008736071299013251,-0.005708862737497042,0.010837349338841425,8.706268124659801e-18,6.508010199249275e-16,-1.4052229296742218e-15,2.126678380158305e-15
IND851204AAA,0.0,2,0,0.5,0.0,0.0,Khagaria_GodamDPP_D (Bihar),0.0,-0.0016339014750702304,-0.0022015648276480612,0.0014748078637692955,-0.002159270229354595,-0.0010393942060210174,0.0011693261878977827,0.0005908324820178246,0.0021835098117719896,0.00108997563758136,0.00020037299857324328,0.0004150750573730437,-0.0010942842252783071,-0.003761884523078168,-0.0023196024501066365,-0.01381696269707186,-0.011752714377250525
IND211013AAA,0.0,1,0,0.0,0.0,0.0,Allahabad_Phaphamu_DC (Uttar Pradesh),0.0,-0.0016339014750701316,-0.0022015648276480348,0.0014748078637693651,-0.002159270229354499,-0.001039394206021066,0.0011693261878977631,0.0005908324820177967,0.00218350981177191,0.0010899756375814353,0.00020037299857921756,0.0004150750573745067,-0.001094284225285126,-0.004265546980598085,-0.006646190401188381,-0.01701220965290123,0.027850107783128318
IND226016AAA,0.0,1,0,0.0,0.0,0.0,Lucknow_Indira Nagar (Uttar Pradesh),0.0,0.03842731229609487,-0.01708991553784908,0.04069666290053846,0.02221535661976934,-0.06653914056456878,-0.03454595491404629,-0.09053033508621022,-6.666085118658458e-05,0.0024859430551444203,0.05414352831755646,0.014469375292136946,-0.04360791785048389,1.4426622328235579e-15,1.834826896590984e-15,6.329752176012565e-15,-2.2434564674474914e-16
IND380015AAB,0.0,1,0,0.0,0.0,0.0,AMD_Satellite (Gujarat),0.0,-0.0016339014750700368,-0.002201564827648714,0.0014748078637695076,-0.0021592702293548377,-0.0010393942060214255,0.001169326187897533,0.0005908324820179259,0.0021835098117719944,0.001089975637580981,0.00020037299858063643,0.0004150750573764339,-0.0010942842252769638,-0.00155328425590034,0.0011727080581002299,-0.0027764289755752803,-0.00399753422986005
IND431001AAA,0.0,1,0,0.0,0.0,0.0,Aurangabad (Maharashtra),0.0,-0.0016339014750703354,-0.002201564827647592,0.0014748078637691108,-0.002159270229354993,-0.0010393942060209862,0.0011693261878978423,0.0005908324820178896,0.0021835098117720087,0.0010899756375813093,0.00020037299857942237,0.00041507505737564947,-0.0010942842252765859,-0.00028323650310876696,0.0035079742397354586,-0.0005535727031470744,-0.004538912554359842
IND531162AAA,0.0,2,0,0.0,0.0,0.0,Vishakhapatnam (Andhra Pradesh),0.0,-0.0016339014750701686,-0.002201564827647719,0.0014748078637691169,-0.002159270229355272,-0.001039394206021196,0.0011693261878977198,0.0005908324820182054,0.0021835098117720135,0.0010899756375800243,0.0002003729985792996,0.00041507505737691533,-0.0010942842252790388,-0.00037377578745345364,0.004210224211927377,0.0009670954054916332,-0.005717663703686872
IND000000AFS,0.0,1,0,0.0,0.0,0.0,Mumbai_Skynet_INT (Maharashtra),0.0,-0.05476169716316966,-0.022734117158961627,0.045919002272692404,0.09300985503880546,0.06425646766042697,0.012533248132997317,-0.032185264043823866,-0.0386733563342779,0.05805463803338698,0.056533297084801495,0.04379264049340474,0.04602132515710934,-1.6867792258752188e-15,-3.3149395924338326e-15,-5.833931888457905e-15,1.089905104742911e-15
IND110064AAB,0.0,1,0,0.0,0.0,0.0,KN_RPC (Delhi),0.0,-0.010804691699032512,0.015857689419330342,-0.004537810526230515,-0.017117691302328417,0.012711842519176147,-0.007113435400426185,-0.0029152283715340225,-0.0021077770103597525,-0.01724057310292886,0.018140442029891034,0.00879303581011264,-0.032786918699930785,-9.32428813151819e-16,-1.724750622371865e-15,3.7219120626901626e-15,-6.128380251646603e-15
IND232327AAA,0.0,1,0,0.0,0.0,0.0,Gahmar_Wardnor4_D (Uttar Pradesh),0.0,-0.0016339014750704059,-0.002201564827648074,0.0014748078637691062,-0.0021592702293548854,-0.0010393942060209671,0.0011693261878977933,0.0005908324820176101,0.002183509811772066,0.0010899756375810676,0.0002003729985786063,0.0004150750573733008,-0.0010942842252904118,-0.005603837219460758,-0.010543037588251451,-0.027750946095824708,0.050413774138672936
IND122050AAA,0.0,2,0,0.5,0.0,0.0,Gurgaon_Manesar (Haryana),0.0,-0.0016339014750701465,-0.0022015648276480404,0.0014748078637693827,-0.0021592702293545367,-0.001039394206021062,0.001169326187897772,0.0005908324820179885,0.002183509811771933,0.0010899756375817654,0.0002003729985795407,0.00041507505737595527,-0.0010942842252775191,-0.0022510638058643685,-0.0013859118206898937,-0.0029757082823253125,-0.0006616297013641321
IND332715AAB,0.0,1,0,0.0,0.0,0.0,Shrimadhopur_RLSTNDPP_D (Rajasthan),0.0,-0.0016339014750706095,-0.0022015648276466795,0.0014748078637688892,-0.002159270229354623,-0.0010393942060204766,0.0011693261878981843,0.0005908324820186785,0.002183509811772021,0.0010899756375771373,0.00020037299857945284,0.0004150750573785132,-0.0010942842252745246,-0.0016794376154383231,0.0022811420236946473,-0.0051990103471247434,-0.0062147692000129795
IND637001AAA,0.0,1,0,0.0,0.0,0.0,Namakkal_Rkcomplx_DC (Tamil Nadu),0.0,0.06838591529737698,-0.02629027257456696,0.014086965683760805,0.018572977725080726,-0.001221534902793149,-0.0200995640509442,-0.002129333853811771,-0.0658908536105351,-0.009749720270821546,0.02067987933728215,-0.005430332876809925,-0.01003156429221655,3.657171740244317e-16,3.3842057289191835e-16,9.940677029996955e-16,-8.221227048535996e-16
IND678583AAA,0.0,1,0,0.0,0.0,0.0,Thachnttukra_Nattukal_D (Kerala),0.0,-0.0016339014750713643,-0.0022015648276467233,0.0014748078637708791,-0.0021592702293558017,-0.0010393942060212586,0.0011693261879007985,0.0005908324820186466,0.00218350981176831,0.0010899756375842059,0.00020037299857818115,0.0004150750573741154,-0.001094284225273704,0.004168907552260307,0.04091568040119181,0.019976830637437038,0.018307093358431788
IND123106AAB,0.0,1,0,0.0,0.0,0.0,Dharuhera_Central_DPP_2 (Haryana),0.0,-0.0016339014750701842,-0.0022015648276481,0.0014748078637693573,-0.0021592702293545723,-0.0010393942060210972,0.0011693261878977642,0.0005908324820180233,0.0021835098117719562,0.0010899756375816112,0.0002003729985793349,0.0004150750573757959,-0.0010942842252776158,-0.0019973256683404167,-0.0006507079340841308,-0.0031771801230259114,-0.0014082210290801039
IND491995AAB,0.0,1,0,0.0,0.0,0.0,Kawardha_TrnsptNGR_D (Chhattisgarh),0.0,-0.06796767733069885,0.014786576571986242,-0.004325257446775586,-0.003528954730407544,-0.024436767211594688,0.025116787518390773,0.01155759353275995,0.004690441079161474,0.0027383549204769275,0.0015415908027463915,-0.0014176854412526962,0.0016932312923833473,-2.700752521715393e-16,2.8772182618380303e-18,-4.3762489762556443e-16,-2.785147277459213e-16
IND210301AAA,0.0,1,0,0.0,0.0,0.0,Hamirpur_KanpurRd_D (Uttar Pradesh),0.0,-0.0016339014750701795,-0.00220156482764806,0.0014748078637693272,-0.002159270229354591,-0.0010393942060210495,0.0011693261878977762,0.0005908324820180104,0.0021835098117719454,0.0010899756375815522,0.00020037299857955578,0.0004150750573753207,-0.0010942842252804176,-0.0029763134888495042,-0.0033988827674983966,-0.007387928263099466,0.009679947347443513
IND721507AAA,0.0,1,0,0.0,0.0,0.0,Jhargram_UBamdDPP_D (West Bengal),0.0,-0.001633901475070323,-0.0022015648276480864,0.0014748078637692576,-0.002159270229354714,-0.001039394206021007,0.0011693261878978132,0.0005908324820181686,0.002183509811772022,0.0010899756375823888,0.00020037299858009523,0.00041507505737615314,-0.0010942842252757508,-0.0022772496607325375,-0.004315019286144198,0.006306463567670691,-0.0009529120464394421
IND410210AAA,0.0,1,0,0.0,0.0,0.0,Mumbai_Kharghar_D (Maharashtra),0.0,-0.0016339014750701535,-0.0022015648276479207,0.0014748078637692537,-0.0021592702293547457,-0.0010393942060210517,0.001169326187897759,0.0005908324820179436,0.0021835098117719332,0.0010899756375816496,0.00020037299857972166,0.0004150750573754777,-0.0010942842252772025,-0.0012463863031479073,0.001400776061491522,-0.0009682481825845923,-0.004134659168927591
IND110037AAB,0.0,1,0,0.0,0.0,0.0,Del_B_RPC (Delhi),0.0,-0.010804691699032481,0.01585768941933032,-0.004537810526230517,-0.017117691302328448,0.012711842519176177,-0.007113435400426174,-0.0029152283715340264,-0.0021077770103597455,-0.0172405731029289,0.018140442029891006,0.008793035810112674,-0.032786918699930896,-9.283927261902645e-16,-1.721659494402491e-15,3.702886373859931e-15,-6.118837063361159e-15
IND600013AAA,0.0,1,0,0.0,0.0,0.0,Chennai_Royapuram (Tamil Nadu),0.0,-0.0016339014750701515,-0.0022015648276490565,0.001474807863769703,-0.0021592702293537587,-0.0010393942060209925,0.0011693261878977517,0.0005908324820182091,0.002183509811771897,0.0010899756375807128,0.00020037299857907643,0.00041507505737605675,-0.0010942842252774142,0.000383111148704689,0.004955123355022281,0.00048430294598399604,-0.004067772158601854
IND562160AAB,0.0,1,0,0.0,0.0,0.0,Chanapatna_Central_D_2 (Karnataka),0.0,0.04270886182032256,0.0354010363723973,-0.01656041109836666,0.028131742553421008,0.026656074892677736,-0.011367972095869363,-0.06913182479423056,-0.01298260785583316,-0.010531681526613103,-0.0558174649192522,0.03482014903163009,-0.04875214358735711,-8.946739482144402e-16,-3.634245682171411e-15,6.800116025829084e-15,-9.2148511043888e-15
IND272175AAA,0.0,1,0,0.0,0.0,0.0,Khalilabad_MrgnjDPP_D (Uttar Pradesh),0.0,-0.0016339014750704599,-0.002201564827648073,0.0014748078637691247,-0.0021592702293549166,-0.0010393942060209845,0.0011693261878978178,0.000590832482018367,0.002183509811772106,0.0010899756375801915,0.0002003729985799764,0.00041507505737506433,-0.0010942842252826058,-0.0038029679296509864,-0.005087565460084062,-0.011450495595322054,0.016246132154877784
IND332709AAA,0.0,1,0,0.0,0.0,0.0,Khandela_PlsrdDPP_D (Rajasthan),0.0,-0.0016339014750706047,-0.0022015648276466886,0.0014748078637688775,-0.0021592702293546234,-0.0010393942060204758,0.0011693261878981708,0.0005908324820186952,0.0021835098117720156,0.0010899756375771393,0.00020037299857946606,0.0004150750573785143,-0.001094284225274588,-0.0016794376154383246,0.0022811420236946408,-0.005199010347124747,-0.0062147692000129725
IND560099AAA,0.0,1,0,0.0,0.0,0.0,Bengaluru_Bomsndra_PC (Karnataka),0.0,0.0010644667077628072,-0.014797442231455847,-0.0012401517790316418,0.0011504298807418138,-0.0006900108317422152,0.0037560007622020847,0.1806806795098025,0.005422605553000274,0.029651570705876772,-0.04469714306034664,0.4908552584161273,0.18579715929054036,-5.3565467514112934e-14,4.2796935863472835e-14,7.042533749685404e-16,1.2308182060988643e-13
IND431401AAA,0.0,1,0,0.0,0.0,0.0,Parbhani_Rjndrngr_D (Maharashtra),0.0,-0.001633901475070312,-0.0022015648276476453,0.0014748078637691416,-0.0021592702293549574,-0.0010393942060209892,0.0011693261878978336,0.000590832482017953,0.0021835098117719944,0.0010899756375812911,0.00020037299857950978,0.00041507505737559656,-0.00109428422527664,-0.00028134806296835444,0.0034690188405654236,-0.000546889027218647,-0.00447417008176201
IND421302AAS,0.0,1,0,0.0,0.0,0.0,Mumbai_East_L_23 (Maharashtra),0.0,-0.0016339014750702096,-0.002201564827647917,0.0014748078637692686,-0.0021592702293547574,-0.0010393942060210614,0.0011693261878977703,0.0005908324820179492,0.0021835098117719636,0.0010899756375817359,0.0002003729985797157,0.0004150750573754826,-0.0010942842252771915,-0.0011696271930869099,0.0014908374103294614,-0.0009210901553372206,-0.004044348524694706
IND496001AAA,0.0,1,0,0.0,0.0,0.0,Raigarh_MithmdRd_D (Chhattisgarh),0.0,0.003691727871035318,0.012812974352171321,0.020197116943861105,-0.006616011874203263,-0.013107346470327422,-0.02869749492069753,0.014087568819949414,-0.01240619966999135,0.015143126391809744,0.0037194823114308157,0.010297104353357867,-0.01927729253726905,-1.5517841480816827e-15,-2.2088643865885092e-15,2.200197317807052e-15,-5.133381023988767e-15
IND272153AAC,0.0,1,0,0.0,0.0,0.0,Bansi_GangDPP_D (Uttar Pradesh),0.0,0.04466103993372301,0.005922145019350824,0.05268198448881812,-0.0235565119594782,-0.045105079039921066,-0.049312574191606104,0.039475178292505214,-0.02041281077309814,0.043210608595811426,-0.012864042696005539,0.02277103399720819,-0.029747350281798302,-3.475249445975355e-15,-5.927771361699042e-15,3.0618653727784307e-15,-1.1929027492344765e-14
IND222136AAA,0.0,2,0,0.0,0.0,0.0,Jalalpur_Mhimapur_D (Uttar Pradesh),0.0,-0.0016339014750702792,-0.002201564827648052,0.001474807863769221,-0.0021592702293547084,-0.0010393942060210072,0.0011693261878977757,0.0005908324820177302,0.0021835098117719935,0.0010899756375812289,0.00020037299857890174,0.0004150750573738737,-0.0010942842252877674,-0.004930845911446942,-0.008612617825070843,-0.022321176161102182,0.03918337288777121
IND221005A1A,0.0,1,0,0.0,0.0,0.0,Unknown_Destination,0.0,-0.0016339014750702625,-0.002201564827648051,0.0014748078637692326,-0.0021592702293546854,-0.0010393942060210114,0.0011693261878977718,0.0005908324820177368,0.0021835098117719866,0.0010899756375812478,0.00020037299857893082,0.00041507505737388477,-0.0010942842252876464,-0.004898461507753473,-0.008507095024445929,-0.022017335059115153,0.038523677304939885
IND306001AAA,0.0,1,0,0.0,0.0,0.0,MarwarJn_SndbrDPP_D (Rajasthan),0.0,-0.001633901475070381,-0.0022015648276485413,0.0014748078637691435,-0.00215927022935488,-0.0010393942060209504,0.0011693261878977957,0.0005908324820186215,0.002183509811772058,0.0010899756375772891,0.00020037299858051137,0.0004150750573766779,-0.0010942842252736667,-0.001719876581181348,0.0022193886045289613,-0.005093953226911142,-0.0062723561673323535
IND791111AAC,0.0,2,0,0.5,0.0,0.0,Itanagar_WageDPP_D (Arunachal Pradesh),0.0,-0.0016339014750703415,-0.002201564827648059,0.0014748078637692524,-0.002159270229354731,-0.0010393942060210194,0.001169326187897785,0.0005908324820179793,0.0021835098117720573,0.0010899756375815574,0.00020037299857931734,0.0004150750573741366,-0.0010942842252751935,-0.004423300091181653,-0.017463217965449907,0.021466515488603573,0.0054977653982120085
IND481001AAA,0.0,1,0,0.0,0.0,0.0,Balaghat_Kosmi_D (Madhya Pradesh),0.0,0.012239806155070466,0.0002872968147767083,0.0018238532586968607,-0.00327762072871985,0.00828183109728843,-0.0077477718674308915,-0.0010345256063244573,-0.0030363311518731375,-0.013298545357497665,-0.012466020139797989,-0.0014413763737466494,0.010216463036219713,2.522178630031316e-16,2.715233731876593e-16,-1.2939877385282293e-15,1.1995703236616782e-15
IND176001AAB,0.0,1,0,0.0,0.0,0.0,Kangra_Central_D_2 (Himachal Pradesh),0.0,-0.0058784803176613505,-0.028110343139739386,0.02080158035410086,0.000151003390792842,-0.015176341190436931,-0.008300996961465487,-0.008247193332404715,0.038369211265223496,-0.0004047869525589212,0.007998718302100409,-0.0022285186827205833,0.0020582752254427006,5.008130326637667e-16,7.956154547459666e-16,-2.3101160444661125e-16,1.2982605976360178e-15
IND638052AAA,0.0,1,0,0.0,0.0,0.0,Perundurai_Viveka_DC (Tamil Nadu),0.0,0.00931280514311996,-0.002366682829589467,0.01138435963032765,-0.00017758505363354434,-0.02794107259812898,-0.005155027499587287,0.035391056609401436,0.006701464440900784,-0.013996377199514137,0.030766277250305,-0.020775999807356213,0.0270792757762256,7.112802356707387e-16,2.3316870435015516e-15,-3.735884724740924e-15,5.534294847755009e-15
IND799008AAA,0.0,1,0,0.0,0.0,0.0,Agartala_Chmpmura_I (Tripura),0.0,-0.0016339014750665311,-0.0022015648276489867,0.0014748078637694252,-0.0021592702293547796,-0.001039394206021024,0.0011693261878977267,0.0005908324820179464,0.0021835098117695007,0.0010899756375817855,0.00020037299857931555,0.0004150750573738227,-0.0010942842252745252,-0.004867279049378703,-0.020244736875514396,0.025148198967275995,0.006588463036840461
IND490023AAA,0.0,1,0,0.0,0.0,0.0,Durg_Bhilai_DC (Chhattisgarh),0.0,0.008013715859531255,-0.0065284824618537145,-0.024710527890244176,0.021444368841254953,0.00021419081785381137,0.019165389098403235,0.005767957743122708,-0.010744937461603416,-0.006058733843936767,0.012167536190910568,0.010948178571003574,-0.01437556385041718,-1.2782242303497834e-15,-1.341704223997703e-15,1.7365381645746838e-15,-3.1979721251825363e-15
IND364001AAA,0.0,1,0,0.0,0.0,0.0,Bhavnagar_Dc (Gujarat),0.0,0.08664592385626937,-0.0016461313463916965,0.03570179250529247,0.03377792476258713,-0.06655722471156784,-0.05391754582008277,-0.1236943663602576,-0.06604092751465297,-0.02886038757466854,0.09008927849335342,0.0047750834495994005,-0.017263819343836112,3.758133446584074e-15,6.206975222453413e-15,3.573883378387276e-15,9.415411690098414e-15
IND396210AAA,0.0,1,0,0.0,0.0,0.0,Daman_DC (Daman & Diu),0.0,-0.0016339014750702222,-0.0022015648276480487,0.001474807863769301,-0.0021592702293547596,-0.0010393942060211033,0.0011693261878977352,0.0005908324820180131,0.0021835098117719905,0.0010899756375816365,0.00020037299857979178,0.0004150750573757297,-0.0010942842252771572,-0.0009866960197439582,0.001611326393859856,-0.0011269765043933294,-0.003551143600778433
IND803212AAB,0.0,2,0,0.5,0.0,0.0,Bakhtiarpur_BypassRD_D (Bihar),0.0,-0.02648032596176583,-0.02199106372960858,0.01580234308653277,-0.02816180407575597,-0.016023396053462265,0.018191066654704203,-0.05100797600986261,0.02542554913820473,0.02059278617647549,0.018686537388833017,0.005533146537903375,-0.02318338899807553,1.0452300849524214e-15,1.2597177846349042e-15,3.4411802897343724e-15,3.686978881858256e-16
IND583121AAA,0.0,1,0,0.0,0.0,0.0,Siruguppa_Wrd12DPP_D (Karnataka),0.0,-0.0016339014750704711,-0.0022015648276479897,0.001474807863769188,-0.002159270229354658,-0.001039394206020823,0.0011693261878979086,0.000590832482017939,0.0021835098117720464,0.001089975637580618,0.00020037299857919477,0.00041507505737480027,-0.001094284225276165,0.0007698236692135555,0.005592630278795136,0.0009552583937800102,-0.005009403890521164
IND226024AAA,0.0,1,0,0.0,0.0,0.0,Lucknow_Aliganj (Uttar Pradesh),0.0,0.03842731229609485,-0.017089915537849068,0.04069666290053849,0.022215356619769356,-0.06653914056456879,-0.03454595491404632,-0.09053033508621008,-6.666085118659239e-05,0.0024859430551444277,0.05414352831755637,0.014469375292137038,-0.04360791785048385,1.4663074919444193e-15,1.8522232243967275e-15,6.358192279263205e-15,-1.9934240980054464e-16
IND841207AAB,0.0,2,0,0.0,0.0,0.0,Dighwara_SadarHPL_D (Bihar),0.0,0.06967109219517395,-0.020897660683329555,0.021728963655134513,0.0419664440060205,0.035466554910001655,-0.06396295183200777,0.05582232980667033,0.005720322610985952,-0.034521692340988085,-0.012867755585506402,-0.029092169923796176,0.045243806999421946,9.703233335223432e-16,2.0237355332383285e-15,-6.193118378825728e-15,6.290647802114322e-15
IND734203AAA,0.0,1,0,0.0,0.0,0.0,Kurseong_ABPath_D (West Bengal),0.0,-0.04100910338308524,-0.02974695900706443,0.02663820501742593,-0.017546831562641623,-0.010746694766435286,0.014601879890201798,-0.042158722797425684,0.019576056549738426,0.024356221836329774,0.002720730734278207,0.01649111926436611,-0.03196489566343833,-2.516447108979616e-16,-1.102886592421916e-15,4.398932941897278e-15,-4.048910320714053e-15
IND690573AAA,0.0,1,0,0.0,0.0,0.0,Karungaply_Mrtrklgr_D (Kerala),0.0,-0.001633901475070214,-0.0022015648276480825,0.001474807863769297,-0.002159270229354695,-0.0010393942060210072,0.0011693261878977866,0.0005908324820182501,0.002183509811772025,0.0010899756375812456,0.00020037299857786608,0.00041507505737618637,-0.0010942842252846436,0.004566777649648718,0.05247917242084111,0.026961043158177076,0.028657114262988902
IND110005AAA,0.0,1,0,0.0,0.0,0.0,Delhi_Todapur_DC (Delhi),0.0,-0.0016339014750701639,-0.0022015648276480617,0.001474807863769375,-0.0021592702293545462,-0.0010393942060209931,0.001169326187897768,0.0005908324820180442,0.002183509811771944,0.0010899756375818501,0.00020037299857940773,0.00041507505737587125,-0.0010942842252774734,-0.0021942203653802102,-0.0012567948953920648,-0.0029677791299873657,-0.0007656787234984798
IND250002AAC,0.0,2,0,1.0,0.0,0.0,Unknown_Destination,0.0,-0.0016339014750702378,-0.0022015648276477876,0.0014748078637694792,-0.002159270229354307,-0.0010393942060210816,0.0011693261878977762,0.0005908324820180448,0.0021835098117719866,0.0010899756375818924,0.00020037299858027442,0.00041507505737787203,-0.0010942842252762521,-0.0024310530855670308,-0.0010157162808902664,-0.0040144920988838305,-0.0023590493378328544
IND440014AAA,0.0,1,0,0.0,0.0,0.0,Nagpur_Jaripatk_DC (Maharashtra),0.0,0.016931094944508625,-0.020287701596788842,0.005153864878978234,-0.0016564616611945992,-0.031231139192171322,0.0049859048746852585,0.025173593135597843,-0.01789961041620815,0.02860353463005746,-0.006891281646592344,0.017180325020082588,-0.037421308707453256,-2.7600996057457123e-15,-4.211786748978422e-15,4.300549378040138e-15,-1.0047929609786246e-14
IND250609AAA,0.0,1,0,0.0,0.0,0.0,Baghpat_Barout_D (Uttar Pradesh),0.0,-0.0016339014750702513,-0.0022015648276477082,0.0014748078637695078,-0.0021592702293542357,-0.0010393942060210846,0.001169326187897776,0.0005908324820180236,0.002183509811772001,0.001089975637581921,0.00020037299858048413,0.00041507505737843083,-0.0010942842252758803,-0.002474821686575903,-0.0008343386521206906,-0.004394596699612483,-0.0029745321275742526
IND733124AAA,0.0,1,0,0.0,0.0,0.0,Gangarmpur_KhdimDPP_D (West Bengal),0.0,-0.001633901475070443,-0.002201564827648082,0.0014748078637692181,-0.0021592702293547275,-0.001039394206021003,0.0011693261878978002,0.0005908324820181198,0.0021835098117721,0.0010899756375826845,0.00020037299858035297,0.0004150750573762266,-0.0010942842252754832,-0.002455796782050386,-0.00486345513903623,0.007174067420666534,-0.0011064754736571012
IND580030AAA,0.0,1,0,0.0,0.0,0.0,Hubli_Dc (Karnataka),0.0,-0.0016339014750704009,-0.0022015648276476644,0.001474807863769072,-0.0021592702293549695,-0.001039394206020905,0.0011693261878978941,0.0005908324820181986,0.0021835098117720304,0.0010899756375812206,0.00020037299857933092,0.000415075057375396,-0.001094284225276514,0.0007338300267473824,0.004322053839873733,0.0002751900016585729,-0.003543893195650485
IND431103AAA,0.0,1,0,0.0,0.0,0.0,Kannad_KolheDPP_D (Maharashtra),0.0,-0.0016339014750703252,-0.00220156482764813,0.0014748078637692378,-0.0021592702293546455,-0.0010393942060209409,0.0011693261878978098,0.0005908324820180563,0.002183509811771998,0.0010899756375829447,0.0002003729985781405,0.0004150750573739568,-0.0010942842252790665,-0.0018442989310075832,0.0023634543744097567,-0.001938551231422467,-0.00934270683638151
IND160002AAD,0.0,1,0,0.0,0.0,0.0,Chandigarh_Mehmdpur_P (Punjab),0.0,-0.0016339014750703755,-0.0022015648276482403,0.0014748078637691069,-0.002159270229354974,-0.0010393942060209422,0.0011693261878978085,0.0005908324820180868,0.0021835098117720607,0.001089975637582191,0.00020037299858037877,0.0004150750573764091,-0.0010942842252764512,-0.0018200853003341047,0.00047796384936414627,-0.0036170648612821672,-0.0035246645518436665
IND233221AAC,0.0,1,0,0.0,0.0,0.0,Aunrihar_Central_D_1 (Uttar Pradesh),0.0,-0.0016339014750704007,-0.002201564827648076,0.0014748078637691097,-0.0021592702293548845,-0.0010393942060209654,0.0011693261878977913,0.0005908324820176172,0.0021835098117720672,0.0010899756375810793,0.00020037299857861025,0.0004150750573732886,-0.001094284225290435,-0.005603837219460725,-0.01054303758825147,-0.027750946095824788,0.050413774138673005
IND790114AAA,0.0,2,0,0.5,0.0,0.0,Bhalukpong_Khenewa_D (Arunachal Pradesh),0.0,-0.0016339014750700821,-0.0022015648276481107,0.0014748078637692736,-0.0021592702293547245,-0.0010393942060210365,0.001169326187897777,0.0005908324820179693,0.0021835098117718886,0.0010899756375815398,0.00020037299857930143,0.00041507505737417046,-0.0010942842252752488,-0.004413438260114363,-0.01737941436371242,0.021349306223930168,0.005458825345299729
IND331001A1C,0.0,1,0,0.0,0.0,0.0,Unknown_Destination,0.0,0.07171579462280833,0.04768705152141096,-0.02527830792033523,-0.07408026905214767,-0.051889485517344305,0.03644496839846464,-0.011498864544790599,0.04192027793886451,-0.025076331972616783,-0.008934986881343381,0.02421905097818429,0.019812613722054343,-1.2669089916183782e-15,-2.2786114395693643e-15,-2.3863836022516994e-15,-6.235389412335085e-16
IND231001AAA,0.0,1,0,0.0,0.0,0.0,Mirzapur_JangiRd_D (Uttar Pradesh),0.0,-0.001633901475070267,-0.0022015648276480426,0.0014748078637692363,-0.002159270229354701,-0.0010393942060210036,0.0011693261878977822,0.0005908324820177328,0.0021835098117719853,0.0010899756375812334,0.0002003729985789229,0.00041507505737386986,-0.0010942842252877015,-0.004915676811429097,-0.008552078638574923,-0.0221414125018503,0.03876941429320224
IND764073AAA,0.0,1,0,0.0,0.0,0.0,Umerkote_Central_DPP_1 (Orissa),0.0,-0.0016339014750701747,-0.0022015648276477572,0.0014748078637691357,-0.0021592702293552154,-0.0010393942060211824,0.0011693261878977154,0.0005908324820182347,0.002183509811772014,0.0010899756375801085,0.00020037299857933165,0.0004150750573768278,-0.0010942842252788638,-0.00036817671162952804,0.0041145937141635084,0.0009436489569250856,-0.005560244751421983
IND110087AAA,0.0,1,0,0.0,0.0,0.0,Delhi_Paschim_DC (Delhi),0.0,-0.0016339014750701567,-0.0022015648276480595,0.0014748078637693875,-0.0021592702293545376,-0.0010393942060210643,0.0011693261878977681,0.0005908324820181004,0.0021835098117719324,0.0010899756375817172,0.00020037299857951285,0.0004150750573758716,-0.001094284225277552,-0.0022080229915975554,-0.0012203959973790693,-0.0030700478974495845,-0.0008608701549701296
IND813213AAA,0.0,2,0,1.0,0.0,0.0,Sultanganj_Wardno3_D (Bihar),0.0,0.029927371218154655,-0.028243994562404718,0.005198053318601305,0.043354369841539106,0.028152852332284917,-0.03869425250456898,-0.01570360817224848,0.0786555483786682,-0.0071963546343307,-0.03715875405908663,0.01244796461834441,-0.012733797427908191,-5.474740727965667e-16,-1.4872468176971206e-15,1.9016041400405968e-15,-3.0965810607275867e-15
IND741316AAA,0.0,1,0,0.0,0.0,0.0,Nabadwip_Srirmpur_D (West Bengal),0.0,-0.0016339014750702881,-0.0022015648276480755,0.001474807863769244,-0.0021592702293547223,-0.0010393942060210025,0.001169326187897808,0.0005908324820180569,0.002183509811772015,0.0010899756375823578,0.00020037299858008536,0.00041507505737611644,-0.0010942842252757727,-0.002261961050100425,-0.004270805453851646,0.006237398336628624,-0.0009410261829732691
IND517408AAA,0.0,1,0,0.0,0.0,0.0,Palamaner_Lakshmi_D (Andhra Pradesh),0.0,0.04568575290742488,0.028027709340707155,0.028751805905833903,-0.007031857831923811,-0.05692867434698381,-0.03831389794419601,-0.02951248274273463,-0.05709497334575064,-0.001345184138175741,0.028102123189991418,-0.004079728187516934,0.023518040312122707,1.477174388983892e-15,3.6805285811840275e-15,-2.370708151021396e-15,8.560612097134343e-15
IND686141AAA,0.0,1,0,0.0,0.0,0.0,Vaikom_KotyamRD_D (Kerala),0.0,-0.0016339014750695016,-0.0022015648276489494,0.001474807863768577,-0.0021592702293541767,-0.001039394206021149,0.0011693261878961579,0.0005908324820180987,0.0021835098117737517,0.0010899756375833778,0.00020037299857565794,0.0004150750573717336,-0.0010942842252824078,0.003893347928944469,0.03675800161782264,0.01780331254650316,0.01602864548266436
IND500084AAB,0.0,1,0,0.0,0.0,0.0,Hyderabad_Kondapur_D (Telangana),0.0,-0.0016339014750702972,-0.0022015648276481523,0.0014748078637692895,-0.002159270229354644,-0.0010393942060210103,0.0011693261878977768,0.000590832482017976,0.0021835098117720117,0.001089975637580969,0.0002003729985797597,0.00041507505737584577,-0.0010942842252773739,-0.00043783506724057164,0.0032708732322233227,0.0003518298264927993,-0.004388795153486512
IND282005AAA,0.0,1,0,0.0,0.0,0.0,Agra (Uttar Pradesh),0.0,-0.001633901475069972,-0.002201564827648002,0.0014748078637695841,-0.002159270229354159,-0.0010393942060211677,0.0011693261878977228,0.0005908324820178355,0.002183509811771821,0.0010899756375818638,0.0002003729985795368,0.0004150750573760353,-0.0010942842252787903,-0.002682397721800391,-0.001990907325251386,-0.005704606111768724,0.002659282998337765
IND176001AAA,0.0,1,0,0.0,0.0,0.0,Kangra_Gurkhari_D (Himachal Pradesh),0.0,-0.005878480317661359,-0.028110343139739414,0.020801580354100853,0.00015100339079284297,-0.015176341190436923,-0.008300996961465473,-0.008247193332404729,0.03836921126522353,-0.00040478695255892304,0.007998718302100348,-0.002228518682720564,0.002058275225442706,4.902385996326056e-16,7.922486009106334e-16,-2.3723727653763676e-16,1.3017074528301668e-15
IND148024AAB,0.0,1,0,0.0,0.0,0.0,Dhuri_DMComDPP_D (Punjab),0.0,-0.0016339014750703681,-0.0022015648276483557,0.001474807863769041,-0.002159270229355048,-0.0010393942060209279,0.0011693261878977096,0.0005908324820180391,0.002183509811772054,0.0010899756375823298,0.00020037299858047892,0.0004150750573764141,-0.0010942842252763172,-0.0018911002856281654,0.0005065844905468647,-0.0038488067550935604,-0.0037824503077487836
IND473551AAA,0.0,1,0,0.0,0.0,0.0,Shivpuri_BypassRD_D (Madhya Pradesh),0.0,-0.0016339014750700231,-0.0022015648276480274,0.001474807863769505,-0.002159270229354323,-0.001039394206021135,0.0011693261878977443,0.0005908324820179957,0.002183509811771857,0.0010899756375817346,0.0002003729985794609,0.0004150750573756419,-0.0010942842252800078,-0.0029080806089094406,-0.002787856734238524,-0.007724454086592237,0.007486022999709779
IND600056AAD,0.0,1,0,0.0,0.0,0.0,Chennai_Poonamallee_L (Tamil Nadu),0.0,-0.001633901475070199,-0.002201564827648919,0.0014748078637696412,-0.002159270229353909,-0.001039394206020979,0.00116932618789774,0.0005908324820181622,0.0021835098117719293,0.001089975637580785,0.00020037299857912305,0.00041507505737598823,-0.0010942842252773931,0.0003741573275570572,0.0047794122682285655,0.0004659697060933336,-0.0038928489887945753
IND733210AAA,0.0,2,0,0.0,0.0,0.0,Lodhan_GoalpDPP_D (West Bengal),0.0,-0.04154577471591049,0.13034965072230323,0.0097347231144716,0.08167939255281018,-0.0667108638252144,-0.07376093048751498,0.029662044612935468,0.00025910052540272996,0.026378054302823684,0.014406128540775914,0.0284840754957953,-0.04226978318693584,-3.867256733187396e-15,-4.888254173100748e-15,4.938495080094931e-15,-1.1149759804042512e-14
IND389230AAB,0.0,1,0,0.0,0.0,0.0,Lunawada_VrdhriRD_D (Gujarat),0.0,-0.001633901475070037,-0.0022015648276487564,0.0014748078637695226,-0.0021592702293548407,-0.0010393942060214472,0.0011693261878975166,0.0005908324820179177,0.002183509811772002,0.0010899756375809667,0.00020037299858070279,0.0004150750573764535,-0.0010942842252769642,-0.0015694622507006675,0.0011911749298667183,-0.0028230692226881705,-0.004073702201660228
IND506164AAA,0.0,1,0,0.0,0.0,0.0,Parkal_AmbedDPP_D (Telangana),0.0,-0.0016339014750705423,-0.0022015648276481805,0.0014748078637694278,-0.0021592702293546174,-0.00103939420602106,0.0011693261878977846,0.000590832482017918,0.00218350981177216,0.0010899756375801776,0.0002003729985801141,0.00041507505737627056,-0.0010942842252775785,-0.0005126483409781092,0.004176387045092841,0.0004572153982832309,-0.005926765853786329
IND741502AAB,0.0,1,0,0.0,0.0,0.0,Hanskhali_Central_D_1 (West Bengal),0.0,-0.0016339014750702966,-0.0022015648276480816,0.0014748078637692459,-0.0021592702293547253,-0.0010393942060210031,0.0011693261878978024,0.0005908324820180432,0.00218350981177202,0.0010899756375823935,0.0002003729985801134,0.00041507505737610473,-0.001094284225275722,-0.002295788927251718,-0.004367607279903481,0.0063882869070842445,-0.0009668730253519261
IND400078AAB,0.0,1,0,0.0,0.0,0.0,Mumbai_Bhandup West_Dc (Maharashtra),0.0,-0.0016339014750702237,-0.0022015648276479728,0.001474807863769282,-0.0021592702293547327,-0.001039394206021067,0.001169326187897771,0.0005908324820179935,0.0021835098117719783,0.00108997563758177,0.0002003729985797028,0.0004150750573755993,-0.001094284225277256,-0.0012282296090147151,0.0011786305786044165,-0.0009033407561379009,-0.0037011640879370217
IND505172AAA,0.0,1,0,0.0,0.0,0.0,Peddapalli_UdaynDPP_D (Telangana),0.0,-0.00163390147507032,-0.0022015648276480647,0.0014748078637692316,-0.002159270229354846,-0.001039394206021026,0.0011693261878977887,0.0005908324820177124,0.0021835098117720425,0.001089975637579973,0.0002003729985827819,0.00041507505737518554,-0.0010942842252770443,-0.0005821020435700452,0.005249269001931372,0.0005888453794905695,-0.008092070358093806
IND122015AAC,0.0,1,0,0.0,0.0,0.0,Unknown_Destination,0.0,-0.0016339014750701916,-0.002201564827648095,0.0014748078637693526,-0.0021592702293545853,-0.0010393942060210558,0.0011693261878977645,0.0005908324820180252,0.00218350981177196,0.001089975637581643,0.00020037299857929213,0.0004150750573757925,-0.0010942842252775649,-0.001956476693235686,-0.0006306844265212679,-0.0030729838135957113,-0.0013559453287604962
IND620012AAA,0.0,2,0,0.0,0.0,0.0,Tiruchi_Manikndm_H (Tamil Nadu),0.0,0.0022698780257623735,-0.0012637054261883537,0.0017770653115270155,0.0024618320465052542,-0.003319319430815192,-0.001824283948201502,0.002716801371543839,0.0020246725710992234,-0.0028196933049282587,0.003137094025511713,-0.001450998017706679,0.0020804919262401027,-1.4418325156164528e-16,4.253912991089934e-16,-6.48895259060432e-16,1.2425788921665777e-15
IND636005AAC,0.0,1,0,0.0,0.0,0.0,Salem_Kadtmpty_D (Tamil Nadu),0.0,-0.01884646040963631,-0.009029131798526215,-0.014643107655597615,-0.009311671601902133,0.031548788346197267,0.018559013541035087,-0.02275799690048417,0.03450117804906385,-0.031862140193078224,0.003723962570577917,-0.022195582095494375,0.03637089426174222,3.090157215836202e-15,4.551810011168333e-15,-4.244047332928419e-15,1.0356214122773117e-14
IND394221AAA,0.0,1,0,0.0,0.0,0.0,Surat_Pandesra_Gateway (Gujarat),0.0,-0.0016339014750702146,-0.002201564827648109,0.0014748078637693077,-0.002159270229354768,-0.001039394206021117,0.0011693261878977315,0.0005908324820180362,0.0021835098117719922,0.0010899756375814342,0.000200372998579798,0.00041507505737586534,-0.0010942842252770688,-0.0007403399304585757,0.0018665673376902674,-0.0012343023369957293,-0.003139251922426124
IND711409AAA,0.0,1,0,0.0,0.0,0.0,Howrah_Salap_DC (West Bengal),0.0,-0.001633901475070976,-0.002201564827648103,0.0014748078637691895,-0.0021592702293547475,-0.0010393942060209524,0.001169326187897831,0.0005908324820179179,0.002183509811772464,0.0010899756375827413,0.00020037299858080971,0.0004150750573771174,-0.001094284225275858,-0.002541560832609204,-0.00515357539638822,0.0076421385671607694,-0.0011929611441440086
IND761020AAA,0.0,1,0,0.0,0.0,0.0,Berhampur_Chatrpr_DC (Orissa),0.0,-0.001633901475070416,-0.002201564827648015,0.0014748078637692238,-0.00215927022935485,-0.0010393942060210378,0.0011693261878977898,0.0005908324820181509,0.0021835098117720547,0.001089975637581129,0.00020037299857967545,0.00041507505737622513,-0.0010942842252772587,-0.0006960064136327872,0.0014726477303619442,0.0016105599994072836,-0.003245461579867548
IND360050AAA,0.0,1,0,0.0,0.0,0.0,Jasdan_MotiDPP_D (Gujarat),0.0,-0.05016001899883337,-0.07391353442572637,-0.07091183892664914,0.026731692612941237,0.11513948854512647,-0.12914092968607188,0.10100813976739553,-0.00013172527674840814,0.13480188998611656,0.046312682911479636,-0.12900981723635022,-0.10334693310071373,5.502310201557945e-15,9.642743458985418e-15,1.1690963429987095e-14,-3.9123302816885943e-16
IND495671AAA,0.0,1,0,0.0,0.0,0.0,Champa_Brplicwk_D (Chhattisgarh),0.0,-0.03286458589769245,0.028157325583824142,-0.05495358641373619,0.050466333897264334,0.020363167466146578,0.021965864731570802,-0.05734112026886948,0.031701354316213355,-0.07021899306061817,0.04713635101694865,-0.031178752250063196,0.034855438650092156,4.860824226461212e-15,7.79715443777496e-15,-3.658604251831843e-15,1.5169438704369447e-14
IND475661AAB,0.0,1,0,0.0,0.0,0.0,Datia_TownDPP_D (Madhya Pradesh),0.0,-0.0016339014750700303,-0.0022015648276480287,0.0014748078637695043,-0.0021592702293543255,-0.0010393942060211332,0.0011693261878977478,0.0005908324820179832,0.0021835098117718578,0.001089975637581732,0.00020037299857945948,0.00041507505737564015,-0.0010942842252800028,-0.002908080608909454,-0.00278785673423852,-0.007724454086592273,0.007486022999709799
IND110046AAA,0.0,1,0,0.0,0.0,0.0,Delhi_Lajwanti (Delhi),0.0,-0.0016339014750701602,-0.0022015648276480604,0.0014748078637693758,-0.002159270229354549,-0.0010393942060209927,0.0011693261878977642,0.0005908324820180349,0.0021835098117719423,0.001089975637581847,0.00020037299857939188,0.0004150750573758681,-0.0010942842252774547,-0.002194220365380218,-0.0012567948953920555,-0.0029677791299873735,-0.0007656787234984891
IND828205AAA,0.0,1,0,0.0,0.0,0.0,Nirsa_ShantiDPP_D (Jharkhand),0.0,-0.001633901475070054,-0.0022015648276480716,0.0014748078637693365,-0.0021592702293545944,-0.0010393942060210402,0.0011693261878977868,0.0005908324820180722,0.0021835098117718617,0.0010899756375819763,0.00020037299857976772,0.00041507505737550603,-0.001094284225277749,-0.0026960018522338195,-0.0043332825798216516,0.0008208025937224401,0.0031230562031379387
IND333502AAA,0.0,1,0,0.0,0.0,0.0,Buhana_CourtDPP_D (Rajasthan),0.0,-0.0016339014750705184,-0.002201564827647068,0.001474807863768977,-0.002159270229354652,-0.0010393942060206362,0.0011693261878980721,0.0005908324820185048,0.002183509811772012,0.0010899756375777315,0.00020037299857956624,0.0004150750573779688,-0.0010942842252748934,-0.001591776252882423,0.0021023601998150267,-0.004764927496488019,-0.005627928709724173
IND110085AAA,0.0,1,0,0.0,0.0,0.0,North Delhi (Delhi),0.0,-0.0016339014750701528,-0.002201564827648062,0.001474807863769385,-0.0021592702293545363,-0.001039394206021067,0.0011693261878977714,0.0005908324820180853,0.002183509811771933,0.0010899756375817226,0.00020037299857951068,0.0004150750573758716,-0.0010942842252775608,-0.0022080229915975766,-0.0012203959973790613,-0.0030700478974495836,-0.000860870154970134
IND683511AAB,0.0,1,0,0.0,0.0,0.0,Kerala_Cochin_L (Kerala),0.0,-0.0016339014750703339,-0.0022015648276481276,0.0014748078637692493,-0.0021592702293546295,-0.0010393942060209396,0.001169326187897808,0.0005908324820181961,0.002183509811772031,0.0010899756375811892,0.0002003729985791235,0.00041507505737565934,-0.0010942842252770401,0.0017973639137731873,0.006919446765092086,0.0019502919330908197,-0.0015708516268571708
IND302033AAB,0.0,1,0,0.0,0.0,0.0,Jaipur_Central_D_1 (Rajasthan),0.0,0.00619021337249959,-0.00469262582537356,0.01334201914076041,-0.0077941799410995,-0.009692031391717449,-0.0044973639204425155,0.007607952112082377,-0.008988039169708785,0.013518004607779247,-0.0020962111318062,0.009676212933406416,-0.014774234203030165,-1.0877170199834552e-15,-1.9160105482313546e-15,1.7258501028429796e-15,-4.120142983414793e-15
